TIMESTAMP,UserID,TaskID,RaycastCount,LassoCount,SelectedACount,SelectedBCount,UnselectedCount
138.9202,1,1,0,0,0,0,250
150.1869,1,1,1,0,1,0, 249
175.0535,1,1,1,0,2,0, 248
176.5202,1,1,1,0,3,0, 247
177.2202,1,1,1,0,4,0, 246
177.8202,1,1,1,0,5,0, 245
178.9702,1,1,1,0,6,0, 244
179.5202,1,1,1,0,7,0, 243
181.6536,1,1,0,113,120,0, 130
226.687,1,2,0,0,0,0,250
247.4203,1,2,0,109,109,0, 141
255.437,1,3,0,0,0,0,500
278.237,1,3,0,1,1,0, 499
278.637,1,3,0,4,5,0, 495
280.837,1,3,0,0,0,0, 500
286.0704,1,3,0,120,120,0, 380
300.4204,1,4,0,0,0,0,750
305.2704,1,4,0,8,8,0, 742
306.8704,1,4,0,0,0,0, 750
341.6705,1,4,0,110,110,0, 640
344.0204,1,5,0,0,0,0,500
383.1705,1,5,0,116,116,0, 384
385.4705,1,6,0,0,0,0,750
423.8206,1,6,0,94,94,0, 656
426.2206,1,7,0,0,0,0,250
437.9373,1,7,0,91,91,0, 159
442.0539,1,7,1,0,92,0, 158
446.2873,1,8,0,0,0,0,750
450.0872,1,8,0,6,6,0, 744
451.3706,1,8,0,0,0,0, 750
486.6373,1,8,0,94,94,0, 656
488.8207,1,9,0,0,0,0,250
494.454,1,9,0,91,91,0, 159
496.5707,1,10,0,0,0,0,250
500.704,1,10,0,90,90,0, 160
502.9207,1,11,0,0,0,0,750
507.904,1,11,0,136,136,0, 614
632.9042,1,12,0,0,0,0,250
643.2542,1,12,0,98,98,0, 152
646.5042,1,13,0,0,0,0,500
662.4376,1,13,0,124,124,0, 376
664.6209,1,14,0,0,0,0,500
669.8043,1,14,0,101,101,0, 399
672.1542,1,15,0,0,0,0,500
685.6043,1,15,0,121,121,0, 379
687.8709,1,16,0,0,0,0,500
688.7543,1,16,1,0,1,0, 499
689.4042,1,16,0,5,6,0, 494
690.7209,1,16,0,0,0,0, 500
692.0209,1,16,0,5,5,0, 495
693.0209,1,16,0,0,0,0, 500
698.9376,1,16,0,101,101,0, 399
700.9043,1,17,0,0,0,0,250
704.9045,1,17,0,96,96,0, 154
706.6876,1,18,0,0,0,0,750
712.3543,1,18,0,136,136,0, 614
740.5377,1,19,0,0,0,0,250
761.2377,1,19,0,104,104,0, 146
767.0877,1,20,0,0,0,0,250
782.1544,1,20,0,110,110,0, 140
798.0544,1,21,0,0,0,0,500
814.4045,1,21,0,96,96,0, 404
815.7211,1,21,1,0,95,0, 405
816.9711,1,21,1,0,94,0, 406
817.5378,1,21,1,0,93,0, 407
818.2211,1,21,1,0,92,0, 408
818.8712,1,21,1,0,91,0, 409
819.4545,1,21,1,0,90,0, 410
820.4711,1,21,1,0,89,0, 411
821.1545,1,21,1,0,88,0, 412
822.1711,1,21,1,0,87,0, 413
822.9711,1,21,1,0,86,0, 414
823.6212,1,21,1,0,85,0, 415
824.4045,1,21,1,0,84,0, 416
825.1211,1,21,1,0,83,0, 417
828.1212,1,21,1,0,82,0, 418
829.3378,1,21,1,0,81,0, 419
830.7378,1,21,1,0,80,0, 420
831.9211,1,21,1,0,79,0, 421
833.9378,1,21,1,0,78,0, 422
837.2878,1,21,1,0,77,0, 423
863.0045,1,22,0,0,0,0,500
868.4212,1,23,0,0,0,0,250
883.8046,1,23,0,100,100,0, 150
886.0378,1,23,1,0,99,0, 151
887.2712,1,23,1,0,98,0, 152
888.4713,1,23,1,0,97,0, 153
889.7379,1,23,1,0,96,0, 154
890.3212,1,23,1,0,95,0, 155
891.0212,1,23,1,0,94,0, 156
891.7712,1,23,1,0,93,0, 157
892.7213,1,23,1,0,92,0, 158
893.3712,1,23,1,0,91,0, 159
894.0046,1,23,1,0,90,0, 160
894.7046,1,23,1,0,89,0, 161
895.6713,1,23,1,0,88,0, 162
896.5712,1,23,1,0,87,0, 163
897.9546,1,23,1,0,86,0, 164
899.4046,1,23,1,0,85,0, 165
900.0212,1,23,1,0,84,0, 166
900.8546,1,23,1,0,83,0, 167
902.8379,1,23,1,0,82,0, 168
903.4879,1,23,1,0,81,0, 169
904.1713,1,23,1,0,80,0, 170
906.2379,1,23,1,0,79,0, 171
908.1546,1,23,1,0,78,0, 172
909.7213,1,23,1,0,77,0, 173
910.2879,1,23,1,0,78,0, 172
913.8379,1,24,0,0,0,0,750
932.5713,1,24,0,92,92,0, 658
933.6213,1,24,1,0,93,0, 657
934.0546,1,24,1,0,94,0, 656
935.0546,1,24,1,0,95,0, 655
937.8213,1,24,1,0,94,0, 656
938.9047,1,24,1,0,93,0, 657
939.6547,1,24,1,0,92,0, 658
942.7213,1,24,1,0,91,0, 659
943.5213,1,24,1,0,90,0, 660
949.388,1,24,1,0,89,0, 661
953.388,1,24,1,0,88,0, 662
956.6713,1,25,0,0,0,0,750
967.8713,1,25,0,73,73,0, 677
969.4213,1,25,1,0,72,0, 678
970.3713,1,25,1,0,71,0, 679
971.3881,1,25,1,0,70,0, 680
972.6879,1,25,1,0,69,0, 681
973.638,1,25,1,0,68,0, 682
975.038,1,25,1,0,67,0, 683
975.7213,1,25,1,0,66,0, 684
977.5714,1,25,1,0,65,0, 685
978.188,1,25,1,0,64,0, 686
980.6047,1,25,1,0,63,0, 687
984.0047,1,26,0,0,0,0,750
996.6714,1,26,0,207,207,0, 543
999.0047,1,26,1,0,206,0, 544
1003.488,1,26,1,0,205,0, 545
1006.488,1,26,1,0,204,0, 546
1010.288,1,26,1,0,203,0, 547
1011.421,1,26,1,0,202,0, 548
1013.288,1,26,1,0,201,0, 549
1013.921,1,26,1,0,200,0, 550
1015.021,1,26,1,0,199,0, 551
1018.871,1,26,1,0,198,0, 552
1019.855,1,26,1,0,197,0, 553
1020.721,1,26,1,0,196,0, 554
1021.588,1,26,1,0,195,0, 555
1022.905,1,26,1,0,194,0, 556
1024.138,1,26,1,0,193,0, 557
1025.055,1,26,1,0,192,0, 558
1025.905,1,26,1,0,191,0, 559
1029.405,1,26,1,0,190,0, 560
1030.155,1,26,1,0,189,0, 561
1030.821,1,26,1,0,188,0, 562
1032.371,1,26,1,0,187,0, 563
1033.171,1,26,1,0,186,0, 564
1033.938,1,26,1,0,185,0, 565
1034.438,1,26,1,0,184,0, 566
1034.871,1,26,1,0,183,0, 567
1035.338,1,26,1,0,182,0, 568
1036.705,1,26,1,0,181,0, 569
1039.488,1,27,0,0,0,0,250
1047.805,1,27,0,103,103,0, 147
1049.388,1,27,1,0,102,0, 148
1050.171,1,27,1,0,101,0, 149
1051.155,1,27,1,0,100,0, 150
1051.905,1,27,1,0,99,0, 151
1052.921,1,27,1,0,98,0, 152
1053.922,1,27,1,0,97,0, 153
1054.555,1,27,1,0,96,0, 154
1055.838,1,27,1,0,95,0, 155
1056.638,1,27,1,0,94,0, 156
1057.405,1,27,1,0,95,0, 155
1058.755,1,27,1,0,94,0, 156
1060.205,1,27,1,0,93,0, 157
1061.338,1,27,1,0,92,0, 158
1062.905,1,27,1,0,91,0, 159
1063.738,1,27,1,0,90,0, 160
1064.605,1,27,1,0,89,0, 161
1065.738,1,27,1,0,88,0, 162
1066.621,1,27,1,0,87,0, 163
1068.571,1,27,1,0,86,0, 164
1070.105,1,27,1,0,85,0, 165
1071.138,1,27,1,0,84,0, 166
1071.838,1,27,1,0,83,0, 167
1077.222,1,28,0,0,0,0,250
1092.172,1,28,0,86,86,0, 164
1093.155,1,28,1,0,87,0, 163
1093.505,1,28,1,0,88,0, 162
1093.872,1,28,1,0,89,0, 161
1094.305,1,28,1,0,90,0, 160
1096.822,1,28,1,0,89,0, 161
1097.588,1,28,1,0,88,0, 162
1098.438,1,28,1,0,87,0, 163
1099.055,1,28,1,0,86,0, 164
1099.972,1,28,1,0,85,0, 165
1100.788,1,28,1,0,84,0, 166
1104.155,1,28,1,0,85,0, 165
1106.338,1,28,1,0,84,0, 166
1110.188,1,29,0,0,0,0,500
1118.905,1,29,0,125,125,0, 375
1120.055,1,29,1,0,124,0, 376
1120.622,1,29,1,0,123,0, 377
1121.422,1,29,1,0,122,0, 378
1122.422,1,29,1,0,121,0, 379
1124.222,1,29,1,0,120,0, 380
1124.972,1,29,1,0,119,0, 381
1125.755,1,29,1,0,118,0, 382
1127.655,1,29,1,0,117,0, 383
1128.688,1,29,1,0,116,0, 384
1130.021,1,29,1,0,115,0, 385
1130.572,1,29,1,0,114,0, 386
1133.088,1,29,1,0,113,0, 387
1135.838,1,29,1,0,112,0, 388
1136.472,1,29,1,0,111,0, 389
1137.222,1,29,1,0,110,0, 390
1138.972,1,29,1,0,109,0, 391
1139.771,1,29,1,0,108,0, 392
1141.605,1,29,1,0,107,0, 393
1142.038,1,29,1,0,106,0, 394
1142.788,1,29,1,0,105,0, 395
1144.172,1,29,1,0,104,0, 396
1145.555,1,29,1,0,103,0, 397
1147.022,1,29,1,0,102,0, 398
1147.872,1,29,1,0,101,0, 399
1149.105,1,29,1,0,100,0, 400
1149.805,1,29,1,0,99,0, 401
1151.105,1,29,1,0,98,0, 402
1152.055,1,29,1,0,97,0, 403
1154.055,1,29,1,0,96,0, 404
1155.738,1,29,1,0,95,0, 405
1160.072,1,30,0,0,0,0,250
1180.655,1,30,0,126,126,0, 124
1184.238,1,30,1,0,125,0, 125
1185.438,1,30,1,0,124,0, 126
1186.655,1,30,1,0,123,0, 127
1187.405,1,30,1,0,122,0, 128
1187.938,1,30,1,0,121,0, 129
1189.238,1,30,1,0,120,0, 130
1191.255,1,30,1,0,119,0, 131
1192.055,1,30,1,0,118,0, 132
1193.438,1,30,1,0,117,0, 133
1194.188,1,30,1,0,116,0, 134
1195.805,1,30,1,0,115,0, 135
1196.755,1,30,1,0,114,0, 136
1197.372,1,30,1,0,113,0, 137
1198.438,1,30,1,0,112,0, 138
1201.272,1,31,0,0,0,0,500
1209.005,1,31,0,134,134,0, 366
1211.022,1,32,0,0,0,0,750
1220.238,1,32,0,76,76,0, 674
1221.738,1,32,1,0,75,0, 675
1222.338,1,32,1,0,74,0, 676
1223.755,1,32,1,0,73,0, 677
1224.772,1,32,1,0,74,0, 676
1226.205,1,32,1,0,75,0, 675
1227.272,1,32,1,0,74,0, 676
1228.305,1,32,1,0,73,0, 677
1230.588,1,32,1,0,72,0, 678
1231.755,1,32,1,0,71,0, 679
1232.672,1,32,1,0,72,0, 678
1233.838,1,32,1,0,71,0, 679
1237.022,1,33,0,0,0,0,500
1246.388,1,33,0,130,130,0, 370
1249.055,1,33,1,0,129,0, 371
1250.288,1,33,1,0,128,0, 372
1251.472,1,33,1,0,127,0, 373
1252.722,1,33,1,0,126,0, 374
1254.038,1,33,1,0,125,0, 375
1256.322,1,33,1,0,124,0, 376
1257.338,1,33,1,0,123,0, 377
1258.272,1,33,1,0,122,0, 378
1259.838,1,33,1,0,121,0, 379
1261.738,1,33,1,0,120,0, 380
1262.422,1,33,1,0,121,0, 379
1262.938,1,33,1,0,122,0, 378
1264.272,1,33,1,0,121,0, 379
1266.055,1,33,1,0,120,0, 380
1266.938,1,33,1,0,119,0, 381
1267.522,1,33,1,0,118,0, 382
1268.555,1,33,1,0,117,0, 383
1269.872,1,33,1,0,116,0, 384
1270.905,1,33,1,0,115,0, 385
1271.455,1,33,1,0,114,0, 386
1272.338,1,33,1,0,113,0, 387
1272.938,1,33,1,0,112,0, 388
1273.555,1,33,1,0,111,0, 389
1275.305,1,33,1,0,110,0, 390
1276.622,1,33,1,0,109,0, 391
1278.355,1,33,1,0,108,0, 392
1279.005,1,33,1,0,107,0, 393
1279.588,1,33,1,0,106,0, 394
1280.722,1,33,1,0,105,0, 395
1281.488,1,33,1,0,104,0, 396
1282.022,1,33,1,0,103,0, 397
1282.855,1,33,1,0,102,0, 398
1284.255,1,33,1,0,101,0, 399
1289.188,1,34,0,0,0,0,500
1295.888,1,34,0,84,84,0, 416
1297.338,1,34,1,0,83,0, 417
1297.972,1,34,1,0,82,0, 418
1299.089,1,34,1,0,81,0, 419
1299.688,1,34,1,0,80,0, 420
1300.305,1,34,1,0,79,0, 421
1301.405,1,34,1,0,78,0, 422
1302.305,1,34,1,0,77,0, 423
1303.155,1,34,1,0,76,0, 424
1303.705,1,34,1,0,75,0, 425
1304.788,1,34,1,0,74,0, 426
1305.605,1,34,1,0,73,0, 427
1306.322,1,34,1,0,72,0, 428
1306.755,1,34,1,0,71,0, 429
1307.772,1,34,1,0,70,0, 430
1308.388,1,34,1,0,69,0, 431
1308.839,1,34,1,0,68,0, 432
1309.355,1,34,1,0,67,0, 433
1312.022,1,34,1,0,66,0, 434
1312.905,1,34,1,0,65,0, 435
1316.755,1,35,0,0,0,0,750
1323.989,1,35,0,145,145,0, 605
1325.622,1,35,1,0,144,0, 606
1326.655,1,35,1,0,143,0, 607
1327.589,1,35,1,0,142,0, 608
1328.505,1,35,1,0,141,0, 609
1329.305,1,35,1,0,140,0, 610
1330.105,1,35,1,0,139,0, 611
1331.339,1,35,1,0,138,0, 612
1332.422,1,35,1,0,137,0, 613
1334.772,1,35,1,0,136,0, 614
1336.322,1,35,1,0,135,0, 615
1337.222,1,35,1,0,134,0, 616
1338.122,1,35,1,0,133,0, 617
1341.972,1,36,0,0,0,0,250
1355.072,1,36,0,83,83,0, 167
1357.139,1,36,1,0,82,0, 168
1357.939,1,36,1,0,81,0, 169
1358.522,1,36,1,0,80,0, 170
1359.755,1,36,1,0,79,0, 171
1360.222,1,36,1,0,78,0, 172
1360.955,1,36,1,0,77,0, 173
1363.289,1,36,1,0,76,0, 174
1364.272,1,36,1,0,75,0, 175
1365.972,1,36,1,0,74,0, 176
1367.405,1,36,1,0,73,0, 177
1376.755,1,37,0,0,0,0,200
1385.055,1,37,0,86,86,0, 114
1387.355,1,37,0,94,180,0, 20
1389.355,1,37,1,0,179,1, 20
1390.855,1,37,1,0,178,2, 20
1391.939,1,37,1,0,177,3, 20
1393.822,1,37,1,0,176,4, 20
1394.839,1,37,1,0,175,5, 20
1396.405,1,37,1,0,174,6, 20
1398.255,1,37,1,0,173,7, 20
1399.255,1,37,1,0,172,8, 20
1401.939,1,37,1,0,171,9, 20
1403.372,1,37,1,0,170,10, 20
1404.205,1,37,1,0,169,11, 20
1405.005,1,37,1,0,168,12, 20
1406.255,1,37,1,0,167,13, 20
1407.189,1,37,1,0,166,14, 20
1408.155,1,37,1,0,165,15, 20
1409.655,1,37,1,0,164,16, 20
1410.505,1,37,1,0,163,17, 20
1411.405,1,37,1,0,162,18, 20
1414.539,1,37,1,0,161,19, 20
1416.355,1,37,1,0,160,20, 20
1418.072,1,37,1,0,159,21, 20
1418.822,1,37,1,0,158,22, 20
1420.689,1,37,1,0,157,23, 20
1421.989,1,37,1,0,156,24, 20
1423.155,1,37,1,0,155,25, 20
1424.105,1,37,1,0,154,26, 20
1424.922,1,37,1,0,153,27, 20
1425.422,1,37,1,0,152,28, 20
1430.489,1,37,1,0,151,29, 20
1438.922,1,37,1,0,151,28, 21
1441.689,1,37,0,4,151,24, 25
1444.272,1,37,0,3,151,21, 28
1445.889,1,37,0,1,151,20, 29
1446.739,1,37,1,0,151,19, 30
1447.639,1,37,1,0,151,18, 31
1448.222,1,37,1,0,151,17, 32
1450.855,1,37,0,7,151,10, 39
1454.139,1,37,0,7,151,3, 46
1458.489,1,37,0,2,151,1, 48
1464.472,1,37,0,4,147,1, 52
1466.489,1,37,0,6,141,1, 58
1468.156,1,37,0,1,140,1, 59
1469.655,1,37,0,2,138,1, 61
1472.122,1,37,0,4,134,1, 65
1474.622,1,37,0,2,132,1, 67
1485.139,1,38,0,0,0,0,200
1492.505,1,38,0,95,95,0, 105
1496.972,1,38,0,78,95,78, 27
1503.455,1,38,0,3,92,78, 30
1505.105,1,38,0,1,91,78, 31
1508.255,1,38,0,2,89,78, 33
1511.039,1,38,0,8,84,75, 41
1557.022,1,39,0,0,0,0,200
1568.239,1,39,0,96,96,0, 104
1572.256,1,39,0,100,96,100, 4
1579.772,1,39,0,4,92,100, 8
1581.689,1,39,0,2,90,100, 10
1583.005,1,39,0,1,89,100, 11
1585.589,1,39,0,4,89,96, 15
1588.656,1,39,0,3,89,93, 18
1590.422,1,39,0,2,89,91, 20
1592.539,1,39,0,2,89,89, 22
1595.006,1,39,0,2,89,87, 24
1597.939,1,39,0,2,89,85, 26
1599.906,1,39,0,1,89,84, 27
1602.689,1,39,0,2,89,82, 29
1607.656,1,39,0,1,89,81, 30
1609.839,1,39,0,1,89,80, 31
1611.672,1,39,0,1,89,79, 32
1614.389,1,39,0,3,86,79, 35
1618.106,1,39,0,1,85,79, 36
1619.172,1,39,1,0,84,79, 37
1621.222,1,39,0,6,78,79, 43
1641.306,1,40,0,0,0,0,200
1648.489,1,40,0,90,90,0, 110
1652.356,1,40,0,83,90,83, 27
1654.189,1,41,0,0,0,0,200
1663.806,1,41,0,94,94,0, 106
1667.089,1,41,0,89,94,89, 17
1672.239,1,41,0,3,94,86, 20
1674.789,1,41,0,3,94,83, 23
1678.522,1,41,0,3,94,80, 26
1682.922,1,41,0,4,90,80, 30
1684.256,1,41,0,2,88,80, 32
1687.539,1,41,0,2,86,80, 34
1688.889,1,41,0,3,83,80, 37
1690.039,1,41,0,1,82,80, 38
1692.539,1,41,0,4,78,80, 42
1694.956,1,41,0,3,78,77, 45
1697.722,1,41,0,4,78,73, 49
1701.606,1,41,0,2,78,71, 51
1706.872,1,42,0,0,0,0,200
1714.806,1,42,0,85,85,0, 115
1718.556,1,42,0,84,85,84, 31
1727.789,1,42,1,0,85,83, 32
1728.322,1,42,0,1,85,82, 33
1729.556,1,42,0,1,85,81, 34
1733.606,1,42,0,5,80,81, 39
1734.839,1,42,0,1,79,81, 40
1737.022,1,42,0,1,78,81, 41
1739.972,1,42,0,2,76,81, 43
1742.706,1,42,0,2,76,79, 45
1752.256,1,42,0,1,76,78, 46
1752.622,1,42,1,0,76,77, 47
1754.739,1,43,0,0,0,0,200
1762.106,1,43,1,0,1,0, 199
1762.739,1,43,0,101,102,0, 98
1764.022,1,43,0,89,191,0, 9
1770.439,1,43,0,5,186,0, 14
1773.439,1,43,0,3,183,0, 17
1774.556,1,43,0,1,182,0, 18
1776.139,1,43,0,1,181,0, 19
1781.539,1,43,0,4,177,0, 23
1783.122,1,43,0,2,175,0, 25
1785.439,1,43,0,1,174,0, 26
1789.739,1,43,0,2,172,0, 28
1790.606,1,43,0,2,170,0, 30
1792.739,1,43,0,3,167,0, 33
1795.656,1,43,0,2,165,0, 35
1798.272,1,44,0,0,0,0,200
1805.189,1,44,0,90,90,0, 110
1809.323,1,44,0,78,90,78, 32
1814.256,1,44,0,2,90,76, 34
1815.189,1,44,0,1,89,76, 35
1816.539,1,44,0,2,87,76, 37
1817.239,1,44,0,1,86,76, 38
1818.223,1,44,0,1,85,76, 39
1820.123,1,44,0,2,83,76, 41
1821.656,1,44,0,1,82,76, 42
1822.672,1,44,0,1,81,76, 43
1825.039,1,44,0,1,81,75, 44
1827.506,1,44,0,4,80,72, 48
1833.739,1,44,0,2,80,70, 50
1835.706,1,44,0,2,80,68, 52
1836.806,1,44,0,1,80,67, 53
1839.106,1,45,0,0,0,0,200
1856.739,1,45,0,94,94,0, 106
1860.356,1,45,0,76,94,76, 30
1863.356,1,46,0,0,0,0,200
1866.123,1,46,0,92,92,0, 108
1867.189,1,46,0,93,185,0, 15
1874.206,1,46,0,8,177,0, 23
1875.906,1,46,0,4,173,0, 27
1877.456,1,46,0,6,167,0, 33
1879.423,1,46,0,3,164,0, 36
1881.506,1,46,0,3,161,0, 39
1883.806,1,46,0,3,158,0, 42
1885.473,1,46,0,3,155,0, 45
1887.039,1,46,0,4,151,0, 49
1888.573,1,46,0,1,150,0, 50
1890.739,1,46,0,2,148,0, 52
1892.923,1,46,0,1,147,0, 53
1894.773,1,46,0,1,146,0, 54
1896.523,1,46,0,1,145,0, 55
1899.773,1,46,0,1,144,0, 56
1907.239,1,46,0,2,142,0, 58
1909.773,1,46,0,2,140,0, 60
1913.306,1,46,0,2,138,0, 62
1914.906,1,46,0,4,134,0, 66
1919.656,1,47,0,0,0,0,200
1927.773,1,47,0,87,87,0, 113
1932.023,1,47,0,80,83,80, 37
1938.189,1,47,0,5,82,76, 42
1939.989,1,47,0,1,81,76, 43
1941.539,1,47,0,1,81,75, 44
1942.556,1,47,0,1,81,74, 45
1944.673,1,47,0,2,81,72, 47
1946.473,1,47,0,4,81,68, 51
1948.673,1,47,0,6,75,68, 57
2074.689,1,48,0,0,0,0,200
2080.273,1,48,0,85,85,0, 115
2083.439,1,48,0,81,85,81, 34
2085.39,1,49,0,0,0,0,200
2087.523,1,49,0,87,87,0, 113
2091.39,1,49,0,79,87,79, 34
2099.29,1,49,0,3,87,76, 37
2101.023,1,49,0,3,87,73, 40
2103.356,1,49,0,1,86,73, 41
2107.023,1,49,0,2,86,71, 43
2108.89,1,49,0,1,86,70, 44
2112.09,1,49,0,4,86,66, 48
2114.306,1,49,0,2,86,64, 50
2116.34,1,49,0,1,86,63, 51
2118.073,1,49,0,2,86,61, 53
2120.156,1,49,0,1,85,61, 54
2122.173,1,49,0,1,84,61, 55
2124.19,1,49,0,1,83,61, 56
2125.69,1,49,1,0,84,61, 55
2126.406,1,49,0,2,82,61, 57
2130.173,1,49,0,2,82,59, 59
2135.69,1,49,0,2,82,57, 61
2136.973,1,49,0,1,82,56, 62
2138.173,1,49,0,1,82,55, 63
2143.973,1,50,0,0,0,0,200
2152.706,1,50,0,88,88,0, 112
2156.69,1,50,0,86,82,86, 32
2162.623,1,50,0,3,79,86, 35
2163.623,1,50,0,1,78,86, 36
2165.106,1,50,0,3,75,86, 39
2166.056,1,50,0,1,75,85, 40
2167.79,1,50,0,3,74,83, 43
2169.073,1,50,0,1,73,83, 44
2170.34,1,50,0,5,72,79, 49
2176.007,1,50,0,3,70,78, 52
2178.273,1,50,0,1,70,77, 53
2180.473,1,50,0,1,69,77, 54
2181.723,1,50,1,0,70,77, 53
2182.756,1,50,0,2,68,77, 55
2185.59,1,50,0,1,67,77, 56
2188.14,1,51,0,0,0,0,200
2194.723,1,51,0,148,148,0, 52
2199.89,1,51,0,3,145,0, 55
2201.973,1,51,0,2,143,0, 57
2203.89,1,51,0,1,142,0, 58
2206.756,1,51,0,4,138,0, 62
2212.506,1,51,0,2,136,0, 64
2214.14,1,51,0,3,133,0, 67
2215.373,1,51,1,0,134,0, 66
2216.706,1,51,0,3,131,0, 69
2218.19,1,51,0,2,129,0, 71
2220.823,1,51,0,2,127,0, 73
2223.74,1,51,0,2,125,0, 75
2226.906,1,51,0,2,123,0, 77
2230.94,1,51,0,3,120,0, 80
2234.273,1,52,0,0,0,0,200
2243.373,1,52,0,103,103,0, 97
2244.79,1,52,0,84,187,0, 13
2249.506,1,52,0,2,185,0, 15
2250.756,1,52,0,8,177,0, 23
2252.64,1,52,0,3,174,0, 26
2253.306,1,52,0,1,173,0, 27
2255.29,1,52,0,2,171,0, 29
2256.79,1,52,1,0,170,0, 30
2257.707,1,52,0,2,168,0, 32
2259.056,1,52,1,0,167,0, 33
2261.473,1,52,0,2,165,0, 35
2263.873,1,52,0,3,162,0, 38
2265.623,1,52,0,3,159,0, 41
2268.123,1,52,0,3,156,0, 44
2270.29,1,52,0,3,153,0, 47
2271.806,1,52,0,4,149,0, 51
2273.807,1,52,0,3,146,0, 54
2276.957,1,52,0,3,143,0, 57
2280.723,1,53,0,0,0,0,200
2284.406,1,53,0,105,105,0, 95
2285.39,1,53,0,81,186,0, 14
2292.273,1,53,0,4,182,0, 18
2293.356,1,53,0,3,179,0, 21
2294.273,1,53,0,2,177,0, 23
2295.406,1,53,0,1,176,0, 24
2296.523,1,53,0,3,173,0, 27
2297.69,1,53,0,1,172,0, 28
2299.507,1,53,0,1,171,0, 29
2304.09,1,53,0,3,168,0, 32
2305.69,1,53,0,1,167,0, 33
2307.89,1,53,0,1,166,0, 34
2309.373,1,53,0,3,163,0, 37
2311.906,1,53,0,1,162,0, 38
2313.09,1,53,0,1,161,0, 39
2315.573,1,53,1,0,162,0, 38
2316.707,1,53,0,1,161,0, 39
2319.207,1,54,0,0,0,0,200
2325.156,1,54,0,164,164,0, 36
2330.257,1,54,0,4,160,0, 40
2331.49,1,54,0,2,158,0, 42
2332.906,1,54,0,4,154,0, 46
2334.623,1,54,0,7,147,0, 53
2335.957,1,54,0,2,145,0, 55
2337.473,1,54,0,2,143,0, 57
2338.357,1,54,0,1,142,0, 58
2340.707,1,54,0,3,139,0, 61
2343.156,1,54,0,2,137,0, 63
2345.507,1,54,1,0,138,0, 62
2346.007,1,54,0,4,134,0, 66
2347.857,1,54,0,2,132,0, 68
2365.923,1,55,0,0,0,0,200
2374.906,1,55,0,189,189,0, 11
2377.157,1,55,0,1,188,0, 12
2377.907,1,55,0,1,187,0, 13
2378.64,1,55,0,1,186,0, 14
2380.34,1,55,0,2,184,0, 16
2381.257,1,55,0,2,182,0, 18
2382.673,1,55,0,1,181,0, 19
2384.19,1,55,0,2,179,0, 21
2385.14,1,55,0,1,178,0, 22
2386.523,1,55,0,1,177,0, 23
2388.14,1,55,0,4,173,0, 27
2390.74,1,55,0,1,172,0, 28
2393.24,1,55,0,1,171,0, 29
2394.19,1,55,0,1,170,0, 30
2396.757,1,55,0,1,169,0, 31
2398.24,1,55,0,1,168,0, 32
2402.373,1,55,0,2,166,0, 34
2411.757,1,55,0,1,165,0, 35
2413.907,1,55,0,1,164,0, 36
2425.873,1,56,0,0,0,0,200
2433.007,1,56,0,96,96,0, 104
2435.173,1,56,0,78,174,0, 26
2440.657,1,56,0,1,173,0, 27
2441.357,1,56,0,1,172,0, 28
2442.34,1,56,0,1,171,0, 29
2443.373,1,56,0,2,169,0, 31
2443.957,1,56,1,0,168,0, 32
2444.59,1,56,0,2,166,0, 34
2448.757,1,56,0,3,163,0, 37
2450.49,1,56,0,1,162,0, 38
2451.79,1,56,0,1,161,0, 39
2453.157,1,56,0,1,160,0, 40
2454.607,1,56,0,1,159,0, 41
2456.89,1,56,0,2,157,0, 43
2462.79,1,56,0,1,156,0, 44
2475.157,1,56,0,2,158,0, 42
2479.49,1,56,0,2,156,0, 44
2485.94,1,56,0,1,155,0, 45
2486.874,1,56,0,1,154,0, 46
2490.823,1,56,0,1,153,0, 47
2492.04,1,56,0,1,152,0, 48
2493.323,1,56,0,1,151,0, 49
2495.44,1,56,0,1,150,0, 50
2496.39,1,56,0,1,149,0, 51
2498.74,1,56,0,3,146,0, 54
2500.857,1,56,0,1,145,0, 55
2501.34,1,56,1,0,144,0, 56
2503.874,1,56,1,0,143,0, 57
2519.29,1,57,0,0,0,0,200
2525.69,1,57,0,91,91,0, 109
2531.424,1,57,0,90,181,0, 19
2534.29,1,57,0,3,178,0, 22
2535.99,1,57,0,3,175,0, 25
2537.74,1,57,0,7,168,0, 32
2539.34,1,57,0,4,164,0, 36
2540.14,1,57,1,0,165,0, 35
2544.374,1,57,0,7,158,0, 42
2546.507,1,57,0,7,151,0, 49
2549.657,1,57,0,7,144,0, 56
2551.357,1,57,0,2,142,0, 58
2553.707,1,57,0,5,137,0, 63
2554.54,1,57,0,2,135,0, 65
2555.64,1,57,0,2,133,0, 67
2556.474,1,57,0,1,132,0, 68
2558.374,1,57,0,1,131,0, 69
2560.09,1,57,0,1,130,0, 70
2563.307,1,57,0,3,127,0, 73
2563.84,1,57,1,0,126,0, 74
2576.557,1,58,0,0,0,0,200
2585.107,1,58,0,180,180,0, 20
2588.257,1,59,0,0,0,0,200
2594.874,1,59,0,195,195,0, 5
2596.457,1,60,0,0,0,0,200
2601.94,1,60,0,197,197,0, 3
2604.607,1,61,0,0,0,0,200
2610.574,1,61,0,181,181,0, 19
2613.09,1,62,0,0,0,0,200
2617.34,1,62,0,100,100,0, 100
2620.307,1,62,0,83,100,83, 17
2623.474,1,63,0,0,0,0,200
2630.057,1,63,1,0,1,0, 199
2633.174,1,63,0,189,190,0, 10
2635.79,1,63,0,2,188,0, 12
2636.74,1,63,0,2,186,0, 14
2638.09,1,63,0,2,184,0, 16
2639.557,1,63,0,4,180,0, 20
2640.124,1,63,1,0,181,0, 19
2640.657,1,63,0,3,178,0, 22
2641.54,1,63,0,1,177,0, 23
2643.357,1,63,0,5,172,0, 28
2645.44,1,63,0,2,170,0, 30
2646.307,1,63,0,1,169,0, 31
2648.774,1,64,0,0,0,0,200
2650.107,1,65,0,0,0,0,200
2653.924,1,65,1,0,1,0, 199
2656.74,1,65,1,0,2,0, 198
2658.024,1,65,0,70,72,0, 128
2660.274,1,65,0,118,190,0, 10
2662.757,1,65,0,2,188,0, 12
2663.49,1,65,0,1,187,0, 13
2664.74,1,65,0,3,184,0, 16
2665.34,1,65,0,2,182,0, 18
2667.107,1,65,0,2,180,0, 20
2669.257,1,65,0,4,176,0, 24
2669.607,1,65,1,0,177,0, 23
2669.957,1,65,0,3,174,0, 26
2672.407,1,65,0,5,169,0, 31
2674.757,1,65,0,2,167,0, 33
2676.857,1,65,0,2,165,0, 35
2890.707,1,66,0,0,0,0,200
2899.941,1,66,0,190,190,0, 10
2902.541,1,66,0,2,188,0, 12
2904.224,1,66,0,2,186,0, 14
2905.257,1,66,0,1,185,0, 15
2907.691,1,66,0,5,180,0, 20
2908.624,1,66,0,1,179,0, 21
2910.424,1,66,0,2,177,0, 23
2911.557,1,66,0,1,176,0, 24
2912.741,1,66,0,3,173,0, 27
2913.807,1,66,0,2,171,0, 29
2914.424,1,66,0,1,170,0, 30
2915.774,1,66,0,1,169,0, 31
2918.374,1,66,1,0,168,0, 32
2918.941,1,66,0,2,166,0, 34
2919.841,1,66,0,1,165,0, 35
2920.541,1,66,0,1,164,0, 36
2921.457,1,66,0,1,163,0, 37
2923.374,1,67,0,0,0,0,200
2929.007,1,67,0,182,182,0, 18
2933.174,1,67,0,1,181,0, 19
2934.424,1,67,0,1,180,0, 20
2935.091,1,67,0,1,179,0, 21
2935.924,1,67,0,3,176,0, 24
2936.774,1,67,0,1,175,0, 25
2937.507,1,67,0,2,173,0, 27
2939.524,1,67,0,3,170,0, 30
2940.674,1,67,0,1,169,0, 31
2943.391,1,67,0,2,167,0, 33
2945.041,1,67,0,2,165,0, 35
2946.091,1,67,0,2,163,0, 37
2947.157,1,67,1,0,164,0, 36
2947.557,1,67,1,0,165,0, 35
2951.074,1,67,0,3,162,0, 38
2952.157,1,67,0,1,161,0, 39
2953.157,1,67,0,2,159,0, 41
2954.174,1,67,0,1,158,0, 42
2954.907,1,67,0,1,157,0, 43
2956.074,1,67,0,2,155,0, 45
2956.708,1,67,1,0,156,0, 44
2957.157,1,67,1,0,157,0, 43
2958.841,1,67,0,2,155,0, 45
2960.508,1,67,0,2,153,0, 47
2963.391,1,67,0,1,152,0, 48
2964.174,1,67,0,1,151,0, 49
2965.174,1,67,0,2,149,0, 51
2965.841,1,67,0,1,148,0, 52
2966.374,1,67,0,1,147,0, 53
2969.441,1,68,0,0,0,0,200
2972.824,1,68,1,0,1,0, 199
2976.774,1,68,0,186,187,0, 13
2978.807,1,69,0,0,0,0,200
2982.691,1,69,0,193,193,0, 7
2984.991,1,69,0,3,190,0, 10
2985.841,1,69,0,4,186,0, 14
2986.857,1,69,0,1,185,0, 15
2988.224,1,69,0,3,182,0, 18
2989.958,1,69,0,5,177,0, 23
2991.208,1,69,0,1,176,0, 24
2993.324,1,70,0,0,0,0,200
2998.191,1,70,0,200,200,0, 0
3000.374,1,70,0,1,199,0, 1
3001.341,1,70,0,2,197,0, 3
3002.224,1,70,0,1,196,0, 4
3003.508,1,70,0,4,192,0, 8
3005.758,1,70,0,4,188,0, 12
3006.674,1,70,0,1,187,0, 13
3008.141,1,70,0,4,183,0, 17
3009.058,1,70,0,2,181,0, 19
3010.874,1,70,0,1,180,0, 20
3013.958,1,71,0,0,0,0,200
3020.058,1,71,0,193,193,0, 7
3021.374,1,72,0,0,0,0,200
3024.691,1,72,0,190,190,0, 10
111.7702,2,1,0,0,0,0,200
166.9369,2,1,1,0,0,1, 199
177.6536,2,1,1,0,0,2, 198
178.5369,2,1,1,0,0,3, 197
179.1703,2,1,1,0,0,4, 196
179.6536,2,1,1,0,0,5, 195
180.1536,2,1,1,0,0,6, 194
182.9536,2,1,1,0,0,7, 193
228.737,2,1,1,0,0,8, 192
230.987,2,1,1,0,0,9, 191
261.0204,2,1,1,0,0,10, 190
261.7537,2,1,1,0,0,11, 189
262.2538,2,1,1,0,0,12, 188
264.6703,2,1,0,40,0,52, 148
266.387,2,1,0,36,0,88, 112
267.8037,2,1,0,7,0,95, 105
269.8036,2,1,0,4,0,99, 101
304.0704,2,1,0,87,87,98, 15
306.6204,2,1,0,5,92,98, 10
307.8204,2,1,0,5,97,98, 5
308.7871,2,1,0,1,98,98, 4
309.7538,2,1,1,0,99,98, 3
330.2871,2,1,0,1,100,98, 2
342.5038,2,1,1,0,101,98, 1
343.5205,2,1,1,0,102,98, 0
352.1705,2,1,1,0,103,97, 0
361.1872,2,2,0,0,0,0,200
391.6372,2,2,0,86,86,0, 114
394.2872,2,2,0,8,94,0, 106
397.1039,2,2,0,5,99,0, 101
399.4539,2,2,0,1,100,0, 100
404.6372,2,2,0,98,100,98, 2
406.0039,2,2,0,2,100,100, 0
410.0872,2,3,0,0,0,0,200
452.2706,2,3,0,12,12,0, 188
454.4207,2,3,0,6,18,0, 182
456.5706,2,3,0,11,29,0, 171
459.1706,2,3,0,22,51,0, 149
461.9539,2,3,0,17,68,0, 132
463.204,2,3,0,1,69,0, 131
463.704,2,3,1,0,68,1, 131
465.6373,2,3,0,14,82,1, 117
466.304,2,3,1,0,81,2, 117
466.804,2,3,0,1,82,2, 116
469.5373,2,3,0,3,85,0, 115
470.604,2,3,1,0,86,0, 114
471.3206,2,3,1,0,87,0, 113
474.704,2,3,0,17,87,17, 96
477.554,2,3,0,43,87,60, 53
478.9373,2,3,0,1,87,61, 52
480.6206,2,3,0,2,87,63, 50
482.8373,2,3,0,2,87,65, 48
484.1873,2,3,0,7,87,72, 41
485.1208,2,3,0,6,87,78, 35
486.104,2,3,1,0,87,79, 34
486.6873,2,3,0,2,87,81, 32
492.4373,2,3,0,3,87,84, 29
493.9707,2,3,0,2,87,86, 27
498.1374,2,3,0,1,87,87, 26
498.9874,2,3,0,1,87,88, 25
502.2374,2,3,0,1,88,87, 25
503.4707,2,3,0,1,89,86, 25
517.5041,2,3,1,0,90,86, 24
519.004,2,3,1,0,91,86, 23
525.6874,2,3,0,1,91,87, 22
527.4874,2,3,0,6,91,93, 16
528.6541,2,3,0,1,91,94, 15
530.0707,2,3,0,1,91,95, 14
532.7541,2,3,0,4,91,99, 10
533.6708,2,3,1,0,91,100, 9
534.1375,2,3,1,0,91,101, 8
535.2374,2,3,0,1,91,102, 7
536.4874,2,3,0,4,91,106, 3
537.0708,2,3,1,0,91,107, 2
538.1207,2,3,1,0,91,108, 1
540.6541,2,3,1,0,91,109, 0
583.5543,2,4,0,0,0,0,200
670.8542,2,4,0,50,50,0, 150
678.1042,2,4,0,9,50,9, 141
679.2209,2,4,0,1,50,10, 140
681.4043,2,4,0,28,50,38, 112
683.8876,2,4,0,19,50,57, 93
687.3544,2,4,0,13,50,70, 80
692.2878,2,4,0,4,50,74, 76
698.371,2,4,0,20,70,74, 56
714.521,2,4,1,0,71,74, 55
719.3376,2,4,0,7,78,74, 48
724.4543,2,4,0,5,83,74, 43
725.8545,2,4,1,0,84,74, 42
727.8378,2,4,0,4,88,74, 38
738.871,2,4,0,13,88,87, 25
741.4877,2,4,0,4,88,91, 21
746.121,2,4,0,9,88,100, 12
748.7877,2,4,1,0,88,101, 11
755.5044,2,4,0,1,89,101, 10
761.321,2,4,1,0,90,101, 9
763.1544,2,4,1,0,91,101, 8
767.3211,2,4,1,0,91,102, 7
768.3544,2,4,1,0,91,103, 6
769.1044,2,4,1,0,91,104, 5
769.6544,2,4,1,0,91,105, 4
770.9377,2,4,1,0,91,106, 3
771.7377,2,4,0,1,91,107, 2
773.0544,2,4,1,0,91,108, 1
774.2878,2,4,1,0,91,107, 2
775.5045,2,4,0,2,91,109, 0
814.9378,2,5,0,0,0,0,200
865.6212,2,5,0,37,0,37, 163
868.3545,2,5,0,20,0,57, 143
869.3046,2,5,1,0,0,56, 144
869.8878,2,5,0,4,0,60, 140
871.4212,2,5,0,4,0,64, 136
872.3712,2,5,1,0,0,63, 137
873.0045,2,5,0,2,0,65, 135
874.3712,2,5,0,2,0,67, 133
887.938,2,5,0,86,86,67, 47
891.8879,2,5,0,12,98,67, 35
894.8379,2,5,0,8,106,67, 27
895.5379,2,5,1,0,105,68, 27
898.2046,2,5,0,1,106,68, 26
899.0045,2,5,1,0,107,67, 26
903.6713,2,5,0,3,110,64, 26
909.1713,2,5,0,8,110,72, 18
910.9213,2,5,0,7,110,79, 11
913.2546,2,5,0,10,110,89, 1
914.3213,2,5,1,0,110,90, 0
919.7213,2,6,0,0,0,0,200
964.9547,2,6,0,59,59,0, 141
966.5547,2,6,0,28,87,0, 113
967.7047,2,6,0,2,89,0, 111
969.4213,2,6,0,10,99,0, 101
972.4214,2,6,0,45,99,45, 56
974.6714,2,6,0,34,99,79, 22
977.1547,2,6,0,21,99,100, 1
980.5547,2,7,0,0,0,0,200
1020.555,2,7,0,62,62,0, 138
1028.938,2,7,0,93,62,93, 45
1031.338,2,7,0,24,62,117, 21
1034.021,2,7,0,6,62,123, 15
1034.755,2,7,1,0,62,124, 14
1036.655,2,7,0,7,62,131, 7
1037.705,2,7,0,1,62,132, 6
1040.238,2,7,0,4,62,136, 2
1041.388,2,7,0,1,62,137, 1
1042.621,2,7,1,0,62,138, 0
1045.871,2,8,0,0,0,0,200
1087.538,2,8,0,86,86,0, 114
1088.805,2,8,0,1,87,0, 113
1090.288,2,8,0,4,91,0, 109
1092.688,2,8,0,4,95,0, 105
1093.505,2,8,1,0,96,0, 104
1097.438,2,8,0,73,96,73, 31
1099.122,2,8,0,23,96,96, 8
1100.622,2,8,0,4,96,100, 4
1102.905,2,8,0,2,96,102, 2
1104.455,2,8,1,0,96,103, 1
1113.488,2,8,1,0,97,103, 0
1116.305,2,9,0,0,0,0,200
1144.422,2,9,0,99,99,0, 101
1146.288,2,9,0,1,100,0, 100
1149.655,2,9,0,15,100,15, 85
1151.355,2,9,0,56,100,71, 29
1153.688,2,9,0,17,100,88, 12
1155.755,2,9,0,6,100,94, 6
1158.222,2,9,0,2,100,96, 4
1159.488,2,9,0,4,100,100, 0
1161.805,2,10,0,0,0,0,200
1229.838,2,10,0,68,68,0, 132
1231.038,2,10,0,1,69,0, 131
1233.055,2,10,0,22,91,0, 109
1236.555,2,10,0,41,91,41, 68
1238.105,2,10,0,37,91,78, 31
1239.922,2,10,0,18,91,96, 13
1241.505,2,10,0,1,91,97, 12
1243.872,2,10,0,2,91,99, 10
1245.605,2,10,0,6,91,105, 4
1249.755,2,10,1,0,91,106, 3
1255.855,2,10,0,1,92,106, 2
1258.138,2,10,1,0,93,106, 1
1259.855,2,10,1,0,94,106, 0
1264.272,2,11,0,0,0,0,200
1287.222,2,11,0,82,82,0, 118
1288.489,2,11,0,8,90,0, 110
1289.888,2,11,0,2,92,0, 108
1299.972,2,11,0,91,92,91, 17
1302.172,2,11,0,12,92,103, 5
1303.572,2,11,1,0,92,104, 4
1308.705,2,11,1,0,93,104, 3
1309.589,2,11,1,0,94,104, 2
1311.222,2,11,1,0,95,104, 1
1313.005,2,11,1,0,96,104, 0
1437.872,2,12,0,0,0,0,200
1474.189,2,12,0,43,43,0, 157
1475.755,2,12,0,8,51,0, 149
1477.189,2,12,0,19,70,0, 130
1480.722,2,12,0,47,70,47, 83
1482.072,2,12,0,24,70,71, 59
1484.022,2,12,0,12,70,83, 47
1485.622,2,12,0,10,70,93, 37
1486.605,2,12,0,2,70,95, 35
1516.655,2,12,0,11,81,95, 24
1519.489,2,12,0,9,90,95, 15
1522.339,2,12,0,6,96,95, 9
1525.505,2,12,0,2,98,95, 7
1527.255,2,12,0,1,99,95, 6
1532.622,2,12,1,0,100,95, 5
1534.939,2,12,0,3,103,95, 2
1535.822,2,12,1,0,104,94, 2
1539.239,2,12,0,2,104,96, 0
1542.955,2,13,0,0,0,0,200
1551.556,2,13,0,87,87,0, 113
1553.355,2,13,0,6,93,0, 107
1558.855,2,13,0,105,93,105, 2
1562.889,2,13,1,0,94,105, 1
1566.539,2,14,0,0,0,0,200
1573.489,2,14,0,40,40,0, 160
1575.589,2,14,0,28,68,0, 132
1578.422,2,14,0,3,71,0, 129
1579.322,2,14,1,0,72,0, 128
1581.522,2,14,0,2,74,0, 126
1590.856,2,14,0,24,98,0, 102
1591.872,2,14,0,3,101,0, 99
1593.306,2,14,0,3,104,0, 96
1594.122,2,14,1,0,105,0, 95
1597.972,2,14,0,54,102,54, 44
1598.956,2,14,0,1,102,55, 43
1601.272,2,14,0,43,102,98, 0
1612.589,2,15,0,0,0,0,200
1636.889,2,15,0,68,68,0, 132
1638.789,2,15,0,19,87,0, 113
1639.739,2,15,0,1,88,0, 112
1642.089,2,15,0,6,94,0, 106
1644.889,2,15,0,6,94,6, 100
1646.156,2,15,0,46,94,52, 54
1647.639,2,15,0,34,94,86, 20
1649.322,2,15,0,14,94,100, 6
1650.572,2,15,0,1,94,101, 5
1651.656,2,15,0,1,94,102, 4
1656.989,2,15,0,4,94,106, 0
1659.156,2,16,0,0,0,0,200
1667.689,2,16,0,84,84,0, 116
1668.756,2,16,0,1,85,0, 115
1669.622,2,16,0,1,86,0, 114
1671.889,2,16,0,11,97,0, 103
1674.656,2,16,0,1,98,0, 102
1675.806,2,16,1,0,99,0, 101
1681.422,2,16,0,1,100,0, 100
1686.106,2,16,0,89,100,89, 11
1687.822,2,16,0,11,100,100, 0
1690.206,2,17,0,0,0,0,200
1694.872,2,17,0,1,1,0, 199
1699.606,2,17,0,46,47,0, 153
1700.989,2,17,0,19,66,0, 134
1702.239,2,17,0,6,72,0, 128
1721.622,2,17,0,9,81,0, 119
1723.139,2,17,0,3,84,0, 116
1726.706,2,17,1,0,83,1, 116
1730.156,2,17,1,0,84,0, 116
1731.072,2,17,1,0,85,0, 115
1732.322,2,17,0,1,86,0, 114
1734.089,2,17,0,3,89,0, 111
1735.189,2,17,0,2,91,0, 109
1747.889,2,17,0,5,96,0, 104
1749.189,2,17,0,1,97,0, 103
1751.072,2,17,0,1,98,0, 102
1764.922,2,17,0,44,98,44, 58
1766.722,2,17,0,21,98,65, 37
1768.722,2,17,0,9,98,74, 28
1770.006,2,17,0,2,98,76, 26
1771.323,2,17,0,3,98,79, 23
1772.589,2,17,0,6,98,85, 17
1774.056,2,17,1,0,98,86, 16
1774.456,2,17,0,1,98,87, 15
1776.706,2,17,0,3,98,90, 12
1778.189,2,17,0,1,98,91, 11
1780.156,2,17,0,5,98,96, 6
1781.372,2,17,0,2,98,98, 4
1782.056,2,17,1,0,98,97, 5
1782.556,2,17,1,0,98,98, 4
1783.172,2,17,1,0,98,99, 3
1784.006,2,17,1,0,98,100, 2
1784.906,2,17,1,0,98,101, 1
1785.806,2,17,1,0,98,102, 0
1800.306,2,18,0,0,0,0,200
1812.373,2,18,0,38,38,0, 162
1814.223,2,18,0,24,62,0, 138
1817.939,2,18,0,127,62,127, 11
1819.939,2,18,1,0,62,128, 10
1826.689,2,18,0,5,67,128, 5
1828.339,2,18,1,0,68,128, 4
1829.289,2,18,1,0,69,128, 3
1829.723,2,18,1,0,68,129, 3
1830.939,2,18,1,0,69,129, 2
1832.189,2,18,1,0,70,129, 1
1832.556,2,18,1,0,69,130, 1
1833.123,2,18,1,0,70,129, 1
1835.056,2,18,1,0,71,129, 0
1839.373,2,18,1,0,70,130, 0
1841.073,2,18,1,0,69,131, 0
1849.489,2,18,1,0,70,130, 0
1849.773,2,18,1,0,69,131, 0
1850.223,2,18,1,0,70,130, 0
1851.573,2,18,1,0,71,129, 0
1894.856,2,19,0,0,0,0,200
1898.906,2,19,0,88,88,0, 112
1901.173,2,19,0,10,98,0, 102
1905.139,2,19,0,1,99,0, 101
1908.623,2,19,1,0,100,0, 100
1910.239,2,19,1,0,101,0, 99
1919.306,2,20,0,0,0,0,200
1931.506,2,20,0,97,97,0, 103
1933.473,2,20,0,3,100,0, 100
1935.639,2,21,0,0,0,0,200
1966.539,2,21,0,43,43,0, 157
1967.873,2,21,0,19,62,0, 138
1969.956,2,21,0,12,74,0, 126
1971.656,2,21,0,4,78,0, 122
1973.556,2,21,0,1,79,0, 121
1979.573,2,21,0,7,86,0, 114
1980.523,2,21,1,0,87,0, 113
1981.023,2,21,1,0,88,0, 112
1983.406,2,21,1,0,89,0, 111
1985.206,2,21,1,0,88,1, 111
1987.689,2,21,0,3,91,0, 109
2003.156,2,22,0,0,0,0,200
2014.273,2,22,0,93,93,0, 107
2016.29,2,22,0,3,96,0, 104
2026.923,2,22,0,2,98,0, 102
2028.656,2,22,0,2,100,0, 100
2030.356,2,22,0,2,102,0, 98
2032.556,2,23,0,0,0,0,200
2041.089,2,23,0,99,99,0, 101
2043.156,2,24,0,0,0,0,200
2060.356,2,24,0,77,77,0, 123
2062.556,2,24,0,19,96,0, 104
2063.74,2,24,0,1,97,0, 103
2071.773,2,24,1,0,98,0, 102
2083.24,2,25,0,0,0,0,200
2090.106,2,25,0,106,106,0, 94
2100.756,2,25,0,3,109,0, 91
2114.64,2,26,0,0,0,0,200
2123.84,2,26,0,92,92,0, 108
2126.356,2,26,0,2,94,0, 106
2132.756,2,26,0,3,97,0, 103
2138.456,2,26,0,1,98,0, 102
2140.456,2,27,0,0,0,0,200
2146.79,2,27,0,37,37,0, 163
2148.906,2,27,0,52,89,0, 111
2154.806,2,27,0,3,92,0, 108
2156.123,2,27,0,2,94,0, 106
2157.323,2,27,1,0,95,0, 105
2158.173,2,27,1,0,96,0, 104
2158.906,2,27,1,0,97,0, 103
2163.906,2,27,0,2,99,0, 101
2167.24,2,27,1,0,100,0, 100
2175.156,2,28,0,0,0,0,200
2188.073,2,28,0,78,78,0, 122
2190.756,2,28,0,16,94,0, 106
2191.39,2,28,1,0,93,1, 106
2192.356,2,28,0,4,97,1, 102
2196.39,2,28,0,1,98,0, 102
2203.006,2,28,1,0,99,0, 101
2209.14,2,28,1,0,100,0, 100
2217.59,2,29,0,0,0,0,200
2227.906,2,29,0,98,98,0, 102
2233.79,2,29,0,1,99,0, 101
2241.09,2,29,0,7,106,0, 94
2370.107,2,30,0,0,0,0,200
2372.79,2,30,0,9,9,0, 191
2377.64,2,30,0,75,84,0, 116
2384.707,2,30,0,8,92,0, 108
2390.973,2,30,0,2,94,0, 106
2395.457,2,30,0,1,95,0, 105
2400.673,2,30,0,2,97,0, 103
2406.323,2,30,1,0,98,0, 102
2411.873,2,31,0,0,0,0,200
2418.173,2,31,0,92,92,0, 108
2428.09,2,31,0,1,93,0, 107
2431.707,2,31,0,2,95,0, 105
2433.74,2,32,0,0,0,0,200
2449.74,2,32,0,68,68,0, 132
2452.107,2,32,0,20,88,0, 112
2452.99,2,32,1,0,87,1, 112
2454.507,2,32,0,9,96,1, 103
2456.123,2,32,0,1,97,0, 103
2457.99,2,32,0,3,100,0, 100
2460.557,2,33,0,0,0,0,200
2472.073,2,33,0,90,90,0, 110
2481.157,2,33,0,2,92,0, 108
2483.124,2,34,0,0,0,0,200
2488.124,2,34,0,101,101,0, 99
2500.924,2,34,0,1,102,0, 98
2505.457,2,35,0,0,0,0,200
2510.44,2,35,0,88,88,0, 112
2511.707,2,35,0,7,95,0, 105
2514.49,2,35,0,2,97,0, 103
2516.14,2,35,0,2,99,0, 101
2517.84,2,36,0,0,0,0,200
2523.157,2,36,0,99,99,0, 101
2528.94,2,37,0,0,0,0,250
2562.774,2,37,0,99,99,0, 151
2564.19,2,37,0,3,102,0, 148
2565.24,2,37,0,1,103,0, 147
2568.74,2,37,0,8,111,0, 139
2570.257,2,37,0,1,112,0, 138
2614.357,2,38,0,0,0,0,250
2628.974,2,38,0,102,102,0, 148
2633.29,2,38,0,4,106,0, 144
2644.357,2,38,0,5,111,0, 139
2646.807,2,38,0,2,113,0, 137
2662.074,2,38,0,4,109,0, 141
2664.524,2,38,0,4,105,0, 145
2666.24,2,38,0,6,99,0, 151
2668.94,2,38,0,1,98,0, 152
2669.89,2,38,0,2,96,0, 154
2671.64,2,38,0,1,95,0, 155
2681.041,2,38,0,1,94,0, 156
2702.24,2,39,0,0,0,0,500
2718.757,2,39,0,152,152,0, 348
2720.24,2,39,0,20,172,0, 328
2729.224,2,39,0,2,174,0, 326
2731.424,2,39,1,0,173,0, 327
2732.157,2,39,0,4,177,0, 323
2743.974,2,39,0,43,134,0, 366
2746.774,2,39,0,6,128,0, 372
2748.091,2,39,0,3,125,0, 375
2749.041,2,39,0,2,123,0, 377
2750.274,2,39,0,1,122,0, 378
2753.707,2,39,0,7,115,0, 385
2754.957,2,39,0,1,114,0, 386
2755.94,2,39,1,0,115,0, 385
2756.824,2,39,0,3,112,0, 388
2758.357,2,39,0,1,111,0, 389
2759.49,2,39,0,2,109,0, 391
2776.39,2,40,0,0,0,0,500
2789.407,2,40,0,132,132,0, 368
2799.391,2,40,0,17,115,0, 385
2800.507,2,40,0,4,111,0, 389
2801.307,2,40,0,1,110,0, 390
2802.407,2,40,0,3,107,0, 393
2803.791,2,40,0,2,105,0, 395
2812.691,2,40,0,2,103,0, 397
2816.024,2,41,0,0,0,0,250
2825.307,2,41,0,121,121,0, 129
2827.041,2,41,0,7,128,0, 122
2827.857,2,41,1,0,129,0, 121
2828.474,2,41,0,2,131,0, 119
2829.557,2,41,0,1,132,0, 118
2830.457,2,41,0,1,133,0, 117
2831.957,2,41,1,0,134,0, 116
2834.457,2,41,0,1,135,0, 115
2835.24,2,41,1,0,136,0, 114
2836.191,2,41,1,0,137,0, 113
2844.591,2,41,0,15,122,0, 128
2845.607,2,41,0,2,120,0, 130
2846.807,2,41,0,2,118,0, 132
2848.207,2,41,0,1,117,0, 133
2849.141,2,41,0,1,116,0, 134
2855.091,2,41,0,3,113,0, 137
2856.557,2,41,0,7,106,0, 144
2858.541,2,41,0,2,104,0, 146
2874.441,2,41,0,3,101,0, 149
2881.424,2,41,0,1,100,0, 150
2890.157,2,42,0,0,0,0,250
2900.307,2,42,0,121,121,0, 129
2901.757,2,42,0,6,127,0, 123
2903.324,2,42,0,2,129,0, 121
2914.891,2,42,0,12,117,0, 133
2919.807,2,42,0,8,109,0, 141
2936.924,2,42,0,5,104,0, 146
2937.674,2,42,0,1,103,0, 147
2940.708,2,42,0,3,100,0, 150
2941.557,2,42,0,1,99,0, 151
2944.607,2,42,1,0,100,0, 150
2947.774,2,43,0,0,0,0,250
2957.357,2,43,0,129,129,0, 121
2970.791,2,43,0,5,124,0, 126
2972.274,2,43,0,4,120,0, 130
2974.091,2,43,0,2,118,0, 132
2975.524,2,43,0,1,117,0, 133
2978.891,2,44,0,0,0,0,750
2998.107,2,44,0,224,224,0, 526
3004.458,2,44,0,11,213,0, 537
3005.724,2,44,0,14,199,0, 551
3006.958,2,44,0,6,193,0, 557
3008.208,2,44,0,4,189,0, 561
3009.341,2,44,0,3,186,0, 564
3010.474,2,44,0,3,183,0, 567
3011.008,2,44,1,0,184,0, 566
3011.808,2,44,0,6,178,0, 572
3012.824,2,44,0,1,177,0, 573
3019.391,2,44,0,18,159,0, 591
3021.657,2,44,0,11,148,0, 602
3022.874,2,44,0,3,145,0, 605
3027.891,2,44,0,6,139,0, 611
3029.857,2,44,0,1,138,0, 612
3032.341,2,44,0,1,137,0, 613
3033.491,2,44,0,1,136,0, 614
3036.274,2,44,0,15,121,0, 629
3038.224,2,44,0,10,111,0, 639
3038.741,2,44,1,0,112,0, 638
3039.641,2,44,0,2,110,0, 640
3040.157,2,44,1,0,111,0, 639
3040.758,2,44,0,2,109,0, 641
3041.824,2,44,0,1,108,0, 642
3044.508,2,44,0,1,107,0, 643
3056.824,2,44,0,5,102,0, 648
3060.858,2,45,0,0,0,0,750
3071.341,2,45,0,215,215,0, 535
3077.874,2,45,0,22,193,0, 557
3079.674,2,45,0,27,166,0, 584
3081.908,2,45,0,12,154,0, 596
3091.558,2,45,0,2,152,0, 598
3098.124,2,45,0,11,141,0, 609
3103.724,2,45,0,9,132,0, 618
3105.824,2,45,0,4,128,0, 622
3108.358,2,45,0,1,127,0, 623
3117.258,2,46,0,0,0,0,750
3126.141,2,46,0,176,176,0, 574
3138.674,2,46,0,26,150,0, 600
3139.291,2,46,1,0,151,0, 599
3140.324,2,46,0,11,140,0, 610
3141.408,2,46,0,3,137,0, 613
3143.074,2,46,0,4,133,0, 617
3144.191,2,46,0,1,132,0, 618
3147.324,2,47,0,0,0,0,750
3158.424,2,47,0,242,242,0, 508
3177.674,2,47,0,54,188,0, 562
3179.224,2,47,0,9,179,0, 571
3180.824,2,47,0,16,163,0, 587
3182.108,2,47,0,5,158,0, 592
3184.391,2,47,0,3,155,0, 595
3186.141,2,47,0,3,152,0, 598
3187.758,2,47,0,2,150,0, 600
3189.091,2,47,0,6,144,0, 606
3190.324,2,47,0,8,136,0, 614
3192.175,2,47,0,8,128,0, 622
3193.658,2,47,0,1,127,0, 623
3194.008,2,47,1,0,128,0, 622
3194.541,2,47,0,2,126,0, 624
3195.658,2,47,0,1,125,0, 625
3367.758,2,48,0,0,0,0,750
3375.758,2,48,0,154,154,0, 596
3385.175,2,48,0,16,138,0, 612
3387.241,2,48,0,3,135,0, 615
3389.475,2,48,0,5,130,0, 620
3391.508,2,48,0,5,125,0, 625
3402.275,2,48,0,2,123,0, 627
3403.425,2,48,0,1,122,0, 628
3404.475,2,48,0,2,120,0, 630
3405.508,2,48,0,1,119,0, 631
3406.725,2,48,0,1,118,0, 632
3407.775,2,48,0,1,117,0, 633
3408.975,2,48,0,2,115,0, 635
3414.691,2,49,0,0,0,0,500
3423.608,2,49,0,126,126,0, 374
3430.125,2,49,0,20,106,0, 394
3433.358,2,49,0,2,104,0, 396
3440.558,2,49,0,2,106,0, 394
3442.325,2,50,0,0,0,0,500
3448.675,2,50,0,90,90,0, 410
3460.991,2,50,0,7,97,0, 403
3462.842,2,50,0,2,99,0, 401
3463.292,2,50,1,0,98,0, 402
3464.042,2,50,0,3,101,0, 399
3465.941,2,50,0,3,104,0, 396
3470.975,2,50,0,7,97,0, 403
3472.991,2,50,0,1,96,0, 404
3474.075,2,50,0,2,94,0, 406
3476.008,2,51,0,0,0,0,500
3489.058,2,51,0,140,140,0, 360
3494.675,2,51,0,8,132,0, 368
3496.875,2,51,0,3,129,0, 371
3500.108,2,51,0,3,126,0, 374
3507.342,2,51,0,6,120,0, 380
3508.342,2,51,0,3,117,0, 383
3509.358,2,51,0,2,115,0, 385
3513.708,2,51,1,0,114,0, 386
3515.675,2,52,0,0,0,0,250
3528.292,2,52,0,109,109,0, 141
3543.475,2,52,0,10,99,0, 151
3544.642,2,52,0,1,98,0, 152
3546.808,2,52,0,1,97,0, 153
3551.075,2,52,0,2,95,0, 155
3552.992,2,52,0,1,94,0, 156
3554.358,2,53,0,0,0,0,500
3566.358,2,53,0,187,187,0, 313
3572.208,2,53,0,17,170,0, 330
3573.258,2,53,0,1,169,0, 331
3574.158,2,53,0,7,162,0, 338
3580.308,2,53,0,7,155,0, 345
3581.275,2,53,0,2,153,0, 347
3582.692,2,53,0,1,152,0, 348
3584.425,2,53,0,2,150,0, 350
3585.758,2,53,0,2,148,0, 352
3597.958,2,53,0,24,124,0, 376
3599.808,2,53,0,3,121,0, 379
3601.542,2,53,0,5,116,0, 384
3603.042,2,53,0,7,109,0, 391
3604.892,2,53,0,2,107,0, 393
3607.508,2,54,0,0,0,0,250
3612.975,2,54,0,111,111,0, 139
3618.558,2,54,0,3,108,0, 142
3619.358,2,54,0,2,106,0, 144
3635.825,2,55,0,0,0,0,250
3645.608,2,55,0,123,123,0, 127
3650.825,2,55,0,6,117,0, 133
3651.858,2,55,0,3,114,0, 136
3653.142,2,55,0,5,109,0, 141
3654.292,2,55,0,1,108,0, 142
3657.308,2,55,0,4,104,0, 146
3658.525,2,55,0,3,101,0, 149
3659.858,2,55,0,1,100,0, 150
3665.308,2,56,0,0,0,0,250
3668.342,2,56,0,114,114,0, 136
3670.075,2,56,0,6,120,0, 130
3675.542,2,56,0,7,113,0, 137
3676.658,2,56,0,3,110,0, 140
3678.458,2,56,0,2,108,0, 142
3681.858,2,56,0,1,107,0, 143
3683.592,2,56,0,3,104,0, 146
3689.492,2,56,0,1,103,0, 147
3691.158,2,56,0,2,101,0, 149
3696.158,2,57,0,0,0,0,500
3702.542,2,57,0,135,135,0, 365
3708.608,2,57,0,20,115,0, 385
3709.892,2,57,0,8,107,0, 393
3713.725,2,57,0,4,103,0, 397
3725.942,2,57,0,2,101,0, 399
3733.009,2,58,0,0,0,0,750
3738.492,2,58,0,160,160,0, 590
3745.075,2,58,0,15,145,0, 605
3747.759,2,58,0,2,143,0, 607
3749.009,2,58,0,3,140,0, 610
3751.842,2,58,0,19,121,0, 629
3753.908,2,58,0,2,119,0, 631
3754.958,2,58,0,1,118,0, 632
3756.442,2,58,0,1,117,0, 633
3758.192,2,58,0,4,113,0, 637
3759.559,2,58,0,2,111,0, 639
3764.009,2,58,0,6,105,0, 645
3766.408,2,58,0,1,104,0, 646
3780.109,2,58,0,22,126,0, 624
3784.475,2,58,1,0,125,0, 625
3785.509,2,58,0,16,141,0, 609
3788.909,2,58,0,20,161,0, 589
3797.409,2,58,0,15,146,0, 604
3799.075,2,58,0,2,144,0, 606
3801.492,2,58,0,16,128,0, 622
3802.675,2,58,0,3,125,0, 625
3803.675,2,58,0,2,123,0, 627
3804.675,2,58,0,1,122,0, 628
3806.025,2,58,0,2,120,0, 630
3807.292,2,58,0,1,119,0, 631
3808.375,2,58,0,1,118,0, 632
3809.709,2,58,0,1,117,0, 633
3814.175,2,58,0,1,116,0, 634
3816.225,2,58,0,3,113,0, 637
3821.125,2,59,0,0,0,0,500
3824.542,2,59,0,144,144,0, 356
3834.742,2,59,0,18,126,0, 374
3837.075,2,59,0,21,105,0, 395
3839.192,2,60,0,0,0,0,250
3845.142,2,60,0,108,108,0, 142
3851.675,2,60,0,4,104,0, 146
3854.642,2,60,0,3,101,0, 149
3855.875,2,60,0,1,100,0, 150
3857.075,2,60,0,1,99,0, 151
3862.759,2,60,0,1,98,0, 152
3865.175,2,61,0,0,0,0,250
3870.659,2,61,0,114,114,0, 136
3878.592,2,61,0,4,110,0, 140
3880.359,2,61,0,3,107,0, 143
3881.659,2,61,0,1,106,0, 144
3882.742,2,61,0,10,96,0, 154
3886.142,2,61,0,9,105,0, 145
3891.892,2,61,0,1,104,0, 146
3894.075,2,62,0,0,0,0,250
3898.375,2,62,0,114,114,0, 136
3905.426,2,62,0,11,103,0, 147
3907.059,2,62,0,5,98,0, 152
3912.592,2,63,0,0,0,0,750
3918.325,2,63,0,110,110,0, 640
3919.742,2,63,0,34,144,0, 606
3927.525,2,63,0,10,134,0, 616
3929.775,2,63,0,19,115,0, 635
3930.892,2,63,0,3,112,0, 638
3932.275,2,63,0,2,110,0, 640
3933.909,2,63,0,1,109,0, 641
3935.875,2,63,0,1,108,0, 642
3937.426,2,64,0,0,0,0,500
3940.842,2,64,0,150,150,0, 350
3948.426,2,64,0,17,133,0, 367
3949.809,2,64,0,6,127,0, 373
3951.492,2,64,0,1,126,0, 374
3953.292,2,64,0,3,123,0, 377
3956.375,2,64,0,2,121,0, 379
3957.859,2,64,0,2,119,0, 381
3961.009,2,64,0,2,117,0, 383
3962.192,2,64,0,1,116,0, 384
3964.109,2,65,0,0,0,0,750
3969.542,2,65,0,151,151,0, 599
3977.226,2,65,0,16,135,0, 615
3978.942,2,65,0,8,127,0, 623
3980.192,2,65,0,6,121,0, 629
3981.759,2,65,0,17,104,0, 646
3983.075,2,65,0,2,102,0, 648
3988.642,2,66,0,0,0,0,500
3993.742,2,66,0,135,135,0, 365
4000.676,2,66,0,9,126,0, 374
4001.809,2,66,0,8,118,0, 382
4003.292,2,66,0,3,115,0, 385
4005.625,2,66,0,2,113,0, 387
4006.625,2,66,0,2,111,0, 389
4007.076,2,66,1,0,112,0, 388
4007.692,2,66,0,4,108,0, 392
4008.742,2,66,0,2,106,0, 394
4010.442,2,67,0,0,0,0,500
4015.609,2,67,0,125,125,0, 375
4020.292,2,67,0,17,108,0, 392
4021.592,2,67,0,2,106,0, 394
4023.026,2,67,0,5,101,0, 399
4024.625,2,67,0,3,98,0, 402
4026.309,2,68,0,0,0,0,750
4030.692,2,68,0,120,120,0, 630
4032.426,2,68,0,17,137,0, 613
4033.692,2,68,0,41,178,0, 572
4035.059,2,68,0,19,197,0, 553
4040.926,2,68,0,19,178,0, 572
4042.276,2,68,0,24,154,0, 596
4045.192,2,68,0,9,145,0, 605
4046.892,2,68,0,5,140,0, 610
4047.976,2,68,0,1,139,0, 611
4048.409,2,68,1,0,140,0, 610
4048.959,2,68,0,1,139,0, 611
4051.359,2,69,0,0,0,0,250
4056.342,2,69,0,95,95,0, 155
4064.376,2,69,0,1,94,0, 156
4066.426,2,70,0,0,0,0,750
4072.059,2,70,0,154,154,0, 596
4077.742,2,70,0,23,131,0, 619
4078.859,2,70,0,6,125,0, 625
4079.709,2,70,1,0,126,0, 624
4080.426,2,70,0,7,119,0, 631
4081.426,2,70,0,2,117,0, 633
4082.642,2,70,0,1,116,0, 634
4084.042,2,70,0,3,113,0, 637
4085.026,2,70,0,1,112,0, 638
4086.709,2,70,0,1,111,0, 639
4087.609,2,70,0,1,110,0, 640
4090.142,2,71,0,0,0,0,250
4093.559,2,71,0,124,124,0, 126
4098.609,2,71,0,10,114,0, 136
4101.709,2,71,0,7,107,0, 143
4103.292,2,71,0,4,103,0, 147
4104.893,2,71,0,1,102,0, 148
4109.476,2,71,0,1,101,0, 149
4111.226,2,71,0,1,100,0, 150
4112.559,2,71,0,1,99,0, 151
4116.676,2,72,0,0,0,0,500
4121.826,2,72,0,143,143,0, 357
4127.042,2,72,0,26,117,0, 383
4128.276,2,72,0,9,108,0, 392
4129.509,2,72,0,1,107,0, 393
4130.976,2,72,0,2,105,0, 395
67.22001,3,1,0,0,0,0,250
91.60333,3,1,1,0,1,0, 249
106.5701,3,1,0,91,92,0, 158
110.22,3,1,1,0,91,0, 159
112.02,3,1,1,0,90,0, 160
112.9534,3,1,1,0,89,0, 161
116.02,3,1,1,0,88,0, 162
116.7867,3,1,1,0,87,0, 163
119.7533,3,1,1,0,86,0, 164
133.62,3,1,1,0,85,0, 165
134.52,3,1,1,0,84,0, 166
135.47,3,1,1,0,83,0, 167
136.9034,3,1,1,0,82,0, 168
139.4867,3,1,1,0,81,0, 169
140.37,3,1,1,0,80,0, 170
143.0367,3,1,1,0,79,0, 171
144.17,3,1,1,0,78,0, 172
146.3867,3,1,1,0,77,0, 173
151.5367,3,1,1,0,78,0, 172
151.97,3,1,1,0,79,0, 171
154.0034,3,1,1,0,80,0, 170
156.2535,3,1,1,0,81,0, 169
168.22,3,2,0,0,0,0,250
186.3533,3,2,0,90,90,0, 160
189.0034,3,2,1,0,89,0, 161
189.8033,3,2,1,0,88,0, 162
190.3533,3,2,1,0,87,0, 163
201.0367,3,2,1,0,86,0, 164
204.2033,3,2,1,0,87,0, 163
204.6367,3,2,1,0,88,0, 162
205.5533,3,2,1,0,89,0, 161
206.0367,3,2,1,0,90,0, 160
209.6867,3,2,1,0,91,0, 159
215.0533,3,2,1,0,92,0, 158
215.72,3,2,1,0,93,0, 157
216.1367,3,2,1,0,94,0, 156
221.0033,3,2,1,0,93,0, 157
232.47,3,3,0,0,0,0,500
273.57,3,3,0,133,133,0, 367
284.8034,3,3,0,21,112,0, 388
285.9034,3,3,0,2,110,0, 390
287.6867,3,3,0,8,102,0, 398
289.07,3,3,0,9,93,0, 407
290.9867,3,3,0,3,90,0, 410
292.32,3,3,0,1,89,0, 411
295.4367,3,3,0,2,87,0, 413
297.62,3,3,0,2,85,0, 415
306.92,3,3,1,0,86,0, 414
307.37,3,3,1,0,87,0, 413
308.6867,3,3,1,0,88,0, 412
310.62,3,3,1,0,89,0, 411
312.52,3,3,1,0,90,0, 410
314.0867,3,3,1,0,91,0, 409
314.77,3,3,1,0,90,0, 410
319.7367,3,3,1,0,89,0, 411
327.0034,3,3,1,0,90,0, 410
329.0034,3,3,1,0,91,0, 409
345.1033,3,4,0,0,0,0,250
364.67,3,4,0,85,85,0, 165
370.67,3,4,0,3,82,0, 168
372.8367,3,4,0,3,79,0, 171
375.4534,3,4,0,1,78,0, 172
376.5033,3,4,1,0,77,0, 173
378.82,3,4,1,0,76,0, 174
380.5534,3,4,1,0,75,0, 175
399.0367,3,4,1,0,76,0, 174
399.4867,3,4,1,0,77,0, 173
400.3034,3,4,1,0,78,0, 172
401.3534,3,4,1,0,77,0, 173
402.17,3,4,1,0,78,0, 172
406.0201,3,4,1,0,79,0, 171
406.5534,3,4,1,0,80,0, 170
412.07,3,4,1,0,81,0, 169
412.67,3,4,1,0,82,0, 168
413.1534,3,4,1,0,83,0, 167
439.4701,3,4,1,0,84,0, 166
439.9367,3,4,1,0,85,0, 165
440.4367,3,4,1,0,86,0, 164
440.8701,3,4,1,0,87,0, 163
452.4701,3,4,1,0,88,0, 162
452.9367,3,4,1,0,89,0, 161
455.2367,3,4,1,0,90,0, 160
455.7867,3,4,1,0,91,0, 159
458.4367,3,4,1,0,90,0, 160
463.0367,3,4,1,0,91,0, 159
463.5534,3,4,1,0,92,0, 158
464.0367,3,4,1,0,93,0, 157
464.6034,3,4,1,0,94,0, 156
470.3701,3,4,1,0,95,0, 155
484.7367,3,4,1,0,96,0, 154
485.27,3,4,1,0,97,0, 153
485.7367,3,4,1,0,98,0, 152
494.4034,3,4,1,0,99,0, 151
496.57,3,4,1,0,100,0, 150
507.6867,3,5,0,0,0,0,500
533.4868,3,5,0,88,88,0, 412
536.4867,3,5,0,4,92,0, 408
537.2201,3,5,1,0,93,0, 407
538.8701,3,5,1,0,94,0, 406
542.72,3,5,0,7,101,0, 399
545.8701,3,5,0,11,112,0, 388
548.1367,3,5,1,0,111,0, 389
549.6867,3,5,0,10,121,0, 379
551.92,3,5,1,0,122,0, 378
554.17,3,5,1,0,123,0, 377
554.6534,3,5,1,0,124,0, 376
555.1034,3,5,1,0,125,0, 375
555.5701,3,5,1,0,126,0, 374
557.7201,3,5,1,0,127,0, 373
558.5201,3,5,1,0,128,0, 372
575.5534,3,5,0,6,122,0, 378
576.8034,3,5,0,2,120,0, 380
580.5534,3,5,0,3,117,0, 383
581.3368,3,5,1,0,116,0, 384
582.9534,3,5,0,2,114,0, 386
595.2701,3,5,1,0,115,0, 385
595.5867,3,5,1,0,116,0, 384
607.8034,3,5,0,3,113,0, 387
609.92,3,5,1,0,112,0, 388
616.1367,3,5,1,0,113,0, 387
616.7034,3,5,1,0,114,0, 386
619.97,3,5,1,0,115,0, 385
626.0201,3,5,1,0,116,0, 384
642.5201,3,5,1,0,115,0, 385
643.3367,3,5,1,0,114,0, 386
645.7867,3,5,1,0,113,0, 387
648.67,3,5,1,0,112,0, 388
664.5201,3,6,0,0,0,0,500
682.0367,3,6,0,134,134,0, 366
691.8701,3,6,0,16,118,0, 382
692.8201,3,6,0,2,116,0, 384
694.0034,3,6,0,1,115,0, 385
697.9367,3,6,0,2,113,0, 387
698.9034,3,6,0,2,111,0, 389
701.0034,3,6,0,2,109,0, 391
706.7701,3,6,0,3,106,0, 394
708.3867,3,6,0,1,105,0, 395
715.4034,3,6,0,2,103,0, 397
720.2368,3,6,0,8,95,0, 405
722.3367,3,6,0,1,94,0, 406
723.6367,3,6,0,2,92,0, 408
726.0367,3,6,0,3,89,0, 411
737.9868,3,6,0,4,85,0, 415
739.67,3,6,1,0,84,0, 416
743.8367,3,6,1,0,83,0, 417
758.1867,3,6,1,0,84,0, 416
774.3034,3,7,0,0,0,0,750
799.3368,3,7,0,71,71,0, 679
801.5867,3,7,1,0,72,0, 678
802.0367,3,7,1,0,73,0, 677
811.6701,3,7,0,16,57,0, 693
813.4701,3,7,1,0,58,0, 692
813.6701,3,7,0,2,56,0, 694
820.2867,3,7,0,3,53,0, 697
829.2367,3,7,1,0,54,0, 696
829.9534,3,7,1,0,55,0, 695
832.5534,3,7,1,0,56,0, 694
833.0367,3,7,1,0,57,0, 693
931.1868,3,7,1,0,58,0, 692
933.7368,3,7,1,0,59,0, 691
934.3368,3,7,1,0,60,0, 690
946.0367,3,8,0,0,0,0,250
972.4534,3,8,0,105,105,0, 145
978.7201,3,8,0,3,102,0, 148
981.0534,3,8,1,0,101,0, 149
982.5034,3,8,0,1,100,0, 150
984.6702,3,8,0,1,99,0, 151
987.3034,3,8,0,1,98,0, 152
993.4034,3,8,1,0,97,0, 153
995.0201,3,8,1,0,96,0, 154
1016.837,3,8,1,0,97,0, 153
1020.037,3,8,1,0,98,0, 152
1022.02,3,8,1,0,97,0, 153
1037.37,3,8,1,0,98,0, 152
1037.82,3,8,1,0,99,0, 151
1038.637,3,8,1,0,100,0, 150
1041.237,3,8,1,0,101,0, 149
1045.253,3,8,1,0,100,0, 150
1046.57,3,8,1,0,99,0, 151
1093.903,3,9,0,0,0,0,250
1137.12,3,9,0,115,115,0, 135
1141.437,3,9,0,6,121,0, 129
1145.42,3,9,0,18,103,0, 147
1146.903,3,9,0,3,100,0, 150
1150.053,3,9,0,1,99,0, 151
1150.87,3,9,0,2,97,0, 153
1151.57,3,9,0,1,96,0, 154
1161.72,3,9,0,2,94,0, 156
1196.837,3,9,1,0,93,0, 157
1229.47,3,9,1,0,92,0, 158
1230.837,3,9,1,0,91,0, 159
1231.42,3,9,1,0,90,0, 160
1270.604,3,9,1,0,91,0, 159
1284.003,3,10,0,0,0,0,250
1294.503,3,10,0,105,105,0, 145
1303.253,3,10,0,5,100,0, 150
1307.303,3,10,0,2,98,0, 152
1308.703,3,10,0,1,97,0, 153
1324.57,3,10,1,0,96,0, 154
1366.337,3,10,1,0,97,0, 153
1386.753,3,10,1,0,98,0, 152
1403.387,3,10,1,0,97,0, 153
1403.737,3,10,1,0,96,0, 154
1412.403,3,11,0,0,0,0,500
1428.037,3,11,0,65,65,0, 435
1430.17,3,11,0,11,76,0, 424
1432.503,3,11,0,10,86,0, 414
1439.753,3,11,0,2,84,0, 416
1442.453,3,11,1,0,83,0, 417
1443.037,3,11,1,0,82,0, 418
1445.087,3,11,1,0,81,0, 419
1456.937,3,11,1,0,82,0, 418
1457.453,3,11,1,0,83,0, 417
1458.037,3,11,1,0,84,0, 416
1458.503,3,11,1,0,85,0, 415
1465.187,3,11,1,0,86,0, 414
1466.87,3,11,1,0,87,0, 413
1467.27,3,11,1,0,88,0, 412
1469.453,3,11,1,0,89,0, 411
1469.887,3,11,1,0,90,0, 410
1473.987,3,11,1,0,89,0, 411
1512.803,3,11,1,0,88,0, 412
1516.287,3,11,1,0,87,0, 413
1520.92,3,11,1,0,86,0, 414
1523.37,3,11,1,0,85,0, 415
1523.787,3,11,1,0,84,0, 416
1524.27,3,11,1,0,83,0, 417
1527.22,3,11,1,0,82,0, 418
1534.303,3,11,1,0,81,0, 419
1547.02,3,11,0,6,75,0, 425
1548.52,3,11,0,4,71,0, 429
1551.137,3,11,0,1,70,0, 430
1555.153,3,11,0,4,66,0, 434
1569.504,3,11,1,0,67,0, 433
1570.104,3,11,1,0,68,0, 432
1573.903,3,11,1,0,69,0, 431
1575.17,3,11,1,0,70,0, 430
1575.987,3,11,1,0,71,0, 429
1582.187,3,11,1,0,70,0, 430
1600.504,3,11,1,0,71,0, 429
1645.287,3,12,0,0,0,0,750
1674.237,3,12,0,99,99,0, 651
1677.387,3,12,0,2,101,0, 649
1680.37,3,12,0,1,102,0, 648
1695.837,3,12,0,21,81,0, 669
1704.587,3,12,0,2,79,0, 671
1707.703,3,12,0,1,78,0, 672
1709.687,3,12,0,1,77,0, 673
1712.187,3,12,1,0,76,0, 674
1712.937,3,12,1,0,75,0, 675
1733.254,3,12,1,0,76,0, 674
1733.754,3,12,1,0,77,0, 673
1734.287,3,12,1,0,78,0, 672
1734.953,3,12,1,0,79,0, 671
1735.354,3,12,1,0,78,0, 672
1741.387,3,12,1,0,79,0, 671
1741.837,3,12,1,0,80,0, 670
1742.32,3,12,1,0,81,0, 669
1749.803,3,12,1,0,82,0, 668
1753.887,3,12,1,0,83,0, 667
1754.37,3,12,1,0,84,0, 666
1756.77,3,12,1,0,85,0, 665
1765.504,3,12,0,2,83,0, 667
1766.953,3,12,0,2,81,0, 669
1768.287,3,12,0,2,79,0, 671
1770.037,3,12,0,2,77,0, 673
1774.453,3,12,1,0,76,0, 674
1776.72,3,12,1,0,75,0, 675
1779.02,3,12,1,0,74,0, 676
1779.803,3,12,1,0,73,0, 677
1784.937,3,12,1,0,74,0, 676
1785.703,3,12,1,0,73,0, 677
1786.203,3,12,1,0,72,0, 678
1791.953,3,12,1,0,73,0, 677
1800.537,3,12,1,0,74,0, 676
1843.687,3,12,1,0,73,0, 677
1851.137,3,13,0,0,0,0,750
1899.737,3,13,0,122,122,0, 628
1900.387,3,13,1,0,123,0, 627
1900.804,3,13,1,0,124,0, 626
1901.17,3,13,1,0,125,0, 625
1901.554,3,13,1,0,126,0, 624
1902.303,3,13,1,0,127,0, 623
1902.837,3,13,1,0,128,0, 622
1903.57,3,13,1,0,129,0, 621
1904.087,3,13,1,0,130,0, 620
1905.137,3,13,1,0,131,0, 619
1905.587,3,13,1,0,132,0, 618
1906.154,3,13,1,0,133,0, 617
1906.703,3,13,1,0,134,0, 616
1907.27,3,13,1,0,135,0, 615
1911.47,3,13,1,0,136,0, 614
1912.154,3,13,1,0,137,0, 613
1914.02,3,13,1,0,138,0, 612
1921.52,3,13,1,0,139,0, 611
1935.72,3,13,0,51,88,0, 662
1937.12,3,13,0,2,86,0, 664
1939.754,3,13,0,3,83,0, 667
1941.037,3,13,0,2,81,0, 669
1941.87,3,13,1,0,80,0, 670
1944.837,3,13,1,0,79,0, 671
1947.453,3,13,1,0,78,0, 672
1948.854,3,13,1,0,77,0, 673
1954.62,3,13,1,0,76,0, 674
1973.554,3,13,1,0,77,0, 673
1976.437,3,13,1,0,78,0, 672
1981.787,3,13,1,0,79,0, 671
1986.837,3,13,1,0,80,0, 670
1987.137,3,13,1,0,81,0, 669
1987.953,3,13,1,0,82,0, 668
1989.337,3,13,1,0,83,0, 667
1989.654,3,13,1,0,84,0, 666
1990.27,3,13,1,0,85,0, 665
1999.27,3,13,1,0,86,0, 664
2001.404,3,13,1,0,87,0, 663
2002.587,3,13,1,0,88,0, 662
2003.187,3,13,1,0,89,0, 661
2006.354,3,13,1,0,90,0, 660
2010.637,3,13,1,0,89,0, 661
2021.52,3,13,1,0,90,0, 660
2039.02,3,13,1,0,91,0, 659
2055.454,3,13,1,0,92,0, 658
2055.837,3,13,1,0,93,0, 657
2056.17,3,13,1,0,94,0, 656
2058.803,3,13,1,0,95,0, 655
2059.37,3,13,1,0,96,0, 654
2059.72,3,13,1,0,97,0, 653
2070.254,3,13,1,0,98,0, 652
2070.587,3,13,1,0,99,0, 651
2076.587,3,14,0,0,0,0,500
2089.904,3,14,0,100,100,0, 400
2093.104,3,14,1,0,99,0, 401
2100.904,3,14,0,15,84,0, 416
2102.737,3,14,1,0,83,0, 417
2105.954,3,14,0,3,80,0, 420
2108.654,3,14,1,0,81,0, 419
2108.887,3,14,0,2,79,0, 421
2112.204,3,14,0,1,78,0, 422
2116.654,3,14,0,3,75,0, 425
2121.22,3,14,0,1,74,0, 426
2121.737,3,14,1,0,73,0, 427
2123.204,3,14,1,0,72,0, 428
2133.22,3,14,1,0,73,0, 427
2136.854,3,14,1,0,74,0, 426
2137.72,3,14,1,0,75,0, 425
2139.137,3,14,1,0,76,0, 424
2140.904,3,14,1,0,77,0, 423
2152.737,3,14,1,0,78,0, 422
2153.337,3,14,1,0,79,0, 421
2158.737,3,14,1,0,80,0, 420
2159.954,3,14,1,0,81,0, 419
2162.254,3,14,1,0,82,0, 418
2163.57,3,14,1,0,83,0, 417
2174.053,3,14,1,0,84,0, 416
2182.77,3,14,0,4,80,0, 420
2185.237,3,14,1,0,79,0, 421
2187.354,3,14,1,0,78,0, 422
2189.553,3,14,1,0,77,0, 423
2202.553,3,14,1,0,78,0, 422
2221.287,3,15,0,0,0,0,750
2232.454,3,15,0,125,125,0, 625
2234.754,3,15,1,0,126,0, 624
2242.237,3,15,0,34,92,0, 658
2245.687,3,15,1,0,91,0, 659
2249.837,3,15,1,0,90,0, 660
2254.704,3,15,1,0,89,0, 661
2257.32,3,15,1,0,88,0, 662
2261.687,3,15,1,0,87,0, 663
2299.937,3,15,1,0,88,0, 662
2300.854,3,15,1,0,89,0, 661
2305.137,3,15,1,0,90,0, 660
2323.053,3,15,1,0,91,0, 659
2337.87,3,15,1,0,92,0, 658
2339.887,3,15,1,0,93,0, 657
2349.704,3,16,0,0,0,0,250
2363.054,3,16,0,102,102,0, 148
2365.87,3,16,1,0,103,0, 147
2366.37,3,16,1,0,104,0, 146
2367.32,3,16,1,0,103,0, 147
2370.087,3,16,0,1,102,0, 148
2371.987,3,16,0,2,100,0, 150
2373.303,3,16,1,0,99,0, 151
2377.204,3,16,1,0,98,0, 152
2384.604,3,16,1,0,97,0, 153
2385.787,3,16,1,0,96,0, 154
2387.97,3,16,1,0,95,0, 155
2403.637,3,16,1,0,94,0, 156
2431.72,3,16,1,0,95,0, 155
2442.604,3,16,1,0,96,0, 154
2450.387,3,16,1,0,95,0, 155
2469.12,3,16,1,0,94,0, 156
2474.62,3,16,1,0,95,0, 155
2485.854,3,17,0,0,0,0,500
2508.77,3,17,0,102,102,0, 398
2517.037,3,17,0,20,82,0, 418
2522.254,3,17,1,0,81,0, 419
2523.404,3,17,1,0,80,0, 420
2524.27,3,17,1,0,79,0, 421
2528.887,3,17,1,0,78,0, 422
2534.254,3,17,1,0,79,0, 421
2536.604,3,17,1,0,80,0, 420
2537.137,3,17,1,0,81,0, 419
2539.354,3,17,1,0,82,0, 418
2539.787,3,17,1,0,83,0, 417
2540.137,3,17,1,0,84,0, 416
2540.737,3,17,1,0,85,0, 415
2542.187,3,17,1,0,86,0, 414
2542.554,3,17,1,0,87,0, 413
2543.104,3,17,1,0,88,0, 412
2547.637,3,17,1,0,89,0, 411
2552.57,3,17,1,0,90,0, 410
2553.204,3,17,1,0,91,0, 409
2556.987,3,17,1,0,90,0, 410
2557.52,3,17,1,0,89,0, 411
2559.303,3,17,1,0,88,0, 412
2564.52,3,17,1,0,87,0, 413
2566.12,3,17,1,0,86,0, 414
2571.154,3,17,1,0,87,0, 413
2578.604,3,17,1,0,88,0, 412
2595.17,3,17,1,0,87,0, 413
2598.137,3,17,1,0,88,0, 412
2609.67,3,17,1,0,87,0, 413
2614.054,3,17,1,0,88,0, 412
2616.187,3,17,1,0,89,0, 411
2634.62,3,17,1,0,90,0, 410
2643.587,3,18,0,0,0,0,750
2660.804,3,18,0,127,127,0, 623
2664.937,3,18,1,0,126,0, 624
2665.737,3,18,1,0,125,0, 625
2670.537,3,18,0,17,108,0, 642
2673.837,3,18,0,4,104,0, 646
2674.887,3,18,1,0,103,0, 647
2676.454,3,18,1,0,102,0, 648
2677.02,3,18,1,0,101,0, 649
2677.553,3,18,1,0,100,0, 650
2681.07,3,18,1,0,101,0, 649
2681.737,3,18,1,0,100,0, 650
2682.07,3,18,1,0,99,0, 651
2685.72,3,18,1,0,98,0, 652
2686.637,3,18,1,0,97,0, 653
2687.137,3,18,1,0,96,0, 654
2687.887,3,18,1,0,95,0, 655
2689.687,3,18,1,0,94,0, 656
2699.37,3,18,1,0,95,0, 655
2718.354,3,18,1,0,96,0, 654
2722.387,3,18,1,0,97,0, 653
2729.254,3,18,1,0,98,0, 652
2730.404,3,18,1,0,99,0, 651
2734.437,3,18,1,0,100,0, 650
2742.62,3,18,1,0,101,0, 649
2747.637,3,18,1,0,100,0, 650
2750.02,3,18,1,0,99,0, 651
2761.187,3,18,1,0,98,0, 652
2765.42,3,18,1,0,97,0, 653
2783.937,3,18,0,6,91,0, 659
2784.654,3,18,1,0,92,0, 658
2785.154,3,18,0,3,89,0, 661
2786.037,3,18,0,2,87,0, 663
2787.837,3,18,1,0,86,0, 664
2788.337,3,18,1,0,87,0, 663
2789.42,3,18,1,0,86,0, 664
2790.17,3,18,1,0,85,0, 665
2794.904,3,18,1,0,84,0, 666
2797.754,3,18,1,0,83,0, 667
2798.387,3,18,1,0,82,0, 668
2798.87,3,18,1,0,81,0, 669
2799.787,3,18,1,0,80,0, 670
2828.404,3,19,0,0,0,0,250
2833.27,3,19,0,79,79,0, 171
2835.537,3,19,1,0,78,0, 172
2845.604,3,19,0,3,75,0, 175
2846.454,3,19,0,3,72,0, 178
2848.037,3,19,1,0,71,0, 179
2871.47,3,19,0,3,74,0, 176
2873.82,3,19,1,0,75,0, 175
2879.72,3,19,0,3,78,0, 172
2883.12,3,19,0,4,82,0, 168
2893.504,3,19,1,0,83,0, 167
2894.22,3,19,1,0,84,0, 166
2895.104,3,19,1,0,85,0, 165
2897.137,3,19,1,0,86,0, 164
2897.77,3,19,1,0,87,0, 163
2905.304,3,20,0,0,0,0,250
2908.337,3,20,0,116,116,0, 134
2911.304,3,20,0,4,112,0, 138
2912.787,3,20,0,9,103,0, 147
2914.637,3,20,0,3,100,0, 150
2920.054,3,20,1,0,101,0, 149
2921.87,3,20,1,0,102,0, 148
2922.504,3,20,1,0,103,0, 147
2924.337,3,20,1,0,102,0, 148
2931.037,3,20,1,0,101,0, 149
2934.804,3,21,0,0,0,0,500
2936.82,3,21,0,151,151,0, 349
2939.22,3,21,0,20,131,0, 369
2941.204,3,21,0,12,119,0, 381
2942.92,3,21,0,4,115,0, 385
2944.604,3,21,0,2,113,0, 387
2945.804,3,21,1,0,114,0, 386
2946.437,3,21,0,1,113,0, 387
2948.32,3,21,0,3,110,0, 390
2950.137,3,21,0,4,106,0, 394
2952.504,3,21,0,3,103,0, 397
2964.17,3,22,0,0,0,0,500
2971.07,3,22,0,109,109,0, 391
2973.07,3,22,0,8,117,0, 383
2975.454,3,22,1,0,118,0, 382
2976.004,3,22,0,6,112,0, 388
2977.02,3,22,0,14,98,0, 402
2978.037,3,22,0,1,97,0, 403
2978.954,3,22,0,1,96,0, 404
2979.87,3,22,0,2,94,0, 406
2985.62,3,22,0,12,106,0, 394
2986.554,3,22,1,0,105,0, 395
2987.037,3,22,0,3,108,0, 392
2989.854,3,22,0,3,105,0, 395
2994.487,3,22,0,2,103,0, 397
2998.037,3,22,1,0,102,0, 398
3000.954,3,22,1,0,101,0, 399
3010.104,3,22,1,0,102,0, 398
3011.054,3,22,1,0,101,0, 399
3012.654,3,22,1,0,100,0, 400
3017.42,3,22,1,0,99,0, 401
3020.787,3,22,1,0,98,0, 402
3021.554,3,22,1,0,97,0, 403
3025.304,3,23,0,0,0,0,250
3028.52,3,23,0,101,101,0, 149
3030.77,3,23,0,4,97,0, 153
3032.004,3,23,0,2,95,0, 155
3032.904,3,23,0,1,94,0, 156
3035.154,3,23,0,4,90,0, 160
3036.004,3,23,0,1,89,0, 161
3039.637,3,23,1,0,90,0, 160
3043.187,3,23,1,0,91,0, 159
3043.804,3,23,0,1,92,0, 158
3049.037,3,23,1,0,93,0, 157
3049.92,3,23,1,0,94,0, 156
3051.287,3,23,1,0,95,0, 155
3054.47,3,23,1,0,96,0, 154
3054.904,3,23,1,0,97,0, 153
3059.037,3,23,1,0,98,0, 152
3059.654,3,23,1,0,99,0, 151
3061.92,3,23,1,0,98,0, 152
3067.337,3,23,0,3,101,0, 149
3071.254,3,23,1,0,100,0, 150
3076.32,3,24,0,0,0,0,500
3088.387,3,24,0,111,111,0, 389
3093.037,3,24,0,11,100,0, 400
3094.787,3,24,0,6,94,0, 406
3096.237,3,24,0,4,90,0, 410
3104.47,3,24,1,0,91,0, 409
3106.387,3,24,1,0,92,0, 408
3109.07,3,24,1,0,93,0, 407
3114.62,3,24,1,0,94,0, 406
3117.72,3,24,1,0,95,0, 405
3120.087,3,24,1,0,96,0, 404
3128.32,3,25,0,0,0,0,500
3140.087,3,25,0,118,118,0, 382
3144.354,3,25,0,21,97,0, 403
3145.604,3,25,0,7,90,0, 410
3149.437,3,25,0,1,89,0, 411
3153.637,3,25,0,1,88,0, 412
3154.77,3,25,0,1,87,0, 413
3168.804,3,25,1,0,86,0, 414
3171.504,3,25,1,0,85,0, 415
3209.004,3,25,1,0,86,0, 414
3210.837,3,25,1,0,87,0, 413
3217.42,3,25,1,0,88,0, 412
3218.52,3,25,1,0,89,0, 411
3228.454,3,26,0,0,0,0,750
3237.17,3,26,0,112,112,0, 638
3241.104,3,26,0,20,92,0, 658
3243.004,3,26,0,4,88,0, 662
3247.12,3,26,0,1,87,0, 663
3254.387,3,26,1,0,88,0, 662
3257.837,3,26,0,5,83,0, 667
3263.637,3,26,1,0,84,0, 666
3265.137,3,26,1,0,85,0, 665
3266.954,3,26,1,0,84,0, 666
3272.72,3,26,0,2,82,0, 668
3279.47,3,26,0,2,84,0, 666
3289.104,3,27,0,0,0,0,750
3296.054,3,27,0,136,136,0, 614
3299.77,3,27,0,16,120,0, 630
3300.754,3,27,0,6,114,0, 636
3302.454,3,27,0,4,110,0, 640
3305.104,3,27,0,3,107,0, 643
3309.287,3,27,1,0,108,0, 642
3319.27,3,27,1,0,109,0, 641
3324.737,3,27,0,3,106,0, 644
3329.904,3,27,0,1,105,0, 645
3332.987,3,27,0,2,103,0, 647
3335.654,3,27,1,0,102,0, 648
3336.32,3,27,1,0,101,0, 649
3337.787,3,27,1,0,100,0, 650
3340.454,3,27,1,0,99,0, 651
3358.237,3,28,0,0,0,0,750
3362.87,3,28,0,170,170,0, 580
3366.52,3,28,0,20,150,0, 600
3367.654,3,28,0,22,128,0, 622
3370.62,3,28,0,2,126,0, 624
3372.637,3,28,0,2,124,0, 626
3373.52,3,28,0,1,123,0, 627
3374.387,3,28,0,1,122,0, 628
3378.37,3,28,0,1,121,0, 629
3382.654,3,28,0,1,120,0, 630
3399.687,3,28,1,0,121,0, 629
3400.187,3,28,1,0,120,0, 630
3401.037,3,28,1,0,121,0, 629
3408.437,3,29,0,0,0,0,250
3417.087,3,29,0,71,71,0, 179
3419.07,3,29,0,18,89,0, 161
3423.087,3,29,0,4,85,0, 165
3424.104,3,29,0,1,84,0, 166
3426.337,3,29,0,3,81,0, 169
3431.137,3,29,0,1,80,0, 170
3435.57,3,29,1,0,81,0, 169
3438.987,3,29,1,0,82,0, 168
3442.037,3,29,0,2,84,0, 166
3445.454,3,29,1,0,85,0, 165
3457.52,3,29,0,1,84,0, 166
3461.237,3,29,1,0,83,0, 167
3470.37,3,29,1,0,84,0, 166
3512.77,3,30,0,0,0,0,250
3517.087,3,30,0,115,115,0, 135
3520.154,3,30,0,11,104,0, 146
3521.27,3,30,0,3,101,0, 149
3528.37,3,30,1,0,102,0, 148
3530.387,3,30,1,0,103,0, 147
3532.737,3,30,1,0,104,0, 146
3533.804,3,30,1,0,105,0, 145
3537.42,3,30,0,1,104,0, 146
3542.12,3,30,1,0,105,0, 145
3547.554,3,30,0,2,103,0, 147
3548.837,3,30,1,0,102,0, 148
3549.487,3,30,1,0,101,0, 149
3553.021,3,30,1,0,100,0, 150
3562.87,3,30,1,0,101,0, 149
3565.22,3,31,0,0,0,0,750
3568.854,3,31,0,80,80,0, 670
3571.904,3,31,0,3,77,0, 673
3573.604,3,31,0,16,61,0, 689
3579.437,3,31,0,32,93,0, 657
3582.837,3,31,0,9,84,0, 666
3587.004,3,31,0,2,82,0, 668
3598.654,3,31,0,5,87,0, 663
3601.77,3,31,1,0,88,0, 662
3607.837,3,31,1,0,89,0, 661
3608.22,3,31,1,0,90,0, 660
3611.07,3,31,1,0,91,0, 659
3614.37,3,31,1,0,92,0, 658
3614.77,3,31,1,0,93,0, 657
3617.47,3,31,1,0,94,0, 656
3619.537,3,31,1,0,95,0, 655
3620.254,3,31,1,0,96,0, 654
3621.387,3,31,1,0,97,0, 653
3623.77,3,31,1,0,98,0, 652
3629.537,3,31,1,0,99,0, 651
3630.487,3,31,1,0,100,0, 650
3632.787,3,31,1,0,101,0, 649
3637.504,3,31,0,1,100,0, 650
3641.337,3,31,0,9,91,0, 659
3650.937,3,31,0,14,77,0, 673
3656.687,3,31,0,23,100,0, 650
3659.771,3,31,0,7,93,0, 657
3660.771,3,31,0,2,91,0, 659
3671.004,3,31,1,0,92,0, 658
3671.954,3,31,1,0,93,0, 657
3674.637,3,31,1,0,92,0, 658
3678.187,3,31,1,0,93,0, 657
3680.504,3,32,0,0,0,0,250
3684.287,3,32,0,108,108,0, 142
3686.92,3,32,0,5,103,0, 147
3688.154,3,32,0,10,93,0, 157
3690.204,3,32,0,1,92,0, 158
3692.82,3,32,1,0,91,0, 159
3695.42,3,32,0,1,90,0, 160
3699.387,3,32,1,0,89,0, 161
3706.72,3,32,1,0,90,0, 160
3714.437,3,32,1,0,91,0, 159
3727.387,3,32,1,0,90,0, 160
3732.454,3,33,0,0,0,0,750
3734.62,3,33,0,134,134,0, 616
3737.604,3,33,0,31,165,0, 585
3740.87,3,33,0,38,127,0, 623
3742.137,3,33,0,29,98,0, 652
3745.22,3,33,0,1,97,0, 653
3746.37,3,33,0,1,96,0, 654
3746.92,3,33,1,0,97,0, 653
3747.17,3,33,0,1,96,0, 654
3748.737,3,33,0,1,95,0, 655
3755.42,3,33,1,0,96,0, 654
3757.937,3,33,1,0,97,0, 653
3759.537,3,33,1,0,98,0, 652
3761.62,3,33,1,0,99,0, 651
3764.287,3,33,1,0,100,0, 650
3764.887,3,33,1,0,101,0, 649
3765.82,3,33,1,0,102,0, 648
3772.937,3,34,0,0,0,0,500
3777.687,3,34,0,96,96,0, 404
3780.32,3,34,0,7,89,0, 411
3781.887,3,34,0,6,83,0, 417
3783.487,3,34,0,1,82,0, 418
3784.787,3,34,0,1,81,0, 419
3786.07,3,34,0,1,80,0, 420
3787.504,3,34,0,3,77,0, 423
3793.054,3,34,1,0,78,0, 422
3799.737,3,34,1,0,79,0, 421
3804.021,3,34,1,0,80,0, 420
3804.854,3,34,1,0,81,0, 419
3806.254,3,34,1,0,80,0, 420
3808.654,3,34,1,0,79,0, 421
3809.42,3,34,1,0,78,0, 422
3809.854,3,34,1,0,77,0, 423
3812.087,3,34,1,0,76,0, 424
3816.67,3,34,1,0,75,0, 425
3826.554,3,34,1,0,76,0, 424
3827.104,3,34,1,0,77,0, 423
3834.337,3,35,0,0,0,0,500
3840.62,3,35,0,94,94,0, 406
3842.054,3,35,0,7,101,0, 399
3845.837,3,35,0,12,89,0, 411
3847.237,3,35,0,3,86,0, 414
3849.854,3,35,0,1,85,0, 415
3852.454,3,35,0,1,84,0, 416
3859.487,3,35,0,2,86,0, 414
3860.104,3,35,1,0,87,0, 413
3861.804,3,35,1,0,86,0, 414
3862.704,3,35,1,0,87,0, 413
3863.187,3,35,1,0,88,0, 412
3863.704,3,35,1,0,89,0, 411
3864.154,3,35,1,0,88,0, 412
3865.054,3,35,1,0,89,0, 411
3868.42,3,35,1,0,90,0, 410
3868.887,3,35,1,0,89,0, 411
3869.92,3,35,1,0,90,0, 410
3871.47,3,35,1,0,91,0, 409
3885.12,3,35,1,0,92,0, 408
3887.704,3,36,0,0,0,0,250
3890.07,3,36,0,100,100,0, 150
3892.554,3,36,0,1,99,0, 151
3893.37,3,36,0,5,94,0, 156
3894.687,3,36,0,1,93,0, 157
3895.754,3,36,0,2,91,0, 159
3897.737,3,36,0,1,90,0, 160
3899.204,3,36,0,1,89,0, 161
3903.22,3,36,1,0,90,0, 160
3905.67,3,36,1,0,89,0, 161
3906.12,3,36,1,0,90,0, 160
3906.654,3,36,1,0,91,0, 159
3913.47,3,36,1,0,90,0, 160
3919.204,3,36,1,0,91,0, 159
3921.804,3,36,1,0,92,0, 158
3944.404,3,37,0,0,0,0,200
3953.254,3,37,0,98,98,0, 102
3956.504,3,37,0,98,98,98, 4
3959.637,3,37,0,2,98,96, 6
3960.354,3,37,0,1,98,95, 7
3967.537,3,37,0,2,98,97, 5
3968.22,3,37,0,1,98,98, 4
3969.187,3,37,0,1,98,99, 3
3970.704,3,37,0,2,98,101, 1
3971.287,3,37,0,1,98,102, 0
3975.47,3,37,1,0,99,101, 0
3982.37,3,38,0,0,0,0,200
3988.271,3,38,0,99,0,99, 101
3992.037,3,38,0,101,101,99, 0
3993.787,3,38,0,1,100,100, 0
3997.954,3,39,0,0,0,0,200
4006.104,3,39,0,86,86,0, 114
4008.571,3,39,0,100,186,0, 14
4011.82,3,39,0,101,86,101, 13
4015.07,3,39,0,9,95,101, 4
4016.954,3,39,1,0,96,101, 3
4020.787,3,39,0,1,95,102, 3
4022.787,3,39,1,0,95,103, 2
4023.437,3,39,1,0,95,104, 1
4025.887,3,39,1,0,95,105, 0
4032.404,3,40,0,0,0,0,200
4039.021,3,40,0,101,101,0, 99
4042.287,3,40,0,95,101,95, 4
4043.604,3,40,0,3,101,98, 1
4044.521,3,40,0,1,101,99, 0
4048.57,3,40,0,1,102,98, 0
4050.12,3,41,0,0,0,0,200
4056.92,3,41,0,11,0,11, 189
4059.087,3,41,0,68,0,79, 121
4062.42,3,41,0,7,7,79, 114
4072.237,3,41,0,72,79,79, 42
4073.07,3,41,0,3,82,79, 39
4075.72,3,41,0,20,102,79, 19
4078.087,3,41,0,9,102,88, 10
4078.654,3,41,0,3,102,91, 7
4079.604,3,41,0,3,102,94, 4
4080.854,3,41,0,2,102,96, 2
4081.42,3,41,1,0,102,97, 1
4083.304,3,41,1,0,102,98, 0
4086.037,3,42,0,0,0,0,200
4090.704,3,42,0,127,127,0, 73
4091.654,3,42,1,0,128,0, 72
4095.07,3,42,0,69,128,69, 3
4096.237,3,42,1,0,128,70, 2
4097.037,3,42,1,0,128,71, 1
4097.737,3,42,1,0,128,72, 0
4100.521,3,42,0,1,127,73, 0
4103.187,3,42,0,8,119,81, 0
4105.437,3,42,0,2,117,83, 0
4106.387,3,42,1,0,117,82, 1
4106.687,3,42,0,3,114,85, 1
4107.587,3,42,1,0,114,86, 0
4108.737,3,42,1,0,113,87, 0
4110.987,3,43,0,0,0,0,200
4116.204,3,43,0,79,79,0, 121
4117.32,3,43,0,18,97,0, 103
4120.92,3,43,0,93,97,93, 10
4121.987,3,43,0,4,97,97, 6
4122.72,3,43,0,1,97,98, 5
4124.57,3,43,0,2,97,100, 3
4125.887,3,43,1,0,97,101, 2
4128.354,3,43,0,2,97,103, 0
4130.987,3,43,0,2,99,101, 0
4132.454,3,44,0,0,0,0,200
4138.82,3,44,0,90,90,0, 110
4141.987,3,44,0,5,90,5, 105
4143.537,3,44,0,85,90,90, 20
4146.637,3,44,0,3,90,93, 17
4150.837,3,44,0,3,93,93, 14
4151.387,3,44,1,0,92,94, 14
4153.504,3,44,0,4,96,94, 10
4157.021,3,44,0,5,96,99, 5
4158.004,3,44,1,0,96,100, 4
4160.504,3,44,1,0,96,101, 3
4165.054,3,44,1,0,97,101, 2
4165.637,3,44,1,0,98,101, 1
4166.055,3,44,1,0,99,101, 0
4170.554,3,45,0,0,0,0,200
4176.07,3,45,0,59,59,0, 141
4177.137,3,45,0,15,74,0, 126
4178.354,3,45,0,24,98,0, 102
4179.954,3,45,1,0,99,0, 101
4182.304,3,45,0,65,99,65, 36
4183.654,3,45,0,23,99,88, 13
4184.871,3,45,0,6,99,94, 7
4186.104,3,45,0,8,98,102, 0
4187.987,3,45,1,0,99,101, 0
4190.72,3,46,0,0,0,0,200
4194.42,3,46,0,90,90,0, 110
4195.121,3,46,0,3,93,0, 107
4196.07,3,46,0,1,94,0, 106
4196.854,3,46,0,2,96,0, 104
4197.604,3,46,1,0,97,0, 103
4199.287,3,46,1,0,98,0, 102
4202.287,3,46,1,0,99,0, 101
4206.954,3,46,0,63,99,63, 38
4208.854,3,46,0,36,99,99, 2
4209.92,3,46,1,0,99,100, 1
4210.637,3,46,1,0,99,101, 0
4212.737,3,46,1,0,98,102, 0
4214.337,3,46,1,0,97,103, 0
4219.954,3,46,1,0,96,104, 0
4222.904,3,47,0,0,0,0,200
4226.57,3,47,0,91,91,0, 109
4228.687,3,47,0,2,93,0, 107
4229.287,3,47,0,1,94,0, 106
4229.97,3,47,0,1,95,0, 105
4233.754,3,47,0,97,95,97, 8
4235.804,3,47,0,3,95,100, 5
4239.537,3,47,0,2,97,100, 3
4240.787,3,47,1,0,96,101, 3
4241.32,3,47,0,4,100,100, 0
4242.687,3,47,1,0,99,101, 0
4260.287,3,48,0,0,0,0,200
4264.904,3,48,0,96,96,0, 104
4267.054,3,48,0,92,96,92, 12
4267.987,3,48,1,0,96,93, 11
4268.537,3,48,1,0,96,94, 10
4269.971,3,48,0,4,96,98, 6
4270.72,3,48,1,0,96,99, 5
4272.621,3,48,0,1,96,100, 4
4274.604,3,48,0,2,98,100, 2
4276.021,3,48,1,0,99,100, 1
4278.037,3,48,1,0,99,101, 0
4281.137,3,49,0,0,0,0,200
4288.721,3,49,0,93,0,93, 107
4290.271,3,49,0,2,0,95, 105
4292.137,3,49,0,67,0,162, 38
4295.454,3,49,0,77,77,95, 28
4297.47,3,49,0,8,85,95, 20
4300.504,3,49,0,4,89,95, 16
4303.854,3,49,0,8,89,103, 8
4305.887,3,49,0,2,91,103, 6
4306.604,3,49,0,2,93,103, 4
4308.837,3,49,0,2,91,105, 4
4309.771,3,49,1,0,91,106, 3
4315.904,3,49,0,9,100,100, 0
4318.187,3,50,0,0,0,0,200
4324.054,3,50,0,100,100,0, 100
4327.187,3,50,0,79,100,79, 21
4328.487,3,50,0,8,100,87, 13
4329.787,3,50,0,8,100,95, 5
4331.854,3,50,0,4,104,95, 1
4332.554,3,50,0,1,105,95, 0
4335.187,3,50,0,2,103,97, 0
4338.404,3,50,1,0,104,96, 0
4339.604,3,51,0,0,0,0,200
4345.487,3,51,0,81,81,0, 119
4347.621,3,51,0,20,101,0, 99
4349.721,3,51,0,105,94,105, 1
4352.337,3,51,1,0,95,105, 0
4353.971,3,51,0,2,97,103, 0
4354.687,3,51,0,1,98,102, 0
4358.271,3,51,0,1,99,101, 0
4361.837,3,52,0,0,0,0,200
4366.437,3,52,0,99,99,0, 101
4369.587,3,52,0,101,99,101, 0
4375.237,3,53,0,0,0,0,200
4381.121,3,53,0,99,99,0, 101
4381.904,3,53,0,1,100,0, 100
4382.637,3,53,0,1,101,0, 99
4383.621,3,53,0,3,104,0, 96
4386.304,3,53,0,77,104,77, 19
4387.137,3,53,0,3,104,80, 16
4389.971,3,53,0,13,104,93, 3
4390.937,3,53,0,1,104,94, 2
4391.487,3,53,0,2,104,96, 0
4398.054,3,53,0,1,105,95, 0
4400.871,3,54,0,0,0,0,200
4410.32,3,54,0,37,37,0, 163
4411.42,3,54,0,26,63,0, 137
4411.904,3,54,1,0,62,1, 137
4413.57,3,54,0,20,82,0, 118
4415.587,3,54,0,4,86,0, 114
4417.837,3,54,0,97,86,97, 17
4418.754,3,54,0,2,86,99, 15
4419.471,3,54,0,1,86,100, 14
4420.67,3,54,0,5,86,105, 9
4421.471,3,54,0,6,86,111, 3
4427.004,3,54,0,6,92,108, 0
4430.587,3,54,0,2,94,106, 0
4436.787,3,55,0,0,0,0,200
4439.354,3,55,0,101,101,0, 99
4442.021,3,55,0,93,101,93, 6
4442.82,3,55,0,7,100,100, 0
4444.737,3,55,1,0,99,101, 0
4445.137,3,55,0,2,101,99, 0
4446.904,3,56,0,0,0,0,200
4451.554,3,56,0,94,94,0, 106
4453.887,3,56,0,98,94,98, 8
4456.204,3,56,0,3,94,101, 5
4458.654,3,56,0,3,97,98, 5
4459.42,3,56,0,1,98,97, 5
4460.304,3,56,0,1,99,97, 4
4461.687,3,56,0,1,100,97, 3
4464.754,3,56,0,2,100,99, 1
4466.871,3,56,0,1,100,100, 0
4469.537,3,56,0,2,98,102, 0
4471.287,3,57,0,0,0,0,200
4474.521,3,57,0,101,101,0, 99
4476.42,3,57,0,98,101,98, 1
4477.587,3,57,1,0,101,99, 0
4481.687,3,58,0,0,0,0,200
4484.787,3,58,0,109,109,0, 91
4487.504,3,58,0,88,109,88, 3
4489.621,3,58,0,1,110,88, 2
4491.621,3,58,0,2,110,90, 0
4494.737,3,58,0,2,108,92, 0
4497.837,3,59,0,0,0,0,200
4500.654,3,59,0,80,80,0, 120
4501.537,3,59,0,18,98,0, 102
4502.204,3,59,0,1,99,0, 101
4505.121,3,59,0,6,99,6, 95
4506.221,3,59,0,8,98,14, 88
4507.221,3,59,0,82,98,96, 6
4507.887,3,59,0,3,98,99, 3
4509.087,3,59,0,3,98,102, 0
4514.32,3,60,0,0,0,0,200
4517.737,3,60,0,95,95,0, 105
4519.987,3,60,0,105,95,105, 0
4527.004,3,60,0,1,96,104, 0
4528.32,3,60,0,1,97,103, 0
4531.054,3,61,0,0,0,0,200
4534.154,3,61,0,89,89,0, 111
4535.42,3,61,0,5,94,0, 106
4537.871,3,61,0,88,94,88, 18
4538.454,3,61,1,0,94,87, 19
4539.92,3,61,0,18,94,105, 1
4540.904,3,61,0,1,94,106, 0
4543.537,3,62,0,0,0,0,200
4545.937,3,62,0,100,100,0, 100
4548.104,3,62,0,100,100,100, 0
4550.037,3,63,0,0,0,0,200
4556.121,3,63,0,90,90,0, 110
4558.604,3,63,0,79,90,79, 31
4559.604,3,63,0,19,90,98, 12
4562.687,3,63,0,3,93,97, 10
4563.287,3,63,0,1,94,96, 10
4565.837,3,63,0,2,96,96, 8
4566.804,3,63,0,3,99,96, 5
4568.437,3,63,0,2,101,96, 3
4571.487,3,63,1,0,101,95, 4
4572.471,3,63,1,0,101,94, 5
4572.837,3,63,0,2,101,96, 3
4573.504,3,63,0,1,101,97, 2
4573.937,3,63,1,0,101,96, 3
4574.837,3,63,1,0,101,95, 4
4575.387,3,63,0,3,100,98, 2
4575.871,3,63,1,0,100,97, 3
4576.337,3,63,0,2,100,99, 1
4578.82,3,63,1,0,101,99, 0
4586.637,3,63,0,2,103,97, 0
4589.454,3,63,0,1,104,96, 0
4593.087,3,64,0,0,0,0,200
4596.887,3,64,0,95,95,0, 105
4598.004,3,64,0,1,96,0, 104
4601.804,3,64,0,104,95,104, 1
4602.837,3,64,0,1,95,105, 0
4606.621,3,64,0,4,99,101, 0
4609.67,3,65,0,0,0,0,200
4612.404,3,65,0,88,88,0, 112
4614.954,3,65,0,111,88,111, 1
4616.137,3,65,0,1,88,112, 0
4630.121,3,66,0,0,0,0,200
4635.654,3,66,0,79,79,0, 121
4636.954,3,66,0,4,83,0, 117
4639.221,3,66,0,76,159,0, 41
4642.387,3,66,0,99,83,99, 18
4644.937,3,66,0,1,83,100, 17
4646.054,3,66,1,0,83,99, 18
4646.287,3,66,0,7,83,106, 11
4650.254,3,66,0,1,84,106, 10
4650.954,3,66,1,0,85,106, 9
4651.504,3,66,1,0,86,106, 8
4652.104,3,66,1,0,87,106, 7
4653.054,3,66,1,0,88,106, 6
4654.071,3,66,0,1,89,106, 5
4654.687,3,66,1,0,90,106, 4
4655.304,3,66,1,0,91,106, 3
4655.987,3,66,1,0,92,106, 2
4657.687,3,66,0,1,92,107, 1
4658.954,3,66,1,0,92,106, 2
4659.687,3,66,0,1,92,107, 1
4660.254,3,66,1,0,92,108, 0
4662.787,3,66,0,4,88,112, 0
4665.221,3,67,0,0,0,0,200
4667.354,3,67,0,89,89,0, 111
4669.087,3,67,0,99,89,99, 12
4674.587,3,67,0,5,94,98, 8
4675.621,3,67,0,5,99,98, 3
4677.054,3,67,0,3,102,98, 0
4681.637,3,67,0,5,97,103, 0
4684.32,3,68,0,0,0,0,200
4686.471,3,68,0,106,106,0, 94
4688.721,3,68,0,94,106,94, 0
4691.054,3,69,0,0,0,0,200
4694.854,3,69,0,102,102,0, 98
4698.021,3,69,0,98,102,98, 0
4702.354,3,69,0,2,104,96, 0
4706.987,3,70,0,0,0,0,200
4711.371,3,70,0,95,95,0, 105
4712.737,3,70,0,5,100,0, 100
4714.754,3,70,0,43,100,43, 57
4716.471,3,70,0,56,100,99, 1
4717.271,3,70,0,1,100,100, 0
4720.054,3,71,0,0,0,0,200
4722.621,3,71,0,86,86,0, 114
4723.554,3,71,0,6,92,0, 108
4726.504,3,71,0,85,92,85, 23
4727.504,3,71,0,3,92,88, 20
4728.804,3,71,0,12,92,100, 8
4730.92,3,71,0,6,91,106, 3
4734.187,3,71,0,4,95,104, 1
4735.004,3,71,0,1,96,104, 0
4737.137,3,71,0,1,95,105, 0
4739.871,3,72,0,0,0,0,200
4744.187,3,72,0,89,89,0, 111
4746.271,3,72,0,88,89,88, 23
4749.004,3,72,0,18,89,106, 5
4751.154,3,72,0,5,94,106, 0
57.03666,4,1,0,0,0,0,200
82.20332,4,1,0,25,0,25, 175
90.53669,4,2,0,0,0,0,200
98.38681,4,2,0,15,15,0, 185
100.8533,4,2,0,16,15,16, 169
106.0533,4,3,0,0,0,0,200
110.2033,4,3,0,45,0,45, 155
114.42,4,3,0,26,26,45, 129
123.2367,4,4,0,0,0,0,200
133.8366,4,4,0,61,61,0, 139
136.8367,4,4,0,73,61,73, 66
142.1033,4,5,0,0,0,0,200
151.22,4,5,0,59,59,0, 141
155.5867,4,5,0,33,59,33, 108
157.0033,4,5,0,4,59,37, 104
158.77,4,5,0,4,59,41, 100
162.2533,4,5,0,8,67,41, 92
165.37,4,6,0,0,0,0,200
176.87,4,6,0,35,35,0, 165
178.22,4,6,1,0,36,0, 164
179.2367,4,6,0,39,75,0, 125
183.6867,4,6,0,34,75,34, 91
189.4533,4,6,0,3,75,37, 88
193.3368,4,7,0,0,0,0,200
205.3367,4,7,0,97,97,0, 103
216.0367,4,7,0,50,76,50, 74
219.5867,4,7,0,1,76,51, 73
221.0033,4,7,0,1,76,52, 72
223.1367,4,7,1,0,76,53, 71
224.8867,4,7,1,0,76,54, 70
226.9867,4,8,0,0,0,0,200
243.6867,4,8,0,53,53,0, 147
248.9367,4,8,0,26,79,0, 121
252.5033,4,8,0,46,79,46, 75
253.6033,4,8,1,0,79,47, 74
254.4033,4,8,1,0,79,48, 73
255.6866,4,8,1,0,79,49, 72
256.32,4,8,1,0,79,50, 71
257.7701,4,8,1,0,79,51, 70
258.9367,4,8,1,0,79,52, 69
259.72,4,8,1,0,79,53, 68
260.5534,4,8,1,0,79,54, 67
261.5367,4,8,1,0,79,55, 66
262.17,4,8,1,0,79,56, 65
264.0533,4,9,0,0,0,0,200
269.7701,4,9,0,41,0,41, 159
271.47,4,9,0,29,0,70, 130
276.87,4,9,0,45,45,70, 85
278.9034,4,10,0,0,0,0,200
283.2533,4,10,0,49,0,49, 151
284.6033,4,10,0,1,0,50, 150
285.7534,4,10,0,1,0,51, 149
289.62,4,10,0,4,0,55, 145
293.9867,4,10,0,8,8,55, 137
295.07,4,10,0,5,13,55, 132
296.0867,4,10,0,6,19,55, 126
297.42,4,10,0,18,37,54, 109
298.87,4,10,0,3,40,54, 106
299.9367,4,10,0,1,41,54, 105
300.77,4,10,1,0,42,54, 104
301.1867,4,10,0,1,43,54, 103
304.2367,4,10,0,10,53,54, 93
306.37,4,11,0,0,0,0,200
309.42,4,11,0,26,26,0, 174
312.0367,4,11,0,7,33,0, 167
317.57,4,11,0,25,33,25, 142
319.3034,4,11,0,12,33,37, 130
321.17,4,11,0,5,33,42, 125
321.9367,4,11,1,0,33,43, 124
323.0533,4,11,0,17,33,60, 107
331.3034,4,12,0,0,0,0,200
343.1367,4,12,0,57,57,0, 143
347.1867,4,12,0,16,57,16, 127
350.3367,4,12,0,1,57,17, 126
352.5533,4,12,0,17,57,34, 109
354.37,4,13,0,0,0,0,200
357.2701,4,13,0,20,20,0, 180
358.87,4,13,0,2,22,0, 178
366.07,4,13,0,57,79,0, 121
372.0534,4,13,0,53,79,53, 68
374.87,4,14,0,0,0,0,200
378.57,4,14,0,47,0,47, 153
381.4533,4,15,0,0,0,0,200
390.87,4,15,0,81,81,0, 119
392.7367,4,15,0,3,84,0, 116
396.37,4,16,0,0,0,0,200
400.4867,4,16,0,60,0,60, 140
401.8533,4,16,0,2,0,62, 138
407.82,4,16,0,42,0,104, 96
411.77,4,16,0,32,32,104, 64
413.92,4,17,0,0,0,0,200
419.0034,4,17,0,55,55,0, 145
425.4034,4,17,0,14,55,14, 131
426.2702,4,17,1,0,55,15, 130
428.1867,4,17,1,0,55,16, 129
430.7034,4,18,0,0,0,0,200
434.6367,4,18,0,53,53,0, 147
438.7701,4,18,0,7,53,7, 140
442.1867,4,18,1,0,53,8, 139
445.1534,4,18,0,7,53,15, 132
450.82,4,18,0,4,53,19, 128
469.6534,4,19,0,0,0,0,200
477.5367,4,20,0,0,0,0,200
488.1201,4,21,0,0,0,0,200
491.1367,4,21,0,1,1,0, 199
492.5701,4,21,0,1,2,0, 198
495.3867,4,21,0,2,2,2, 196
501.9367,4,22,0,0,0,0,200
504.3867,4,22,0,1,1,0, 199
505.4533,4,22,0,1,2,0, 198
507.97,4,22,0,3,2,3, 195
510.1534,4,23,0,0,0,0,200
513.5533,4,23,0,1,0,1, 199
515.0867,4,23,0,2,0,3, 197
522.5034,4,23,0,3,3,3, 194
524.2867,4,23,1,0,4,3, 193
525.2034,4,23,1,0,5,3, 192
529.5367,4,24,0,0,0,0,200
530.5367,4,25,0,0,0,0,200
540.0867,4,25,1,0,0,1, 199
540.67,4,25,0,12,0,13, 187
544.9366,4,25,0,7,0,20, 180
550.0867,4,25,0,28,28,20, 152
552.2701,4,26,0,0,0,0,200
564.6033,4,26,0,1,0,1, 199
567.1867,4,26,0,8,0,9, 191
568.9034,4,26,0,3,0,12, 188
573.42,4,26,0,9,9,12, 179
574.4701,4,26,0,4,13,12, 175
576.3201,4,27,0,0,0,0,200
584.6367,4,27,0,32,0,32, 168
589.9369,4,27,0,25,25,32, 143
592.0867,4,28,0,0,0,0,200
595.5701,4,28,0,54,54,0, 146
606.4034,4,28,0,94,54,94, 52
608.1034,4,29,0,0,0,0,200
610.1035,4,29,0,2,2,0, 198
611.1034,4,29,0,1,3,0, 197
615.5701,4,29,0,34,3,34, 163
620.4534,4,30,0,0,0,0,200
625.9868,4,30,0,60,60,0, 140
627.7534,4,30,0,12,72,0, 128
638.8033,4,30,0,16,72,16, 112
640.22,4,30,0,4,72,20, 108
641.4367,4,30,1,0,72,21, 107
642.0367,4,30,1,0,72,22, 106
644.1534,4,30,0,4,72,26, 102
646.1534,4,31,0,0,0,0,200
658.3534,4,31,0,78,0,78, 122
660.2201,4,31,1,0,0,79, 121
660.7534,4,31,0,7,0,86, 114
667.4367,4,31,0,6,6,86, 108
669.0034,4,32,0,0,0,0,200
671.1534,4,32,0,6,6,0, 194
672.5701,4,32,0,2,8,0, 192
675.4701,4,32,0,10,18,0, 182
679.8034,4,32,0,6,18,6, 176
683.0034,4,32,0,6,18,12, 170
684.6701,4,33,0,0,0,0,200
696.3701,4,33,0,15,0,15, 185
698.7701,4,33,0,33,0,48, 152
704.9701,4,33,0,68,68,48, 84
706.4701,4,34,0,0,0,0,200
721.0201,4,34,0,13,0,13, 187
722.92,4,34,0,9,0,22, 178
732.8367,4,34,0,76,76,22, 102
734.5201,4,34,0,2,78,22, 100
736.4367,4,35,0,0,0,0,200
740.0367,4,35,0,66,66,0, 134
742.1201,4,35,0,2,68,0, 132
743.0701,4,35,0,1,69,0, 131
744.7534,4,35,0,1,70,0, 130
752.67,4,35,0,21,70,21, 109
754.67,4,36,0,0,0,0,200
761.0201,4,36,0,96,96,0, 104
770.4367,4,36,0,39,96,39, 65
781.1201,4,37,0,0,0,0,250
823.9034,4,37,0,96,96,0, 154
853.1034,4,38,0,0,0,0,250
857.3534,4,38,0,57,57,0, 193
858.9867,4,38,0,6,63,0, 187
862.3867,4,38,0,9,72,0, 178
864.4368,4,38,0,3,75,0, 175
867.0034,4,38,0,4,79,0, 171
881.7867,4,39,0,0,0,0,500
888.4034,4,39,0,60,60,0, 440
889.7867,4,39,0,21,81,0, 419
891.7034,4,39,0,16,97,0, 403
893.2033,4,39,0,11,108,0, 392
895.4034,4,39,0,32,140,0, 360
903.42,4,40,0,0,0,0,750
906.5534,4,40,0,103,103,0, 647
908.0534,4,40,1,0,104,0, 646
908.5534,4,40,0,22,126,0, 624
910.3201,4,40,0,12,138,0, 612
911.8701,4,41,0,0,0,0,750
914.4201,4,41,0,84,84,0, 666
916.3201,4,41,1,0,85,0, 665
916.8533,4,41,0,21,106,0, 644
918.8534,4,42,0,0,0,0,500
920.7368,4,42,0,41,41,0, 459
922.1034,4,42,0,24,65,0, 435
925.3201,4,43,0,0,0,0,500
929.3701,4,43,0,47,47,0, 453
931.3201,4,43,0,16,63,0, 437
934.5367,4,44,0,0,0,0,250
936.4368,4,44,0,53,53,0, 197
939.6701,4,45,0,0,0,0,750
941.52,4,45,0,68,68,0, 682
942.5867,4,45,0,19,87,0, 663
944.0201,4,45,0,17,104,0, 646
947.2534,4,45,0,25,129,0, 621
949.2701,4,46,0,0,0,0,250
951.3033,4,46,0,67,67,0, 183
952.8701,4,47,0,0,0,0,250
954.8201,4,47,0,82,82,0, 168
956.0701,4,47,0,1,83,0, 167
961.1201,4,48,0,0,0,0,250
963.9534,4,48,0,57,57,0, 193
965.5034,4,48,0,9,66,0, 184
967.1534,4,49,0,0,0,0,250
968.9868,4,49,0,43,43,0, 207
971.8534,4,49,0,3,46,0, 204
973.5534,4,50,0,0,0,0,500
975.8533,4,50,0,61,61,0, 439
977.4534,4,50,0,30,91,0, 409
978.6701,4,50,0,10,101,0, 399
980.5534,4,51,0,0,0,0,500
985.0367,4,51,0,57,57,0, 443
986.5867,4,51,0,9,66,0, 434
987.6201,4,51,0,9,75,0, 425
989.4534,4,51,0,11,86,0, 414
992.4868,4,51,1,0,87,0, 413
993.0034,4,51,0,1,88,0, 412
995.7534,4,52,0,0,0,0,750
999.0868,4,52,0,58,58,0, 692
1000.77,4,52,0,11,69,0, 681
1002.637,4,52,0,5,74,0, 676
1004.72,4,52,1,0,73,0, 677
1005.153,4,52,0,8,81,0, 669
1007.22,4,53,0,0,0,0,750
1009.403,4,53,0,40,40,0, 710
1011.32,4,53,0,17,57,0, 693
1012.053,4,53,1,0,58,0, 692
1012.903,4,53,0,11,69,0, 681
1015.67,4,54,0,0,0,0,500
1017.37,4,54,0,52,52,0, 448
1018.403,4,54,0,5,57,0, 443
1020.887,4,54,0,13,70,0, 430
1023.32,4,54,0,12,82,0, 418
1024.47,4,54,0,6,88,0, 412
1034.17,4,55,0,0,0,0,250
1040.27,4,55,0,21,21,0, 229
1041.587,4,55,1,0,22,0, 228
1041.97,4,55,0,6,28,0, 222
1053.553,4,56,0,0,0,0,250
1060.02,4,56,0,37,37,0, 213
1063.203,4,56,0,30,67,0, 183
1065.62,4,56,0,1,68,0, 182
1069.27,4,56,0,4,72,0, 178
1070.637,4,56,0,1,73,0, 177
1074.287,4,56,0,5,78,0, 172
1077.803,4,56,0,29,107,0, 143
1091.32,4,57,0,0,0,0,500
1094.403,4,57,0,45,45,0, 455
1097.337,4,57,0,22,67,0, 433
1101.77,4,57,0,125,192,0, 308
1103.837,4,57,0,19,211,0, 289
1109.937,4,57,0,13,224,0, 276
1116.203,4,58,0,0,0,0,500
1122.503,4,58,0,73,73,0, 427
1125.387,4,58,0,53,126,0, 374
1127.787,4,58,0,10,136,0, 364
1130.87,4,58,0,15,151,0, 349
1132.67,4,59,0,0,0,0,250
1136.803,4,59,0,54,54,0, 196
1138.353,4,59,1,0,55,0, 195
1138.77,4,59,0,23,78,0, 172
1145.053,4,59,0,23,101,0, 149
1147.287,4,60,0,0,0,0,750
1153.853,4,60,0,138,138,0, 612
1157.67,4,60,0,37,175,0, 575
1164.12,4,60,0,54,229,0, 521
1166.237,4,60,0,22,251,0, 499
1168.103,4,61,0,0,0,0,500
1172.253,4,61,0,120,120,0, 380
1174.937,4,61,0,20,140,0, 360
1178.62,4,61,0,18,158,0, 342
1180.853,4,62,0,0,0,0,750
1187.853,4,62,0,137,137,0, 613
1190.337,4,62,0,54,191,0, 559
1192.42,4,63,0,0,0,0,250
1197.12,4,63,0,16,16,0, 234
1200.737,4,63,0,64,80,0, 170
1204.003,4,63,0,21,101,0, 149
1206.137,4,63,0,2,103,0, 147
1209.403,4,64,0,0,0,0,500
1216.403,4,64,0,123,123,0, 377
1219.604,4,64,0,30,153,0, 347
1222.503,4,64,0,35,188,0, 312
1225.103,4,64,0,29,217,0, 283
1228.07,4,64,0,6,223,0, 277
1231.503,4,65,0,0,0,0,750
1236.87,4,65,0,62,62,0, 688
1243.337,4,65,0,54,116,0, 634
1248.287,4,65,0,68,184,0, 566
1252.053,4,65,0,51,235,0, 515
1255.637,4,65,0,53,288,0, 462
1261.303,4,66,0,0,0,0,500
1271.52,4,66,0,106,106,0, 394
1273.137,4,66,0,44,150,0, 350
1274.687,4,66,0,32,182,0, 318
1276.587,4,67,0,0,0,0,750
1281.553,4,67,0,94,94,0, 656
1283.287,4,67,0,54,148,0, 602
1286.237,4,67,0,65,213,0, 537
1287.787,4,68,0,0,0,0,250
1290.354,4,68,0,82,82,0, 168
1295.453,4,68,0,18,100,0, 150
1297.337,4,69,0,0,0,0,500
1300.337,4,69,0,62,62,0, 438
1301.67,4,69,1,0,63,0, 437
1302.02,4,69,0,55,118,0, 382
1303.537,4,69,1,0,119,0, 381
1303.953,4,69,0,45,164,0, 336
1305.437,4,70,0,0,0,0,250
1309.903,4,70,0,35,35,0, 215
1312.887,4,70,0,26,61,0, 189
1315.22,4,70,0,22,83,0, 167
1316.82,4,71,0,0,0,0,750
1319.653,4,71,0,118,118,0, 632
1321.737,4,71,0,66,184,0, 566
1325.053,4,71,0,44,228,0, 522
1327.237,4,72,0,0,0,0,250
1331.403,4,72,0,69,69,0, 181
1333.737,4,72,0,19,88,0, 162
80.58678,5,1,0,0,0,0,250
87.98666,5,1,0,101,101,0, 149
92.82,5,1,0,0,0,0, 250
107.5033,5,1,1,0,1,0, 249
108.2867,5,1,1,0,2,0, 248
108.6867,5,1,1,0,3,0, 247
111.32,5,1,0,82,85,0, 165
127.47,5,2,0,0,0,0,250
135.0033,5,2,0,99,99,0, 151
138.92,5,2,0,4,95,0, 155
140.02,5,2,0,2,93,0, 157
143.7867,5,3,0,0,0,0,500
151.4366,5,3,0,119,119,0, 381
155.5367,5,3,0,18,101,0, 399
156.7368,5,3,0,5,96,0, 404
159.77,5,3,1,0,97,0, 403
159.9533,5,3,0,1,96,0, 404
160.6866,5,3,0,1,95,0, 405
161.62,5,3,0,1,94,0, 406
165.3533,5,3,0,2,92,0, 408
177.5533,5,4,0,0,0,0,250
183.5367,5,4,0,108,108,0, 142
187.5033,5,4,0,3,105,0, 145
190.47,5,4,0,6,99,0, 151
191.67,5,4,0,5,94,0, 156
193.37,5,4,0,1,93,0, 157
194.1367,5,4,0,1,92,0, 158
194.72,5,4,1,0,91,0, 159
195.4867,5,4,1,0,90,0, 160
204.17,5,4,1,0,89,0, 161
214.82,5,5,0,0,0,0,250
223.6867,5,5,0,106,106,0, 144
227.2867,5,5,0,2,104,0, 146
227.97,5,5,1,0,105,0, 145
228.7867,5,5,0,4,101,0, 149
231.42,5,5,0,1,100,0, 150
233.72,5,5,0,1,99,0, 151
234.4867,5,5,0,1,98,0, 152
235.7867,5,5,0,1,97,0, 153
236.02,5,5,1,0,96,0, 154
237.2201,5,5,0,1,95,0, 155
239.92,5,5,0,3,92,0, 158
240.37,5,5,0,1,91,0, 159
259.1867,5,5,0,1,90,0, 160
279.0866,5,5,0,1,89,0, 161
281.8033,5,6,0,0,0,0,750
289.9033,5,6,0,112,112,0, 638
291.3033,5,6,0,4,116,0, 634
293.9867,5,6,0,16,132,0, 618
297.07,5,6,0,21,111,0, 639
299.3867,5,6,0,3,108,0, 642
300.3366,5,6,0,4,104,0, 646
300.62,5,6,1,0,105,0, 645
300.92,5,6,0,1,104,0, 646
301.5034,5,6,1,0,105,0, 645
301.72,5,6,0,1,104,0, 646
302.3367,5,6,0,1,103,0, 647
312.12,5,6,0,2,101,0, 649
317.4867,5,6,0,1,100,0, 650
317.92,5,6,1,0,99,0, 651
324.4034,5,6,0,1,98,0, 652
333.7867,5,6,0,1,97,0, 653
341.8867,5,7,0,0,0,0,500
350.4367,5,7,0,137,137,0, 363
354.6534,5,7,0,5,132,0, 368
356.3534,5,7,0,1,131,0, 369
357.7535,5,7,0,2,129,0, 371
362.1367,5,7,0,2,127,0, 373
363.7867,5,7,0,19,108,0, 392
365.17,5,7,0,5,103,0, 397
367.8367,5,7,1,0,102,0, 398
369.1867,5,7,1,0,101,0, 399
371.9366,5,7,0,1,100,0, 400
373.22,5,7,0,2,98,0, 402
376.87,5,7,0,1,97,0, 403
377.32,5,7,0,1,96,0, 404
377.82,5,7,0,1,95,0, 405
381.02,5,7,0,1,94,0, 406
391.8199,5,7,0,1,93,0, 407
398.0367,5,7,0,1,92,0, 408
413.47,5,7,0,1,91,0, 409
413.97,5,7,0,1,90,0, 410
421.2033,5,7,1,0,91,0, 409
422.9034,5,8,0,0,0,0,250
427.02,5,8,0,112,112,0, 138
430.9534,5,8,0,5,107,0, 143
433.0202,5,8,0,2,105,0, 145
434.3033,5,8,0,2,103,0, 147
435.1867,5,8,0,6,97,0, 153
441.2534,5,8,0,1,96,0, 154
446.82,5,8,0,1,95,0, 155
447.87,5,8,0,6,89,0, 161
452.6867,5,8,1,0,90,0, 160
453.3034,5,8,1,0,91,0, 159
457.8533,5,8,0,2,89,0, 161
458.82,5,8,0,1,88,0, 162
459.22,5,8,0,1,87,0, 163
479.7367,5,9,0,0,0,0,750
485.0033,5,9,0,105,105,0, 645
491.9867,5,9,0,13,92,0, 658
493.62,5,9,0,13,79,0, 671
495.8533,5,9,0,1,78,0, 672
496.7366,5,9,1,0,77,0, 673
513.7867,5,9,0,1,76,0, 674
516.0367,5,9,1,0,77,0, 673
516.6034,5,9,0,1,76,0, 674
517.5367,5,9,0,1,75,0, 675
571.4367,5,9,0,1,74,0, 676
573.2867,5,9,1,0,75,0, 675
573.5867,5,9,1,0,74,0, 676
574.42,5,9,1,0,73,0, 677
577.6534,5,9,1,0,72,0, 678
579.37,5,9,1,0,71,0, 679
581.0533,5,9,1,0,70,0, 680
581.82,5,9,1,0,69,0, 681
585.3033,5,9,1,0,68,0, 682
586.9534,5,9,1,0,67,0, 683
609.3534,5,9,0,1,66,0, 684
615.7867,5,10,0,0,0,0,500
622.57,5,10,0,90,90,0, 410
626.2201,5,10,0,9,81,0, 419
627.6867,5,10,0,2,79,0, 421
628.6867,5,10,0,2,77,0, 423
629.8201,5,10,0,1,76,0, 424
630.5034,5,10,0,1,75,0, 425
631.5867,5,10,0,2,73,0, 427
640.2534,5,10,0,3,70,0, 430
640.8534,5,10,0,1,69,0, 431
641.2367,5,10,0,2,67,0, 433
642.8867,5,10,0,1,66,0, 434
644.6534,5,10,1,0,65,0, 435
667.9868,5,10,1,0,64,0, 436
668.8701,5,10,1,0,63,0, 437
679.4534,5,11,0,0,0,0,500
684.5867,5,11,0,91,91,0, 409
688.2867,5,11,0,0,0,0, 500
693.0701,5,11,0,100,100,0, 400
697.02,5,11,0,5,95,0, 405
698.22,5,11,0,7,88,0, 412
699.2368,5,11,0,1,87,0, 413
700.6201,5,11,0,1,86,0, 414
701.7867,5,11,0,1,85,0, 415
702.5034,5,11,1,0,84,0, 416
704.97,5,11,0,2,82,0, 418
706.1201,5,11,0,1,81,0, 419
708.9534,5,11,0,1,80,0, 420
710.8701,5,11,1,0,79,0, 421
711.5701,5,11,1,0,78,0, 422
717.8201,5,11,0,3,75,0, 425
720.3034,5,11,0,2,73,0, 427
722.6034,5,11,0,1,72,0, 428
723.3367,5,11,0,2,70,0, 430
724.8367,5,11,1,0,71,0, 429
725.3201,5,11,0,1,70,0, 430
726.67,5,11,0,1,69,0, 431
728.0534,5,11,0,1,68,0, 432
738.17,5,11,1,0,69,0, 431
738.5367,5,11,0,1,68,0, 432
739.3701,5,11,0,1,67,0, 433
740.6534,5,11,0,1,66,0, 434
764.2701,5,11,1,0,67,0, 433
773.5034,5,11,1,0,66,0, 434
777.3534,5,11,1,0,65,0, 435
780.7201,5,11,1,0,64,0, 436
783.1701,5,11,1,0,63,0, 437
784.1034,5,11,1,0,62,0, 438
923.5034,5,12,0,0,0,0,250
930.7701,5,12,0,114,114,0, 136
934.6034,5,12,0,4,110,0, 140
935.5034,5,12,0,5,105,0, 145
936.8201,5,12,0,1,104,0, 146
937.3534,5,12,1,0,103,0, 147
939.9201,5,12,0,1,102,0, 148
940.9034,5,12,1,0,103,0, 147
941.0701,5,12,0,1,102,0, 148
949.7368,5,12,1,0,101,0, 149
950.0867,5,12,0,2,99,0, 151
952.7867,5,12,1,0,98,0, 152
959.8867,5,12,0,1,97,0, 153
960.9868,5,12,1,0,96,0, 154
963.1034,5,12,0,1,95,0, 155
963.5034,5,12,0,1,94,0, 156
970.7201,5,12,0,1,93,0, 157
972.4201,5,12,0,1,92,0, 158
987.9201,5,12,0,1,91,0, 159
988.4701,5,12,0,1,90,0, 160
990.9868,5,12,1,0,89,0, 161
992.4034,5,12,1,0,88,0, 162
993.3868,5,12,1,0,87,0, 163
996.3867,5,12,0,1,86,0, 164
998.1201,5,12,0,1,85,0, 165
999.1368,5,12,0,1,84,0, 166
999.4534,5,12,1,0,83,0, 167
1007.203,5,13,0,0,0,0,250
1011.42,5,13,0,81,81,0, 169
1014.987,5,13,0,1,80,0, 170
1017.103,5,13,0,4,76,0, 174
1028.87,5,13,0,4,72,0, 178
1029.337,5,13,1,0,73,0, 177
1029.653,5,13,0,1,72,0, 178
1030.07,5,13,1,0,73,0, 177
1030.987,5,13,0,4,69,0, 181
1042.253,5,13,1,0,70,0, 180
1043.47,5,13,1,0,71,0, 179
1044.22,5,13,1,0,72,0, 178
1045.637,5,13,0,11,83,0, 167
1057.403,5,13,0,1,82,0, 168
1059.403,5,13,0,1,81,0, 169
1087.67,5,13,0,1,80,0, 170
1088.187,5,13,1,0,79,0, 171
1088.753,5,13,0,1,78,0, 172
1091.387,5,13,1,0,77,0, 173
1097.62,5,13,0,2,75,0, 175
1100.303,5,13,0,1,74,0, 176
1101.737,5,13,1,0,73,0, 177
1117.17,5,14,0,0,0,0,750
1122.353,5,14,1,0,1,0, 749
1123.487,5,14,0,94,95,0, 655
1126.387,5,14,0,3,92,0, 658
1127.103,5,14,0,12,80,0, 670
1127.92,5,14,0,5,75,0, 675
1141.453,5,15,0,0,0,0,750
1148.537,5,15,0,115,115,0, 635
1152.653,5,15,0,24,91,0, 659
1154.003,5,15,0,5,86,0, 664
1160.603,5,15,0,2,84,0, 666
1168.703,5,15,0,4,80,0, 670
1169.82,5,15,0,2,78,0, 672
1170.253,5,15,0,1,77,0, 673
1170.603,5,15,0,1,76,0, 674
1173.387,5,15,0,3,73,0, 677
1174.753,5,15,0,1,72,0, 678
1175.037,5,15,1,0,71,0, 679
1176.02,5,15,0,1,70,0, 680
1178.003,5,15,0,2,68,0, 682
1178.32,5,15,1,0,67,0, 683
1178.953,5,15,1,0,66,0, 684
1179.403,5,15,1,0,65,0, 685
1180.12,5,15,0,1,64,0, 686
1180.32,5,15,1,0,63,0, 687
1242.703,5,15,1,0,64,0, 686
1243.07,5,15,0,1,63,0, 687
1256.537,5,16,0,0,0,0,500
1262.753,5,16,0,77,77,0, 423
1267.303,5,16,0,2,75,0, 425
1268.22,5,16,0,6,69,0, 431
1268.653,5,16,0,1,68,0, 432
1269.97,5,16,0,3,65,0, 435
1272.537,5,16,0,2,63,0, 437
1284.703,5,16,0,46,109,0, 391
1287.987,5,16,0,2,107,0, 393
1288.803,5,16,0,9,98,0, 402
1289.62,5,16,0,1,97,0, 403
1290.337,5,16,0,2,95,0, 405
1292.22,5,16,0,1,94,0, 406
1292.753,5,16,0,1,93,0, 407
1293.337,5,16,0,1,92,0, 408
1296.103,5,16,0,1,91,0, 409
1296.853,5,16,0,1,90,0, 410
1301.57,5,16,0,1,89,0, 411
1321.603,5,16,0,2,87,0, 413
1322.22,5,16,1,0,86,0, 414
1324.237,5,16,1,0,85,0, 415
1326.887,5,16,1,0,84,0, 416
1329.153,5,16,0,1,83,0, 417
1332.97,5,17,0,0,0,0,750
1337.137,5,17,0,110,110,0, 640
1339.82,5,17,0,9,101,0, 649
1340.987,5,17,0,17,84,0, 666
1345.803,5,17,0,2,82,0, 668
1346.354,5,17,0,1,81,0, 669
1346.703,5,17,1,0,80,0, 670
1348.17,5,17,0,1,79,0, 671
1360.32,5,17,1,0,78,0, 672
1362.153,5,17,1,0,77,0, 673
1368.57,5,17,1,0,76,0, 674
1374.987,5,17,1,0,75,0, 675
1386.887,5,17,1,0,74,0, 676
1392.503,5,17,1,0,75,0, 675
1396.77,5,18,0,0,0,0,500
1402.17,5,18,0,81,81,0, 419
1405.403,5,18,0,2,79,0, 421
1406.42,5,18,0,5,74,0, 426
1407.487,5,18,0,1,73,0, 427
1409.887,5,18,0,1,72,0, 428
1412.553,5,18,0,1,71,0, 429
1413.22,5,18,0,1,70,0, 430
1414.137,5,18,0,4,66,0, 434
1417.854,5,18,1,0,65,0, 435
1426.187,5,18,1,0,66,0, 434
1427.087,5,18,0,2,64,0, 436
1428.153,5,18,0,1,63,0, 437
1431.903,5,18,0,1,62,0, 438
1432.72,5,18,0,1,61,0, 439
1436.02,5,18,1,0,60,0, 440
1554.453,5,19,0,0,0,0,250
1572.253,5,19,0,92,92,0, 158
1576.22,5,19,1,0,91,0, 159
1576.754,5,19,1,0,90,0, 160
1578.687,5,19,0,2,88,0, 162
1579.187,5,19,0,1,87,0, 163
1579.354,5,19,1,0,86,0, 164
1581.153,5,19,1,0,85,0, 165
1581.587,5,19,1,0,84,0, 166
1582.187,5,19,1,0,85,0, 165
1582.653,5,19,1,0,84,0, 166
1582.953,5,19,1,0,83,0, 167
1620.587,5,20,0,0,0,0,250
1634.337,5,20,0,101,101,0, 149
1635.337,5,20,0,4,105,0, 145
1639.637,5,20,0,2,103,0, 147
1640.553,5,20,0,2,101,0, 149
1641.053,5,20,0,2,99,0, 151
1642.687,5,20,0,1,98,0, 152
1643.503,5,20,0,1,97,0, 153
1645.287,5,20,0,2,95,0, 155
1653.77,5,20,0,1,94,0, 156
1671.47,5,21,0,0,0,0,500
1679.437,5,21,0,102,102,0, 398
1680.637,5,21,0,4,106,0, 394
1683.354,5,21,0,1,107,0, 393
1684.004,5,21,0,1,108,0, 392
1696.753,5,21,0,6,102,0, 398
1697.087,5,21,0,3,99,0, 401
1697.403,5,21,0,1,98,0, 402
1699.903,5,21,0,1,97,0, 403
1700.937,5,21,1,0,98,0, 402
1701.203,5,21,0,1,97,0, 403
1702.637,5,21,0,1,96,0, 404
1724.57,5,22,0,0,0,0,500
1732.937,5,22,0,107,107,0, 393
1740.453,5,22,0,4,103,0, 397
1741.12,5,22,0,1,102,0, 398
1741.504,5,22,0,1,101,0, 399
1743.004,5,22,0,1,100,0, 400
1747.903,5,22,1,0,99,0, 401
1749.537,5,22,1,0,98,0, 402
1749.937,5,22,1,0,97,0, 403
1750.47,5,22,1,0,96,0, 404
1753.12,5,22,1,0,95,0, 405
1754.037,5,22,1,0,94,0, 406
1754.47,5,22,1,0,93,0, 407
1754.687,5,22,1,0,92,0, 408
1760.553,5,22,0,3,89,0, 411
1761.237,5,22,0,1,88,0, 412
1764.67,5,22,0,2,86,0, 414
1771.42,5,22,0,2,84,0, 416
1771.82,5,22,0,1,83,0, 417
1772.37,5,22,0,1,82,0, 418
1776.97,5,22,1,0,81,0, 419
1777.77,5,22,0,1,80,0, 420
1779.303,5,22,0,1,79,0, 421
1784.92,5,22,0,1,78,0, 422
1794.12,5,22,0,1,77,0, 423
1794.687,5,22,1,0,76,0, 424
1795.187,5,22,1,0,75,0, 425
1803.987,5,22,1,0,76,0, 424
1813.787,5,22,1,0,77,0, 423
1814.354,5,22,1,0,78,0, 422
1815.02,5,22,1,0,79,0, 421
1815.453,5,22,1,0,80,0, 420
1815.803,5,22,1,0,81,0, 419
1819.57,5,22,1,0,80,0, 420
1820.354,5,22,1,0,79,0, 421
1820.62,5,22,1,0,78,0, 422
1821.053,5,22,1,0,77,0, 423
1822.77,5,23,0,0,0,0,750
1833.453,5,23,0,125,125,0, 625
1837.17,5,23,0,5,120,0, 630
1839.403,5,23,0,16,104,0, 646
1840.237,5,23,0,1,103,0, 647
1841.12,5,23,0,3,100,0, 650
1841.92,5,23,0,1,99,0, 651
1842.303,5,23,0,2,97,0, 653
1845.02,5,23,0,2,95,0, 655
1849.787,5,23,0,2,93,0, 657
1850.62,5,23,1,0,94,0, 656
1850.953,5,23,0,1,93,0, 657
1859.187,5,23,1,0,92,0, 658
1859.687,5,23,1,0,93,0, 657
1859.854,5,23,0,3,90,0, 660
1861.354,5,23,1,0,91,0, 659
1861.987,5,23,1,0,90,0, 660
1862.737,5,23,1,0,89,0, 661
1862.953,5,23,1,0,88,0, 662
1864.604,5,23,0,1,87,0, 663
1865.553,5,23,0,1,86,0, 664
1866.637,5,23,0,1,85,0, 665
1890.02,5,23,1,0,84,0, 666
1890.553,5,23,1,0,85,0, 665
1891.837,5,23,1,0,84,0, 666
1891.987,5,23,1,0,85,0, 665
1892.27,5,23,1,0,84,0, 666
1899.803,5,24,0,0,0,0,250
1907.254,5,24,0,81,81,0, 169
1911.27,5,24,0,4,77,0, 173
1912.07,5,24,0,1,76,0, 174
1912.837,5,24,0,1,75,0, 175
1915.053,5,24,0,2,73,0, 177
1915.687,5,24,0,2,71,0, 179
1926.27,5,24,1,0,70,0, 180
1936.937,5,24,1,0,69,0, 181
1939.254,5,24,1,0,70,0, 180
1944.354,5,24,1,0,69,0, 181
1950.17,5,25,0,0,0,0,250
1960.57,5,25,0,97,97,0, 153
1964.604,5,25,0,8,89,0, 161
1964.937,5,25,0,1,88,0, 162
1966.604,5,25,0,1,87,0, 163
1966.837,5,25,1,0,86,0, 164
1971.62,5,25,0,1,85,0, 165
1972.437,5,25,0,1,84,0, 166
1974.437,5,25,0,1,83,0, 167
1977.687,5,25,0,1,82,0, 168
1997.82,5,25,1,0,83,0, 167
1998.203,5,25,1,0,82,0, 168
1998.504,5,25,1,0,83,0, 167
1998.837,5,25,1,0,82,0, 168
1999.604,5,25,0,1,83,0, 167
2000.67,5,25,1,0,82,0, 168
2013.104,5,25,1,0,83,0, 167
2014.22,5,25,1,0,84,0, 166
2014.404,5,25,1,0,85,0, 165
2030.72,5,25,1,0,86,0, 164
2030.887,5,25,1,0,85,0, 165
2031.203,5,25,1,0,86,0, 164
2033.22,5,25,1,0,85,0, 165
2038.787,5,26,0,0,0,0,250
2049.354,5,26,0,132,132,0, 118
2052.72,5,26,0,6,126,0, 124
2053.97,5,26,0,6,120,0, 130
2054.437,5,26,0,1,119,0, 131
2054.82,5,26,0,1,118,0, 132
2055.204,5,26,0,1,117,0, 133
2055.587,5,26,0,1,116,0, 134
2056.72,5,26,0,1,115,0, 135
2056.987,5,26,0,1,114,0, 136
2057.753,5,26,0,1,113,0, 137
2059.137,5,26,0,1,112,0, 138
2059.42,5,26,0,1,111,0, 139
2059.837,5,26,0,1,110,0, 140
2062.137,5,26,0,1,109,0, 141
2062.67,5,26,0,1,108,0, 142
2064.037,5,26,0,1,107,0, 143
2067.62,5,26,0,2,105,0, 145
2068.437,5,26,0,2,103,0, 147
2077.087,5,26,0,1,102,0, 148
2079.704,5,26,1,0,103,0, 147
2086.12,5,26,0,1,102,0, 148
2093.22,5,26,0,1,101,0, 149
2093.62,5,26,0,1,100,0, 150
2096.237,5,26,1,0,99,0, 151
2107.737,5,27,0,0,0,0,500
2113.487,5,27,0,107,107,0, 393
2117.037,5,27,0,7,100,0, 400
2117.837,5,27,0,4,96,0, 404
2118.42,5,27,0,1,95,0, 405
2119.17,5,27,0,1,94,0, 406
2119.587,5,27,0,1,93,0, 407
2121.954,5,27,0,2,91,0, 409
2122.37,5,27,0,3,88,0, 412
2123.12,5,27,0,1,87,0, 413
2123.654,5,27,0,1,86,0, 414
2124.137,5,27,0,2,84,0, 416
2132.803,5,27,1,0,83,0, 417
2133.27,5,27,1,0,82,0, 418
2133.587,5,27,1,0,81,0, 419
2140.704,5,27,1,0,80,0, 420
2141.42,5,27,1,0,79,0, 421
2141.954,5,27,1,0,78,0, 422
2142.887,5,27,1,0,77,0, 423
2145.72,5,27,1,0,78,0, 422
2146.154,5,27,1,0,79,0, 421
2171.237,5,27,1,0,80,0, 420
2178.037,5,28,0,0,0,0,750
2196.904,5,28,0,162,162,0, 588
2199.72,5,28,0,2,160,0, 590
2201.52,5,28,0,59,101,0, 649
2202.537,5,28,0,1,100,0, 650
2203.02,5,28,0,1,99,0, 651
2207.204,5,28,0,1,98,0, 652
2207.354,5,28,1,0,99,0, 651
2208.42,5,28,0,2,97,0, 653
2210.704,5,28,0,1,96,0, 654
2211.87,5,28,0,1,95,0, 655
2212.92,5,28,1,0,94,0, 656
2220.42,5,28,0,1,93,0, 657
2220.837,5,28,0,2,91,0, 659
2222.004,5,28,0,1,90,0, 660
2222.62,5,28,1,0,89,0, 661
2227.387,5,28,0,1,88,0, 662
2233.654,5,28,0,2,86,0, 664
2234.537,5,28,1,0,85,0, 665
2241.904,5,28,1,0,84,0, 666
2250.887,5,28,1,0,85,0, 665
2251.503,5,28,0,4,81,0, 669
2252.72,5,28,1,0,80,0, 670
2255.02,5,28,1,0,79,0, 671
2265.32,5,29,0,0,0,0,250
2283.27,5,29,0,116,116,0, 134
2285.47,5,29,1,0,115,0, 135
2285.704,5,29,1,0,116,0, 134
2289.303,5,29,0,1,115,0, 135
2291.137,5,29,0,1,114,0, 136
2291.454,5,29,0,1,113,0, 137
2294.17,5,29,0,1,112,0, 138
2295.17,5,29,0,7,105,0, 145
2297.22,5,29,0,1,104,0, 146
2299.154,5,29,0,2,102,0, 148
2302.154,5,29,0,2,100,0, 150
2305.97,5,29,0,2,98,0, 152
2306.837,5,29,0,1,97,0, 153
2307.17,5,29,0,1,96,0, 154
2307.553,5,29,0,1,95,0, 155
2309.053,5,29,0,1,94,0, 156
2309.437,5,29,0,1,93,0, 157
2310.687,5,29,0,1,92,0, 158
2318.154,5,29,0,1,91,0, 159
2319.92,5,29,1,0,90,0, 160
2320.837,5,29,1,0,91,0, 159
2323.237,5,29,0,2,89,0, 161
2323.537,5,29,0,1,88,0, 162
2326.803,5,29,0,1,87,0, 163
2327.037,5,29,0,1,86,0, 164
2327.604,5,29,0,1,85,0, 165
2335.32,5,29,0,1,84,0, 166
2335.553,5,29,1,0,83,0, 167
2336.17,5,29,0,1,82,0, 168
2348.537,5,29,0,1,81,0, 169
2350.37,5,29,1,0,80,0, 170
2350.937,5,29,1,0,79,0, 171
2351.254,5,29,1,0,78,0, 172
2351.737,5,29,1,0,77,0, 173
2479.587,5,30,0,0,0,0,750
2488.77,5,30,0,154,154,0, 596
2493.803,5,30,0,31,123,0, 627
2494.57,5,30,0,12,111,0, 639
2495.67,5,30,0,1,110,0, 640
2497.454,5,30,1,0,109,0, 641
2501.204,5,30,1,0,110,0, 640
2501.437,5,30,0,1,109,0, 641
2502.22,5,30,0,1,108,0, 642
2502.62,5,30,0,1,107,0, 643
2503.387,5,30,0,2,105,0, 645
2503.97,5,30,0,5,100,0, 650
2504.787,5,30,0,1,99,0, 651
2507.437,5,30,0,1,98,0, 652
2507.72,5,30,0,1,97,0, 653
2507.904,5,30,1,0,98,0, 652
2508.803,5,30,0,1,97,0, 653
2514.57,5,30,0,2,95,0, 655
2514.72,5,30,1,0,96,0, 654
2514.87,5,30,0,2,94,0, 656
2515.504,5,30,0,1,93,0, 657
2516.62,5,30,0,1,92,0, 658
2517.687,5,30,0,1,91,0, 659
2518.17,5,30,0,1,90,0, 660
2518.937,5,30,0,3,87,0, 663
2519.42,5,30,0,1,86,0, 664
2521.354,5,30,0,2,84,0, 666
2523.72,5,30,0,1,83,0, 667
2524.803,5,30,0,1,82,0, 668
2525.004,5,30,1,0,81,0, 669
2540.02,5,30,0,1,80,0, 670
2542.087,5,30,0,1,79,0, 671
2544.137,5,30,0,1,78,0, 672
2545.637,5,30,1,0,79,0, 671
2545.954,5,30,0,1,78,0, 672
2548.57,5,31,0,0,0,0,500
2566.954,5,31,0,112,112,0, 388
2570.053,5,31,0,5,107,0, 393
2571.12,5,31,0,1,106,0, 394
2571.487,5,31,0,2,104,0, 396
2574.837,5,31,0,1,103,0, 397
2575.47,5,31,0,2,101,0, 399
2576.504,5,31,0,1,100,0, 400
2576.904,5,31,0,1,99,0, 401
2577.387,5,31,0,2,97,0, 403
2583.62,5,31,0,4,93,0, 407
2583.987,5,31,0,3,90,0, 410
2584.737,5,31,1,0,91,0, 409
2584.854,5,31,0,3,88,0, 412
2588.02,5,31,0,7,81,0, 419
2588.487,5,31,0,2,79,0, 421
2592.487,5,31,0,1,78,0, 422
2593.053,5,31,0,1,77,0, 423
2593.354,5,31,0,1,76,0, 424
2604.67,5,31,0,1,75,0, 425
2607.12,5,31,0,1,74,0, 426
2607.404,5,31,1,0,75,0, 425
2607.62,5,31,0,1,74,0, 426
2610.204,5,31,0,1,73,0, 427
2620.37,5,31,0,1,72,0, 428
2621.037,5,31,0,1,71,0, 429
2622.67,5,31,1,0,72,0, 428
2623.17,5,31,1,0,73,0, 427
2627.887,5,32,0,0,0,0,750
2636.803,5,32,0,92,92,0, 658
2640.22,5,32,0,2,90,0, 660
2641.254,5,32,0,1,89,0, 661
2642.154,5,32,1,0,90,0, 660
2642.937,5,32,0,12,78,0, 672
2644.504,5,32,1,0,79,0, 671
2646.57,5,32,0,2,77,0, 673
2647.47,5,32,0,1,76,0, 674
2650.32,5,32,0,4,72,0, 678
2652.904,5,32,0,1,71,0, 679
2653.404,5,32,1,0,72,0, 678
2653.604,5,32,0,1,71,0, 679
2654.62,5,32,0,1,70,0, 680
2655.02,5,32,1,0,71,0, 679
2655.637,5,32,0,1,70,0, 680
2657.454,5,32,1,0,71,0, 679
2659.337,5,32,1,0,70,0, 680
2667.837,5,32,0,1,69,0, 681
2668.437,5,32,0,1,68,0, 682
2681.987,5,33,0,0,0,0,500
2689.254,5,33,0,70,70,0, 430
2692.42,5,33,0,1,69,0, 431
2694.47,5,33,0,12,57,0, 443
2701.67,5,33,1,0,56,0, 444
2703.937,5,33,1,0,57,0, 443
2714.537,5,34,0,0,0,0,500
2722.237,5,34,0,36,36,0, 464
2723.254,5,34,0,7,43,0, 457
2723.553,5,34,1,0,42,0, 458
2724.12,5,34,0,16,58,0, 442
2724.804,5,34,0,2,60,0, 440
2725.387,5,34,0,3,63,0, 437
2725.77,5,34,0,2,65,0, 435
2726.553,5,34,0,7,72,0, 428
2727.104,5,34,0,6,78,0, 422
2728.004,5,34,1,0,77,0, 423
2728.604,5,34,0,9,86,0, 414
2730.204,5,34,0,1,87,0, 413
2731.437,5,34,0,10,97,0, 403
2735.154,5,34,0,20,117,0, 383
2739.02,5,34,0,14,103,0, 397
2740.42,5,34,0,9,94,0, 406
2741.954,5,34,0,1,93,0, 407
2742.704,5,34,0,3,90,0, 410
2743.187,5,34,0,1,89,0, 411
2746.054,5,34,0,12,77,0, 423
2747.67,5,34,0,3,74,0, 426
2751.937,5,34,0,1,73,0, 427
2760.803,5,34,0,1,72,0, 428
2763.37,5,34,0,1,71,0, 429
2763.687,5,34,0,1,70,0, 430
2769.354,5,34,1,0,69,0, 431
2770.954,5,34,1,0,68,0, 432
2771.937,5,34,0,1,67,0, 433
2772.77,5,34,1,0,68,0, 432
2773.62,5,34,0,3,65,0, 435
2774.287,5,34,0,1,64,0, 436
2774.92,5,34,0,1,63,0, 437
2775.337,5,34,0,1,62,0, 438
2779.137,5,34,1,0,63,0, 437
2779.42,5,34,1,0,64,0, 436
2779.92,5,34,1,0,65,0, 435
2780.354,5,34,1,0,66,0, 434
2786.07,5,35,0,0,0,0,750
2793.77,5,35,1,0,1,0, 749
2794.42,5,35,0,74,75,0, 675
2795.387,5,35,1,0,74,0, 676
2798.954,5,35,0,12,62,0, 688
2802.07,5,35,1,0,61,0, 689
2803.42,5,35,1,0,60,0, 690
2804.537,5,35,1,0,59,0, 691
2807.904,5,35,1,0,58,0, 692
2815.303,5,36,0,0,0,0,250
2821.404,5,36,0,108,108,0, 142
2823.604,5,36,0,1,107,0, 143
2825.404,5,36,0,12,95,0, 155
2826.387,5,36,0,1,94,0, 156
2827.054,5,36,0,1,93,0, 157
2827.504,5,36,0,2,91,0, 159
2831.887,5,36,1,0,92,0, 158
2832.237,5,36,1,0,93,0, 157
2832.537,5,36,1,0,94,0, 156
2832.804,5,36,1,0,95,0, 155
2833.52,5,36,1,0,96,0, 154
2837.637,5,36,0,1,95,0, 155
2839.304,5,36,0,2,93,0, 157
2839.637,5,36,0,2,91,0, 159
2842.12,5,36,0,1,90,0, 160
2848.054,5,36,1,0,89,0, 161
2848.237,5,36,1,0,90,0, 160
2848.52,5,36,1,0,89,0, 161
2848.737,5,36,1,0,90,0, 160
2854.454,5,36,1,0,89,0, 161
2858.72,5,36,1,0,90,0, 160
2862.37,5,36,1,0,89,0, 161
2868.354,5,36,1,0,88,0, 162
2872.187,5,36,1,0,87,0, 163
2874.537,5,36,1,0,86,0, 164
2989.854,5,37,0,0,0,0,200
2999.154,5,37,0,18,18,0, 182
2999.837,5,37,0,51,69,0, 131
3000.637,5,37,0,20,89,0, 111
3001.937,5,37,0,5,94,0, 106
3002.304,5,37,0,3,97,0, 103
3003.054,5,37,0,1,98,0, 102
3004.17,5,37,0,1,99,0, 101
3005.487,5,37,0,1,100,0, 100
3007.554,5,37,0,63,100,63, 37
3008.22,5,37,0,6,100,69, 31
3008.704,5,37,0,22,100,91, 9
3009.404,5,37,0,4,100,95, 5
3010.754,5,37,0,1,100,96, 4
3011.254,5,37,0,1,100,97, 3
3011.604,5,37,0,1,100,98, 2
3012.37,5,37,0,1,100,99, 1
3012.804,5,37,0,1,100,100, 0
3018.687,5,38,0,0,0,0,200
3024.087,5,38,0,97,97,0, 103
3024.82,5,38,0,3,100,0, 100
3025.27,5,38,0,1,101,0, 99
3027.087,5,38,0,97,101,97, 2
3028.087,5,38,0,1,101,98, 1
3030.404,5,38,0,2,103,97, 0
3039.42,5,39,0,0,0,0,200
3043.12,5,39,0,34,34,0, 166
3044.02,5,39,0,20,54,0, 146
3044.854,5,39,0,29,83,0, 117
3045.704,5,39,0,13,96,0, 104
3046.487,5,39,0,1,97,0, 103
3046.754,5,39,1,0,96,1, 103
3047.004,5,39,0,2,98,0, 102
3047.77,5,39,0,3,101,0, 99
3048.52,5,39,0,2,103,0, 97
3051.32,5,39,0,71,103,71, 26
3052.02,5,39,0,13,103,84, 13
3052.604,5,39,0,4,103,88, 9
3053.137,5,39,0,3,103,91, 6
3054.004,5,39,1,0,103,92, 5
3054.854,5,39,1,0,103,93, 4
3055.837,5,39,1,0,103,94, 3
3057.754,5,39,1,0,104,94, 2
3058.52,5,39,1,0,105,94, 1
3059.737,5,39,1,0,106,94, 0
3075.454,5,40,0,0,0,0,200
3079.954,5,40,0,72,72,0, 128
3080.687,5,40,0,27,99,0, 101
3081.52,5,40,0,1,100,0, 100
3085.237,5,40,0,12,100,12, 88
3085.837,5,40,0,26,100,38, 62
3086.27,5,40,0,27,100,65, 35
3087.187,5,40,0,1,100,66, 34
3087.604,5,40,0,1,100,67, 33
3088.104,5,40,0,4,100,71, 29
3089.237,5,40,0,9,100,80, 20
3090.187,5,40,0,11,100,91, 9
3090.47,5,40,1,0,100,90, 10
3090.687,5,40,0,7,100,97, 3
3091.137,5,40,0,1,100,98, 2
3091.637,5,40,0,1,100,99, 1
3092.054,5,40,0,1,100,100, 0
3107.787,5,41,0,0,0,0,200
3112.12,5,41,0,102,102,0, 98
3114.087,5,41,0,98,102,98, 0
3118.737,5,42,0,0,0,0,200
3124.32,5,42,0,84,84,0, 116
3125.22,5,42,0,11,95,0, 105
3125.837,5,42,0,1,96,0, 104
3126.62,5,42,0,4,100,0, 100
3128.537,5,42,0,90,100,90, 10
3129.487,5,42,0,5,100,95, 5
3130.837,5,42,0,4,100,99, 1
3131.254,5,42,0,1,100,100, 0
3142.77,5,42,1,0,99,101, 0
3147.887,5,43,0,0,0,0,200
3162.67,5,43,0,86,86,0, 114
3164.77,5,43,0,102,86,102, 12
3171.82,5,43,1,0,86,103, 11
3173.087,5,43,1,0,86,104, 10
3174.337,5,43,1,0,86,105, 9
3177.454,5,43,1,0,87,105, 8
3177.737,5,43,1,0,88,105, 7
3178.087,5,43,1,0,89,105, 6
3178.587,5,43,1,0,90,105, 5
3178.854,5,43,1,0,91,105, 4
3179.454,5,43,1,0,92,105, 3
3180.037,5,43,1,0,93,105, 2
3181.07,5,43,1,0,94,105, 1
3181.887,5,43,1,0,95,104, 1
3186.904,5,43,1,0,96,104, 0
3188.787,5,43,1,0,95,105, 0
3192.47,5,43,1,0,94,106, 0
3199.604,5,43,1,0,93,107, 0
3205.554,5,44,0,0,0,0,200
3209.287,5,44,0,84,84,0, 116
3209.87,5,44,0,9,93,0, 107
3210.754,5,44,0,2,95,0, 105
3211.37,5,44,0,3,98,0, 102
3211.87,5,44,0,4,102,0, 98
3212.454,5,44,0,2,104,0, 96
3213.004,5,44,0,1,105,0, 95
3214.404,5,44,0,73,105,73, 22
3214.987,5,44,0,21,105,94, 1
3215.57,5,44,1,0,105,93, 2
3215.82,5,44,0,1,105,94, 1
3216.087,5,44,1,0,105,93, 2
3216.287,5,44,0,1,105,94, 1
3216.52,5,44,1,0,105,93, 2
3216.67,5,44,0,2,105,95, 0
3219.387,5,44,1,0,104,96, 0
3225.054,5,45,0,0,0,0,200
3229.42,5,45,0,72,72,0, 128
3230.137,5,45,0,7,79,0, 121
3230.554,5,45,0,11,90,0, 110
3230.937,5,45,0,2,92,0, 108
3231.32,5,45,0,3,95,0, 105
3231.67,5,45,1,0,94,1, 105
3231.82,5,45,0,3,97,1, 102
3232.354,5,45,0,3,100,1, 99
3232.82,5,45,0,1,101,1, 98
3233.237,5,45,0,1,102,0, 98
3233.737,5,45,1,0,101,1, 98
3233.904,5,45,0,1,102,1, 97
3234.737,5,45,1,0,103,0, 97
3237.02,5,45,0,38,103,38, 59
3237.954,5,45,0,46,103,84, 13
3238.97,5,45,0,13,103,97, 0
3242.137,5,45,1,0,102,98, 0
3247.02,5,45,1,0,101,99, 0
3250.287,5,46,0,0,0,0,200
3258.787,5,46,0,70,0,70, 130
3259.537,5,46,0,9,0,79, 121
3260.387,5,46,0,1,0,80, 120
3263.237,5,46,0,76,76,80, 44
3263.87,5,46,0,22,98,76, 26
3264.637,5,46,0,1,99,76, 25
3265.204,5,46,0,28,127,72, 1
3271.47,5,46,0,8,119,80, 1
3271.737,5,46,1,0,119,79, 2
3272.004,5,46,0,7,112,86, 2
3272.287,5,46,1,0,112,85, 3
3272.47,5,46,0,6,106,91, 3
3272.854,5,46,0,1,105,92, 3
3273.104,5,46,1,0,104,93, 3
3273.27,5,46,0,7,97,100, 3
3277.02,5,46,1,0,97,99, 4
3277.504,5,46,0,4,96,103, 1
3278.137,5,46,0,2,95,105, 0
3282.887,5,46,0,2,97,103, 0
3283.42,5,46,0,1,98,102, 0
3283.987,5,46,1,0,99,101, 0
3290.27,5,47,0,0,0,0,200
3292.97,5,47,0,100,100,0, 100
3295.437,5,47,0,98,100,98, 2
3300.237,5,47,1,0,101,98, 1
3300.904,5,47,1,0,102,98, 0
3308.554,5,48,0,0,0,0,200
3314.087,5,48,0,98,98,0, 102
3316.087,5,48,0,92,98,92, 10
3324.354,5,48,1,0,98,93, 9
3326.304,5,48,1,0,99,93, 8
3327.42,5,48,1,0,100,93, 7
3332.654,5,48,1,0,101,93, 6
3333.07,5,48,1,0,102,93, 5
3333.67,5,48,1,0,103,93, 4
3335.837,5,48,1,0,104,93, 3
3336.354,5,48,1,0,105,93, 2
3337.087,5,48,1,0,106,93, 1
3337.704,5,48,1,0,105,94, 1
3338.237,5,48,1,0,106,94, 0
3339.32,5,48,1,0,107,93, 0
3348.77,5,48,1,0,106,94, 0
3350.604,5,48,1,0,105,95, 0
3357.937,5,49,0,0,0,0,200
3361.754,5,49,0,52,52,0, 148
3362.47,5,49,0,23,75,0, 125
3363.154,5,49,0,1,76,0, 124
3364.154,5,49,0,1,77,0, 123
3364.904,5,49,0,8,85,0, 115
3366.37,5,49,0,4,89,0, 111
3367.087,5,49,0,1,90,0, 110
3369.337,5,49,0,16,90,16, 94
3369.854,5,49,0,62,90,78, 32
3370.554,5,49,0,5,90,83, 27
3370.787,5,49,1,0,90,82, 28
3371.021,5,49,0,4,90,86, 24
3371.554,5,49,0,9,90,95, 15
3371.97,5,49,0,1,90,96, 14
3372.987,5,49,0,4,90,100, 10
3373.437,5,49,1,0,90,101, 9
3373.82,5,49,1,0,90,102, 8
3376.337,5,49,0,2,90,104, 6
3377.804,5,49,0,1,90,105, 5
3378.337,5,49,1,0,90,106, 4
3380.054,5,49,1,0,91,106, 3
3380.854,5,49,1,0,92,106, 2
3381.687,5,49,1,0,93,106, 1
3381.954,5,49,1,0,94,106, 0
3388.187,5,49,1,0,95,105, 0
3393.92,5,50,0,0,0,0,200
3398.57,5,50,0,46,46,0, 154
3399.154,5,50,0,25,71,0, 129
3399.687,5,50,0,21,92,0, 108
3400.254,5,50,0,6,98,0, 102
3402.87,5,50,0,77,98,77, 25
3403.937,5,50,0,11,98,88, 14
3404.537,5,50,0,1,98,89, 13
3405.554,5,50,0,2,98,91, 11
3407.087,5,50,0,3,98,94, 8
3409.287,5,50,0,2,98,96, 6
3409.92,5,50,0,2,98,98, 4
3410.57,5,50,0,2,98,100, 2
3411.17,5,50,0,1,98,101, 1
3411.52,5,50,0,1,98,102, 0
3417.837,5,50,0,1,97,103, 0
3418.987,5,50,0,4,93,107, 0
3420.904,5,50,0,6,99,101, 0
3425.72,5,51,0,0,0,0,200
3429.054,5,51,0,59,59,0, 141
3429.454,5,51,0,3,62,0, 138
3429.97,5,51,0,15,77,0, 123
3430.32,5,51,0,22,99,0, 101
3431.054,5,51,0,2,101,0, 99
3431.97,5,51,0,6,107,0, 93
3436.07,5,51,0,2,109,0, 91
3438.337,5,51,0,2,111,0, 89
3440.804,5,51,0,60,111,60, 29
3442.12,5,51,0,6,111,66, 23
3443.137,5,51,0,6,111,72, 17
3443.97,5,51,0,6,111,78, 11
3444.954,5,51,0,1,111,79, 10
3446.404,5,51,0,1,111,80, 9
3446.97,5,51,0,2,111,82, 7
3448.237,5,51,0,2,111,84, 5
3448.87,5,51,1,0,111,85, 4
3449.27,5,51,1,0,111,86, 3
3449.72,5,51,1,0,111,87, 2
3450.32,5,51,1,0,111,88, 1
3451.704,5,51,1,0,111,89, 0
3455.62,5,51,0,1,112,88, 0
3456.82,5,51,0,1,113,87, 0
3463.17,5,52,0,0,0,0,200
3471.987,5,52,0,68,68,0, 132
3476.17,5,52,0,96,68,96, 36
3479.637,5,52,0,10,78,96, 26
3481.054,5,52,0,11,89,96, 15
3483.17,5,52,0,11,89,107, 4
3485.237,5,52,1,0,90,107, 3
3485.704,5,52,1,0,91,107, 2
3486.204,5,52,1,0,92,107, 1
3488.104,5,52,0,1,92,108, 0
3493.42,5,52,1,0,93,107, 0
3496.037,5,53,0,0,0,0,200
3499.42,5,53,0,95,95,0, 105
3500.22,5,53,0,4,99,0, 101
3502.454,5,53,0,89,99,89, 12
3503.587,5,53,0,10,99,99, 2
3504.104,5,53,0,2,99,101, 0
3507.737,5,54,0,0,0,0,200
3512.82,5,54,0,97,97,0, 103
3515.07,5,54,0,101,97,101, 2
3521.004,5,54,0,1,98,101, 1
3522.637,5,54,0,1,98,102, 0
3638.787,5,55,0,0,0,0,200
3642.354,5,55,0,69,69,0, 131
3642.97,5,55,0,1,70,0, 130
3643.387,5,55,0,7,77,0, 123
3644.154,5,55,0,17,94,0, 106
3644.82,5,55,0,1,95,0, 105
3645.304,5,55,0,2,97,0, 103
3645.82,5,55,0,1,98,0, 102
3648.904,5,55,0,7,98,7, 95
3649.587,5,55,0,93,98,100, 2
3650.404,5,55,0,1,98,101, 1
3650.737,5,55,0,1,98,102, 0
3655.42,5,56,0,0,0,0,200
3658.887,5,56,0,61,61,0, 139
3659.82,5,56,0,7,68,0, 132
3660.121,5,56,1,0,67,1, 132
3660.754,5,56,0,32,99,1, 100
3661.337,5,56,1,0,100,0, 100
3663.487,5,56,0,27,100,27, 73
3663.97,5,56,0,44,100,71, 29
3665.22,5,56,0,10,100,81, 19
3666.087,5,56,0,16,100,97, 3
3666.837,5,56,0,3,100,100, 0
3670.637,5,57,0,0,0,0,200
3674.687,5,57,0,60,60,0, 140
3675.92,5,57,0,23,83,0, 117
3677.704,5,57,0,9,92,0, 108
3681.087,5,57,0,83,92,83, 25
3682.804,5,57,0,3,92,86, 22
3683.67,5,57,0,1,92,87, 21
3683.87,5,57,1,0,92,88, 20
3687.604,5,57,0,7,99,88, 13
3692.204,5,57,0,12,99,100, 1
3694.004,5,57,1,0,99,101, 0
3700.92,5,58,0,0,0,0,200
3706.67,5,58,0,35,35,0, 165
3707.704,5,58,0,33,68,0, 132
3710.67,5,58,0,24,92,0, 108
3711.454,5,58,0,2,94,0, 106
3712.304,5,58,0,1,95,0, 105
3713.32,5,58,1,0,94,1, 105
3714.054,5,58,1,0,95,0, 105
3715.82,5,58,0,3,98,0, 102
3719.82,5,58,0,75,98,75, 27
3720.637,5,58,0,6,98,81, 21
3721.77,5,58,0,1,98,82, 20
3723.92,5,58,0,7,98,89, 13
3724.337,5,58,0,2,98,91, 11
3725.437,5,58,0,3,98,94, 8
3725.887,5,58,1,0,98,95, 7
3727.087,5,58,0,6,98,101, 1
3731.404,5,58,0,2,100,99, 1
3740.57,5,58,1,0,99,100, 1
3744.021,5,58,1,0,98,101, 1
3752.07,5,58,0,2,100,99, 1
3757.12,5,59,0,0,0,0,200
3762.42,5,59,0,77,77,0, 123
3763.071,5,59,0,1,78,0, 122
3763.72,5,59,0,17,95,0, 105
3764.32,5,59,0,1,96,0, 104
3764.87,5,59,1,0,97,0, 103
3770.62,5,59,0,83,97,83, 20
3771.454,5,59,0,16,97,99, 4
3772.12,5,59,0,1,97,100, 3
3772.504,5,59,0,1,97,101, 2
3772.97,5,59,0,1,97,102, 1
3773.454,5,59,0,1,97,103, 0
3782.204,5,59,1,0,98,102, 0
3786.137,5,59,0,1,97,103, 0
3791.237,5,60,0,0,0,0,200
3795.17,5,60,0,101,101,0, 99
3797.737,5,60,0,1,102,0, 98
3799.787,5,60,0,92,102,92, 6
3800.637,5,60,0,6,102,98, 0
3807.82,5,61,0,0,0,0,200
3824.17,5,61,0,38,38,0, 162
3824.837,5,61,0,13,51,0, 149
3825.037,5,61,1,0,50,1, 149
3825.47,5,61,0,21,71,0, 129
3827.004,5,61,0,12,83,0, 117
3828.67,5,61,0,18,101,0, 99
3829.704,5,61,0,11,112,0, 88
3830.57,5,61,0,7,119,0, 81
3834.754,5,61,0,13,119,13, 68
3835.737,5,61,0,40,119,53, 28
3836.72,5,61,0,4,119,57, 24
3837.554,5,61,0,10,119,67, 14
3838.62,5,61,0,10,119,77, 4
3839.07,5,61,0,2,119,79, 2
3840.57,5,61,0,2,119,81, 0
3845.904,5,62,0,0,0,0,200
3857.67,5,62,0,31,31,0, 169
3858.22,5,62,0,3,34,0, 166
3859.22,5,62,0,53,87,0, 113
3863.72,5,62,0,1,88,0, 112
3864.104,5,62,0,1,89,0, 111
3864.87,5,62,0,1,90,0, 110
3865.787,5,62,0,1,91,0, 109
3866.17,5,62,0,1,92,0, 108
3873.87,5,62,0,40,92,40, 68
3874.587,5,62,0,26,92,66, 42
3875.354,5,62,0,16,92,82, 26
3876.337,5,62,0,16,91,98, 11
3876.92,5,62,0,1,91,99, 10
3878.104,5,62,1,0,91,100, 9
3878.554,5,62,1,0,91,101, 8
3879.104,5,62,1,0,91,102, 7
3879.737,5,62,1,0,91,103, 6
3880.07,5,62,1,0,91,104, 5
3880.354,5,62,1,0,91,105, 4
3880.57,5,62,1,0,91,104, 5
3881.037,5,62,1,0,91,105, 4
3882.82,5,62,1,0,91,106, 3
3883.254,5,62,1,0,91,107, 2
3883.687,5,62,1,0,91,108, 1
3884.17,5,62,1,0,91,109, 0
3893.087,5,62,0,1,92,108, 0
3894.004,5,62,0,7,99,101, 0
3895.237,5,62,0,3,102,98, 0
3896.004,5,62,0,1,103,97, 0
3897.804,5,62,1,0,104,96, 0
3899.521,5,62,1,0,103,97, 0
3900.037,5,62,1,0,102,98, 0
3915.271,5,63,0,0,0,0,200
3921.12,5,63,0,88,88,0, 112
3922.004,5,63,0,4,92,0, 108
3922.72,5,63,0,2,94,0, 106
3925.62,5,63,0,74,94,74, 32
3926.487,5,63,0,3,94,77, 29
3927.354,5,63,0,18,94,95, 11
3929.021,5,63,1,0,94,96, 10
3929.937,5,63,0,10,94,106, 0
3943.404,5,63,0,1,95,105, 0
3944.987,5,64,0,0,0,0,200
3949.804,5,64,0,81,81,0, 119
3950.704,5,64,0,12,93,0, 107
3952.837,5,64,0,85,93,85, 22
3954.021,5,64,0,10,93,95, 12
3954.97,5,64,0,11,93,106, 1
3956.154,5,64,0,1,93,107, 0
3961.887,5,65,0,0,0,0,200
3965.804,5,65,0,100,100,0, 100
3966.821,5,65,0,2,102,0, 98
3967.404,5,65,0,1,103,0, 97
3969.487,5,65,0,63,103,63, 34
3970.37,5,65,0,24,103,87, 10
3970.754,5,65,1,0,103,88, 9
3971.004,5,65,0,1,103,89, 8
3971.22,5,65,1,0,103,90, 7
3972.021,5,65,0,4,103,94, 3
3972.47,5,65,0,1,103,95, 2
3973.387,5,65,0,2,103,97, 0
4110.454,5,66,0,0,0,0,200
4118.737,5,66,0,97,97,0, 103
4120.871,5,66,0,101,97,101, 2
4121.57,5,66,0,1,97,102, 1
4123.82,5,66,0,1,98,102, 0
4126.754,5,67,0,0,0,0,200
4133.554,5,67,0,102,102,0, 98
4134.304,5,67,0,1,103,0, 97
4135.604,5,67,0,2,105,0, 95
4137.621,5,67,0,93,105,93, 2
4138.204,5,67,0,2,105,95, 0
4139.82,5,68,0,0,0,0,200
4145.371,5,68,0,101,101,0, 99
4145.787,5,68,0,1,102,0, 98
4147.087,5,68,0,1,103,0, 97
4148.32,5,68,1,0,104,0, 96
4150.271,5,68,0,65,104,65, 31
4151.054,5,68,0,1,104,66, 30
4151.737,5,68,1,0,104,65, 31
4153.07,5,68,0,19,104,84, 12
4155.304,5,68,0,5,104,89, 7
4157.904,5,68,0,4,108,89, 3
4158.637,5,68,1,0,109,89, 2
4159.187,5,68,1,0,110,89, 1
4159.771,5,68,1,0,111,89, 0
4165.97,5,68,0,1,112,88, 0
4166.521,5,68,1,0,111,89, 0
4167.487,5,68,1,0,112,88, 0
4168.92,5,68,1,0,111,89, 0
4170.337,5,68,1,0,112,88, 0
4170.937,5,68,1,0,111,89, 0
4171.254,5,68,1,0,112,88, 0
4172.137,5,68,1,0,111,89, 0
4184.504,5,68,1,0,110,90, 0
4188.371,5,68,0,1,111,89, 0
4197.287,5,69,0,0,0,0,200
4200.954,5,69,0,91,91,0, 109
4201.587,5,69,0,7,98,0, 102
4202.554,5,69,0,3,101,0, 99
4205.92,5,69,0,15,100,15, 85
4206.704,5,69,0,74,100,89, 11
4207.487,5,69,0,11,100,100, 0
4210.521,5,70,0,0,0,0,200
4216.004,5,70,0,94,94,0, 106
4216.654,5,70,0,3,97,0, 103
4217.737,5,70,0,7,104,0, 96
4218.771,5,70,0,7,111,0, 89
4221.47,5,70,0,72,111,72, 17
4222.72,5,70,0,8,111,80, 9
4224.187,5,70,0,6,111,86, 3
4224.587,5,70,1,0,111,87, 2
4225.087,5,70,1,0,111,88, 1
4225.42,5,70,1,0,111,89, 0
4232.47,5,70,1,0,110,90, 0
4234.954,5,70,1,0,109,91, 0
4244.104,5,70,0,8,101,99, 0
4244.521,5,70,0,2,99,101, 0
4245.454,5,70,0,9,90,110, 0
4249.554,5,70,1,0,89,111, 0
4255.687,5,71,0,0,0,0,200
4258.904,5,71,0,98,98,0, 102
4259.67,5,71,0,1,99,0, 101
4260.004,5,71,0,1,100,0, 100
4260.837,5,71,0,1,101,0, 99
4262.587,5,71,0,44,101,44, 55
4262.97,5,71,0,29,100,73, 27
4264.221,5,71,0,14,100,87, 13
4264.787,5,71,0,5,100,92, 8
4265.121,5,71,0,5,100,97, 3
4265.704,5,71,0,3,100,100, 0
4267.121,5,71,0,1,101,99, 0
4269.771,5,71,1,0,102,98, 0
4270.07,5,71,1,0,103,97, 0
4273.304,5,71,0,2,101,99, 0
4276.037,5,72,0,0,0,0,200
4281.537,5,72,0,81,81,0, 119
4283.97,5,72,0,4,85,0, 115
4285.004,5,72,1,0,86,0, 114
4285.387,5,72,1,0,87,0, 113
4286.021,5,72,1,0,88,0, 112
4286.254,5,72,1,0,89,0, 111
4288.437,5,72,0,37,89,37, 74
4290.554,5,72,0,39,89,76, 35
4291.271,5,72,0,9,89,85, 26
4292.371,5,72,0,14,89,99, 12
4292.871,5,72,1,0,89,100, 11
4293.67,5,72,0,9,88,109, 3
4294.454,5,72,1,0,88,110, 2
4294.954,5,72,0,1,88,111, 1
4295.82,5,72,1,0,88,112, 0
101.7366,6,1,0,0,0,0,200
129.9867,6,1,0,1,1,0, 199
132.1201,6,1,0,2,3,0, 197
172.9533,6,2,0,0,0,0,200
220.97,6,2,0,94,94,0, 106
243.52,6,2,0,65,94,65, 41
246.0367,6,2,0,1,94,66, 40
248.4033,6,2,0,1,94,67, 39
257.9533,6,3,0,0,0,0,200
284.5033,6,3,0,85,85,0, 115
286.2367,6,3,0,2,87,0, 113
288.27,6,3,0,10,97,0, 103
299.2367,6,3,0,67,97,67, 36
301.77,6,3,0,27,97,94, 9
304.3367,6,3,0,1,97,95, 8
306.8533,6,3,0,3,97,98, 5
308.8367,6,3,0,1,97,99, 4
331.2867,6,4,0,0,0,0,200
356.5201,6,4,0,2,2,0, 198
357.3367,6,4,1,0,3,0, 197
369.57,6,4,0,1,4,0, 196
372.6534,6,4,0,2,2,0, 198
396.6703,6,4,0,34,36,0, 164
401.1867,6,4,0,10,46,0, 154
405.07,6,4,0,4,50,0, 150
415.8533,6,4,0,12,62,0, 138
420.7367,6,4,0,15,77,0, 123
422.5034,6,4,0,2,79,0, 121
433.6367,6,4,0,106,79,106, 15
436.2034,6,4,0,5,79,111, 10
439.3867,6,4,0,4,79,115, 6
440.8366,6,4,0,1,79,116, 5
462.22,6,4,0,2,81,116, 3
465.9533,6,5,0,0,0,0,200
497.2034,6,5,0,93,93,0, 107
505.1534,6,5,0,95,93,95, 12
517.67,6,5,1,0,93,96, 11
519.0533,6,5,1,0,93,97, 10
519.7034,6,5,1,0,93,98, 9
520.3867,6,5,1,0,93,99, 8
521.9701,6,5,1,0,93,100, 7
531.1201,6,5,1,0,94,100, 6
531.9034,6,5,1,0,95,100, 5
532.4534,6,5,1,0,96,100, 4
533.1534,6,5,1,0,97,100, 3
537.27,6,5,1,0,97,101, 2
547.6201,6,5,0,2,97,103, 0
549.57,6,6,0,0,0,0,200
627.72,6,6,0,10,10,0, 190
704.87,6,6,0,0,0,0, 200
773.0867,6,6,0,51,51,0, 149
778.9201,6,6,0,4,55,0, 145
781.6201,6,6,0,8,63,0, 137
782.92,6,6,0,8,71,0, 129
784.1702,6,6,0,7,78,0, 122
790.2034,6,6,0,49,78,49, 73
791.9868,6,6,0,11,78,60, 62
793.0701,6,6,0,6,78,66, 56
794.4367,6,6,0,1,78,67, 55
796.2034,6,6,0,3,78,70, 52
798.3034,6,6,0,51,78,121, 1
800.5367,6,6,0,1,78,122, 0
804.9868,6,7,0,0,0,0,200
828.7701,6,7,0,96,96,0, 104
830.5534,6,7,0,3,99,0, 101
832.67,6,7,0,2,101,0, 99
837.7034,6,7,0,90,101,90, 9
839.2368,6,7,0,9,100,99, 1
847.6534,6,7,0,1,101,98, 1
850.9534,6,8,0,0,0,0,200
885.1368,6,8,0,107,107,0, 93
895.0367,6,8,0,92,107,92, 1
896.4534,6,8,0,1,107,93, 0
900.4868,6,9,0,0,0,0,200
924.2701,6,9,0,101,101,0, 99
926.2867,6,9,0,2,103,0, 97
932.0535,6,9,1,0,102,1, 97
933.1534,6,9,1,0,101,2, 97
937.7867,6,9,0,152,46,154, 0
946.6034,6,9,0,45,91,109, 0
948.9701,6,9,0,4,95,105, 0
951.5534,6,9,0,5,100,100, 0
959.6367,6,9,1,0,99,101, 0
963.9701,6,10,0,0,0,0,200
1003.92,6,10,0,88,88,0, 112
1015.887,6,10,0,2,90,0, 110
1017.687,6,10,0,3,93,0, 107
1027.47,6,10,1,0,94,0, 106
1033.237,6,10,0,43,137,0, 63
1036.287,6,10,0,48,185,0, 15
1039.203,6,10,0,2,187,0, 13
1043.953,6,10,0,92,96,92, 12
1047.087,6,10,0,14,93,106, 1
1051.853,6,10,0,3,96,104, 0
1064.553,6,11,0,0,0,0,200
1085.653,6,11,0,94,94,0, 106
1090.403,6,11,0,2,96,0, 104
1097.42,6,11,0,65,96,65, 39
1100.87,6,11,0,31,96,96, 8
1102.437,6,11,0,1,96,97, 7
1107.653,6,11,0,3,99,97, 4
1121.17,6,11,0,2,99,95, 6
1201.637,6,12,0,0,0,0,200
1232.153,6,12,0,92,92,0, 108
1237.953,6,12,1,0,91,1, 108
1239.12,6,12,0,3,94,1, 105
1250.687,6,12,0,73,94,74, 32
1257.437,6,12,0,19,94,93, 13
1261.104,6,12,0,4,94,97, 9
1263.103,6,12,0,1,94,98, 8
1264.187,6,12,1,0,94,99, 7
1271.453,6,12,0,1,95,99, 6
1272.404,6,12,0,1,96,98, 6
1276.77,6,12,0,2,98,98, 4
1283.237,6,12,1,0,97,99, 4
1284.52,6,12,1,0,97,100, 3
1289.487,6,12,1,0,97,101, 2
1290.02,6,12,1,0,97,102, 1
1290.653,6,12,1,0,97,103, 0
1295.27,6,13,0,0,0,0,200
1316.437,6,13,0,81,0,81, 119
1317.837,6,13,0,1,0,82, 118
1324.053,6,13,0,1,0,83, 117
1324.487,6,13,1,0,0,82, 118
1324.753,6,13,0,1,0,83, 117
1325.62,6,13,1,0,0,84, 116
1346.97,6,13,1,0,0,83, 117
1362.553,6,13,0,97,97,83, 20
1363.653,6,13,1,0,98,83, 19
1364.57,6,13,1,0,99,83, 18
1365.47,6,13,1,0,98,84, 18
1366.57,6,13,1,0,99,84, 17
1367.82,6,13,1,0,100,84, 16
1368.537,6,13,1,0,101,84, 15
1373.387,6,13,1,0,102,84, 14
1374.37,6,13,1,0,103,84, 13
1375.12,6,13,1,0,104,84, 12
1375.787,6,13,1,0,105,84, 11
1376.354,6,13,1,0,106,84, 10
1376.987,6,13,1,0,107,84, 9
1379.387,6,13,1,0,108,84, 8
1379.787,6,13,1,0,109,84, 7
1382.587,6,13,1,0,109,85, 6
1384.153,6,13,1,0,109,86, 5
1385.503,6,13,1,0,109,87, 4
1386.003,6,13,1,0,109,88, 3
1386.47,6,13,1,0,109,89, 2
1387.02,6,13,1,0,109,90, 1
1396.303,6,14,0,0,0,0,200
1441.303,6,14,0,98,98,0, 102
1445.003,6,14,1,0,99,0, 101
1445.787,6,14,1,0,100,0, 100
1447.337,6,14,1,0,99,1, 100
1447.854,6,14,1,0,100,1, 99
1450.637,6,14,1,0,101,0, 99
1451.82,6,14,1,0,102,0, 98
1461.52,6,14,0,39,102,39, 59
1463.303,6,14,0,37,102,76, 22
1464.654,6,14,1,0,102,77, 21
1468.403,6,14,1,0,102,78, 20
1468.82,6,14,1,0,102,79, 19
1469.837,6,14,1,0,102,80, 18
1470.27,6,14,1,0,102,79, 19
1470.687,6,14,1,0,102,80, 18
1471.053,6,14,1,0,102,81, 17
1472.137,6,14,1,0,102,82, 16
1473.12,6,14,1,0,102,83, 15
1473.87,6,14,1,0,102,84, 14
1475.637,6,14,0,4,102,88, 10
1481.187,6,14,0,1,102,89, 9
1495.387,6,15,0,0,0,0,200
1514.787,6,15,0,76,76,0, 124
1518.787,6,15,0,6,82,0, 118
1530.854,6,15,0,111,82,111, 7
1537.904,6,15,1,0,82,112, 6
1543.553,6,15,1,0,83,111, 6
1546.353,6,15,1,0,83,112, 5
1546.887,6,15,1,0,83,113, 4
1547.854,6,15,1,0,83,114, 3
1550.887,6,15,1,0,84,114, 2
1557.987,6,15,1,0,85,113, 2
1558.987,6,15,1,0,84,114, 2
1559.72,6,15,1,0,85,113, 2
1561.887,6,15,1,0,84,113, 3
1564.87,6,15,1,0,84,112, 4
1576.153,6,16,0,0,0,0,200
1588.037,6,16,0,99,99,0, 101
1589.17,6,16,1,0,100,0, 100
1601.137,6,16,0,99,100,99, 1
1618.07,6,16,1,0,99,100, 1
1618.553,6,16,1,0,98,101, 1
1620.637,6,17,0,0,0,0,200
1634.62,6,17,0,95,95,0, 105
1635.737,6,17,1,0,94,1, 105
1638.803,6,17,1,0,94,0, 106
1639.72,6,17,1,0,93,0, 107
1641.737,6,17,1,0,92,0, 108
1652.437,6,17,1,0,93,0, 107
1653.087,6,17,1,0,94,0, 106
1653.737,6,17,1,0,95,0, 105
1657.987,6,17,1,0,96,0, 104
1660.47,6,17,1,0,97,0, 103
1664.62,6,17,0,92,97,92, 11
1666.504,6,17,1,0,97,93, 10
1667.687,6,17,1,0,97,94, 9
1673.203,6,17,0,6,103,94, 3
1677.187,6,18,0,0,0,0,200
1686.87,6,18,0,105,105,0, 95
1693.22,6,18,0,26,105,26, 69
1696.287,6,18,0,34,105,60, 35
1698.053,6,18,0,29,105,89, 6
1711.87,6,18,1,0,104,90, 6
1713.037,6,18,1,0,104,91, 5
1713.72,6,18,1,0,104,92, 4
1714.337,6,18,1,0,104,93, 3
1716.154,6,18,1,0,104,94, 2
1717.42,6,18,1,0,104,95, 1
1730.337,6,18,0,1,104,96, 0
1770.004,6,19,0,0,0,0,200
1828.137,6,19,0,91,91,0, 109
1832.204,6,19,0,1,92,0, 108
1836.404,6,19,0,99,92,99, 9
1839.654,6,19,1,0,92,100, 8
1847.17,6,19,1,0,93,100, 7
1848.904,6,19,1,0,94,100, 6
1850.404,6,19,1,0,95,100, 5
1856.203,6,19,1,0,95,101, 4
1857.004,6,19,1,0,95,102, 3
1867.654,6,19,1,0,95,101, 4
1874.937,6,20,0,0,0,0,200
1877.203,6,20,1,0,1,0, 199
1882.404,6,20,0,92,93,0, 107
1893.72,6,20,0,96,93,96, 11
1896.22,6,20,0,5,93,101, 6
1908.07,6,20,1,0,94,101, 5
1908.587,6,20,1,0,95,100, 5
1909.337,6,20,1,0,96,100, 4
1910.22,6,20,1,0,97,100, 3
1911.437,6,20,1,0,98,100, 2
1911.987,6,20,1,0,99,100, 1
1922.52,6,20,1,0,99,101, 0
1935.67,6,21,0,0,0,0,200
1951.154,6,21,0,96,96,0, 104
1960.854,6,21,0,101,197,0, 3
1964.354,6,21,0,98,100,98, 2
1973.47,6,21,0,1,101,98, 1
1975.287,6,21,0,1,102,98, 0
1983.57,6,22,0,0,0,0,200
1994.22,6,22,0,98,98,0, 102
2000.537,6,22,0,83,98,83, 19
2010.97,6,22,0,15,91,98, 11
2012.02,6,22,0,1,91,99, 10
2031.104,6,22,0,13,104,90, 6
2037.287,6,22,0,8,96,98, 6
2046.87,6,22,0,2,98,98, 4
2047.87,6,22,1,0,99,97, 4
2051.22,6,22,0,1,100,96, 4
2052.137,6,22,0,2,102,95, 3
2057.687,6,22,0,4,106,93, 1
2063.137,6,22,0,5,101,98, 1
2063.803,6,22,1,0,100,99, 1
2066.637,6,22,1,0,99,100, 1
2069.637,6,22,1,0,100,99, 1
2070.237,6,22,1,0,101,99, 0
2074.387,6,23,0,0,0,0,200
2081.604,6,23,0,95,95,0, 105
2089.003,6,23,0,96,95,96, 9
2090.42,6,23,0,2,95,98, 7
2091.454,6,23,0,1,95,99, 6
2092.154,6,23,0,1,95,100, 5
2098.27,6,23,0,5,100,100, 0
2100.787,6,24,0,0,0,0,200
2107.787,6,24,0,99,99,0, 101
2108.854,6,24,0,1,100,0, 100
2111.654,6,24,0,1,101,0, 99
2116.387,6,24,0,97,101,97, 2
2117.837,6,24,0,1,101,98, 1
2119.22,6,24,0,1,101,99, 0
2121.704,6,25,0,0,0,0,200
2178.77,6,25,0,200,200,0, 0
2181.087,6,26,0,0,0,0,200
2229.604,6,26,0,87,87,0, 113
2237.254,6,26,0,89,87,89, 24
2246.104,6,26,0,2,87,91, 22
2249.854,6,26,0,9,96,91, 13
2256.437,6,26,0,13,96,104, 0
2258.82,6,27,0,0,0,0,200
2271.854,6,27,0,94,94,0, 106
2282.72,6,27,0,5,89,0, 111
2286.337,6,27,0,91,89,91, 20
2289.687,6,27,0,9,89,100, 11
2293.404,6,27,1,0,89,99, 12
2296.17,6,27,0,3,89,102, 9
2305.854,6,27,0,2,89,104, 7
2315.437,6,27,0,6,87,110, 3
2317.704,6,27,1,0,87,109, 4
2318.154,6,27,0,2,87,111, 2
2319.37,6,27,0,1,87,112, 1
2320.37,6,27,0,1,87,113, 0
2322.52,6,28,0,0,0,0,200
2328.42,6,28,0,104,104,0, 96
2333.67,6,28,0,84,104,84, 12
2336.77,6,28,0,4,104,88, 8
2338.087,6,28,0,6,104,94, 2
2339.237,6,28,0,2,104,96, 0
2341.503,6,29,0,0,0,0,200
2345.32,6,29,0,90,90,0, 110
2346.437,6,29,0,3,93,0, 107
2350.137,6,29,0,100,93,100, 7
2351.404,6,29,0,3,93,103, 4
2352.42,6,29,0,4,93,107, 0
2439.304,6,30,0,0,0,0,200
2448.087,6,30,0,56,56,0, 144
2449.487,6,30,0,9,65,0, 135
2456.62,6,30,0,75,65,75, 60
2458.487,6,30,0,14,65,89, 46
2474.037,6,30,0,15,80,89, 31
2477.087,6,30,0,22,102,86, 12
2483.77,6,30,0,10,102,96, 2
2488.837,6,30,0,2,104,96, 0
2491.72,6,31,0,0,0,0,200
2532.12,6,31,0,71,71,0, 129
2533.97,6,31,0,8,79,0, 121
2538.07,6,31,0,102,79,102, 19
2541.57,6,31,0,8,79,110, 11
2545.82,6,31,0,11,77,121, 2
2548.887,6,31,1,0,78,120, 2
2549.47,6,31,1,0,79,119, 2
2551.754,6,31,1,0,80,119, 1
2554.354,6,32,0,0,0,0,200
2557.487,6,32,0,72,72,0, 128
2558.854,6,32,0,18,90,0, 110
2560.12,6,32,0,5,95,0, 105
2564.804,6,32,0,50,95,50, 55
2566.304,6,32,0,26,95,76, 29
2568.237,6,32,0,24,95,100, 5
2569.354,6,32,0,2,95,102, 3
2577.637,6,32,1,0,95,103, 2
2584.587,6,33,0,0,0,0,200
2595.354,6,33,0,37,37,0, 163
2597.337,6,33,0,30,67,0, 133
2598.637,6,33,1,0,66,1, 133
2599.587,6,33,0,30,96,0, 104
2601.404,6,33,0,1,97,0, 103
2608.137,6,33,1,0,96,1, 103
2610.654,6,33,0,68,164,0, 36
2614.237,6,33,0,61,103,61, 36
2616.204,6,33,0,27,99,88, 13
2618.77,6,33,0,1,99,89, 12
2629.92,6,33,1,0,98,90, 12
2630.92,6,33,1,0,97,91, 12
2631.47,6,33,1,0,97,90, 13
2632.32,6,33,1,0,97,91, 12
2637.587,6,33,1,0,96,92, 12
2639.237,6,33,0,3,96,95, 9
2641.62,6,33,0,6,96,101, 3
2645.687,6,33,1,0,96,102, 2
2646.17,6,33,1,0,96,103, 1
2647.07,6,33,1,0,96,104, 0
2650.82,6,34,0,0,0,0,200
2664.254,6,34,0,80,80,0, 120
2665.787,6,34,0,16,96,0, 104
2666.437,6,34,1,0,95,1, 104
2668.004,6,34,0,1,96,1, 103
2668.687,6,34,1,0,97,0, 103
2670.554,6,34,1,0,98,0, 102
2673.437,6,34,0,90,98,90, 12
2674.553,6,34,0,9,98,99, 3
2676.02,6,34,0,2,98,101, 1
2678.437,6,34,0,1,98,102, 0
2688.737,6,34,1,0,98,101, 1
2691.154,6,34,1,0,99,101, 0
2694.437,6,35,0,0,0,0,200
2700.737,6,35,0,98,98,0, 102
2701.804,6,35,0,3,101,0, 99
2706.337,6,35,0,95,101,95, 4
2708.454,6,35,0,4,101,99, 0
2710.954,6,36,0,0,0,0,200
2713.62,6,36,0,94,94,0, 106
2719.02,6,36,0,83,94,83, 23
2720.354,6,36,0,11,94,94, 12
2722.07,6,36,0,2,94,96, 10
2735.037,6,36,0,3,97,94, 9
2745.57,6,36,0,8,96,102, 2
2748.504,6,36,0,6,102,96, 2
2750.72,6,36,0,4,106,94, 0
2775.104,6,37,0,0,0,0,250
2802.77,6,37,0,117,117,0, 133
2819.57,6,37,0,3,114,0, 136
2821.17,6,37,0,2,112,0, 138
2822.22,6,37,0,1,111,0, 139
2822.87,6,37,0,1,110,0, 140
2825.854,6,37,0,5,105,0, 145
2847.97,6,38,0,0,0,0,250
2859.504,6,38,0,115,115,0, 135
2864.77,6,38,1,0,114,0, 136
2865.937,6,38,1,0,113,0, 137
2866.02,6,38,1,0,114,0, 136
2866.654,6,38,1,0,113,0, 137
2874.004,6,38,1,0,114,0, 136
2876.87,6,38,1,0,115,0, 135
2884.404,6,38,0,7,122,0, 128
2898.97,6,39,0,0,0,0,500
2910.32,6,39,0,183,183,0, 317
2919.604,6,39,0,14,169,0, 331
2921.237,6,39,0,4,165,0, 335
2923.837,6,39,0,12,153,0, 347
2938.12,6,40,0,0,0,0,250
2950.32,6,40,0,114,114,0, 136
2956.704,6,40,0,2,116,0, 134
2966.904,6,40,0,6,122,0, 128
2968.37,6,40,0,1,123,0, 127
3003.154,6,41,0,0,0,0,750
3021.054,6,41,0,211,211,0, 539
3028.087,6,41,0,12,199,0, 551
3029.137,6,41,0,6,193,0, 557
3040.42,6,41,0,46,147,0, 603
3041.754,6,41,1,0,148,0, 602
3042.22,6,41,0,5,143,0, 607
3043.07,6,41,0,1,142,0, 608
3045.654,6,41,0,5,137,0, 613
3050.054,6,41,1,0,138,0, 612
3050.554,6,41,1,0,139,0, 611
3052.054,6,41,1,0,140,0, 610
3052.904,6,41,1,0,141,0, 609
3053.754,6,41,1,0,142,0, 608
3054.354,6,41,1,0,143,0, 607
3055.154,6,41,1,0,144,0, 606
3056.47,6,41,1,0,143,0, 607
3056.87,6,41,1,0,144,0, 606
3057.304,6,41,1,0,145,0, 605
3057.787,6,41,1,0,146,0, 604
3058.72,6,41,1,0,147,0, 603
3059.52,6,41,1,0,148,0, 602
3060.104,6,41,1,0,149,0, 601
3062.437,6,42,0,0,0,0,250
3069.854,6,42,0,134,134,0, 116
3082.454,6,42,0,11,123,0, 127
3083.454,6,42,0,1,122,0, 128
3085.237,6,42,0,3,119,0, 131
3096.37,6,43,0,0,0,0,750
3100.12,6,43,0,7,7,0, 743
3108.104,6,43,0,258,265,0, 485
3115.987,6,43,0,56,209,0, 541
3118.387,6,43,0,22,187,0, 563
3122.604,6,43,1,0,188,0, 562
3124.687,6,43,1,0,189,0, 561
3125.287,6,43,1,0,190,0, 560
3125.92,6,43,1,0,191,0, 559
3127.904,6,44,0,0,0,0,250
3131.42,6,44,0,1,1,0, 249
3132.737,6,44,1,0,0,0, 250
3134.537,6,44,0,112,112,0, 138
3143.27,6,44,0,3,115,0, 135
3143.937,6,44,1,0,116,0, 134
3144.52,6,44,1,0,117,0, 133
3145.137,6,44,1,0,118,0, 132
3145.737,6,44,1,0,119,0, 131
3146.72,6,44,1,0,120,0, 130
3147.587,6,44,1,0,121,0, 129
3152.32,6,44,0,12,109,0, 141
3154.104,6,44,0,4,105,0, 145
3158.404,6,45,0,0,0,0,500
3161.804,6,45,0,1,1,0, 499
3169.537,6,45,0,120,121,0, 379
3170.537,6,45,1,0,122,0, 378
3171.37,6,45,1,0,123,0, 377
3176.787,6,45,1,0,124,0, 376
3177.37,6,45,1,0,125,0, 375
3177.92,6,45,1,0,126,0, 374
3178.537,6,45,1,0,127,0, 373
3179.104,6,45,1,0,128,0, 372
3179.97,6,45,1,0,129,0, 371
3181.137,6,45,1,0,130,0, 370
3181.87,6,45,1,0,131,0, 369
3183.187,6,45,1,0,132,0, 368
3188.154,6,45,0,1,131,0, 369
3194.47,6,45,0,1,130,0, 370
3196.854,6,45,0,1,129,0, 371
3197.87,6,45,0,1,128,0, 372
3200.287,6,46,0,0,0,0,750
3211.954,6,46,0,479,479,0, 271
3219.604,6,46,0,117,362,0, 388
3221.554,6,46,1,0,363,0, 387
3222.27,6,46,1,0,364,0, 386
3230.137,6,46,0,130,234,0, 516
3235.77,6,46,0,26,208,0, 542
3241.604,6,46,0,9,199,0, 551
3245.587,6,46,0,26,173,0, 577
3250.104,6,47,0,0,0,0,500
3261.454,6,47,0,160,160,0, 340
3263.82,6,47,1,0,161,0, 339
3266.17,6,47,1,0,162,0, 338
3266.537,6,47,1,0,163,0, 337
3267.27,6,47,1,0,164,0, 336
3272.787,6,47,0,31,133,0, 367
3275.787,6,47,0,1,132,0, 368
3276.437,6,47,0,1,131,0, 369
3278.82,6,47,0,2,129,0, 371
3279.787,6,47,0,2,127,0, 373
3280.57,6,47,0,1,126,0, 374
3282.62,6,47,0,3,123,0, 377
3284.437,6,47,0,2,121,0, 379
3285.37,6,47,1,0,120,0, 380
3286.037,6,47,1,0,121,0, 379
3288.82,6,47,1,0,122,0, 378
3289.554,6,47,1,0,123,0, 377
3290.304,6,47,1,0,124,0, 376
3291.004,6,47,1,0,125,0, 375
3292.204,6,47,1,0,126,0, 374
3293.32,6,47,1,0,125,0, 375
3294.187,6,47,1,0,124,0, 376
3294.62,6,47,1,0,125,0, 375
3294.987,6,47,1,0,126,0, 374
3360.17,6,48,0,0,0,0,750
3363.937,6,48,0,1,1,0, 749
3369.387,6,48,1,0,0,0, 750
3373.954,6,48,0,436,436,0, 314
3378.787,6,48,1,0,437,0, 313
3379.354,6,48,1,0,438,0, 312
3384.904,6,48,0,0,0,0, 750
3397.37,6,48,0,199,199,0, 551
3405.82,6,48,0,33,166,0, 584
3407.32,6,48,0,2,164,0, 586
3409.587,6,48,0,14,150,0, 600
3411.737,6,48,0,10,140,0, 610
3418.754,6,48,0,1,139,0, 611
3420.271,6,48,0,2,137,0, 613
3422.587,6,49,0,0,0,0,500
3433.337,6,49,0,182,182,0, 318
3438.187,6,49,0,6,188,0, 312
3443.02,6,49,0,9,197,0, 303
3445.604,6,49,0,18,179,0, 321
3452.854,6,49,0,18,161,0, 339
3454.92,6,49,0,1,160,0, 340
3457.037,6,49,0,4,156,0, 344
3462.104,6,49,0,17,139,0, 361
3463.62,6,49,0,3,136,0, 364
3466.22,6,50,0,0,0,0,500
3473.27,6,50,0,123,123,0, 377
3484.137,6,50,0,29,152,0, 348
3494.404,6,50,0,45,107,0, 393
3499.804,6,50,0,12,95,0, 405
3504.004,6,50,0,1,94,0, 406
3511.554,6,51,0,0,0,0,500
3527.837,6,51,0,134,134,0, 366
3528.854,6,51,1,0,135,0, 365
3529.904,6,51,1,0,136,0, 364
3530.437,6,51,1,0,137,0, 363
3537.637,6,51,0,25,112,0, 388
3540.204,6,52,0,0,0,0,250
3549.77,6,52,0,128,128,0, 122
3551.32,6,52,1,0,129,0, 121
3551.937,6,52,1,0,130,0, 120
3553.754,6,52,1,0,131,0, 119
3559.52,6,52,0,12,119,0, 131
3561.12,6,52,0,2,117,0, 133
3563.02,6,53,0,0,0,0,250
3566.554,6,53,0,112,112,0, 138
3567.554,6,53,1,0,113,0, 137
3568.57,6,53,1,0,114,0, 136
3569.937,6,53,1,0,115,0, 135
3570.77,6,53,1,0,116,0, 134
3571.104,6,53,1,0,115,0, 135
3571.504,6,53,1,0,116,0, 134
3572.187,6,53,1,0,117,0, 133
3573.12,6,53,1,0,118,0, 132
3579.92,6,53,0,4,122,0, 128
3587.004,6,53,0,11,111,0, 139
3588.137,6,53,0,2,109,0, 141
3593.687,6,53,0,1,108,0, 142
3595.104,6,53,0,1,107,0, 143
3599.787,6,53,0,5,112,0, 138
3601.504,6,54,0,0,0,0,750
3612.754,6,54,0,160,160,0, 590
3615.554,6,54,0,8,168,0, 582
3618.504,6,54,0,4,172,0, 578
3626.22,6,54,0,36,136,0, 614
3627.454,6,54,0,3,133,0, 617
3629.737,6,54,0,5,128,0, 622
3636.437,6,54,0,2,126,0, 624
3936.737,6,55,0,0,0,0,250
3941.82,6,56,0,0,0,0,250
3944.004,6,57,0,0,0,0,500
3946.87,6,58,0,0,0,0,500
3948.987,6,59,0,0,0,0,250
3949.37,6,60,0,0,0,0,250
3949.754,6,61,0,0,0,0,750
3950.137,6,62,0,0,0,0,500
3950.637,6,63,0,0,0,0,750
3951.287,6,64,0,0,0,0,500
3952.037,6,65,0,0,0,0,750
3953.787,6,66,0,0,0,0,750
3955.437,6,67,0,0,0,0,500
3955.854,6,68,0,0,0,0,250
3956.304,6,69,0,0,0,0,750
3956.737,6,70,0,0,0,0,500
3957.837,6,71,0,0,0,0,250
3958.754,6,72,0,0,0,0,250
75.50354,7,1,0,0,0,0,250
88.60351,7,1,1,0,1,0, 249
101.4534,7,2,0,0,0,0,250
110.8867,7,2,1,0,1,0, 249
111.5533,7,2,1,0,2,0, 248
112.5367,7,2,1,0,3,0, 247
113.4534,7,2,1,0,4,0, 246
114.27,7,2,1,0,5,0, 245
115.32,7,2,1,0,6,0, 244
115.6867,7,2,1,0,7,0, 243
116.42,7,2,1,0,8,0, 242
121.37,7,2,0,93,101,0, 149
124.92,7,2,0,21,122,0, 128
133.67,7,3,0,0,0,0,500
142.52,7,3,0,101,101,0, 399
144.5867,7,3,0,2,103,0, 397
148.5034,7,3,0,2,105,0, 395
155.0534,7,3,1,0,106,0, 394
156.02,7,3,0,1,107,0, 393
156.82,7,3,1,0,106,0, 394
157.8367,7,3,1,0,107,0, 393
158.42,7,3,1,0,108,0, 392
158.9534,7,3,1,0,109,0, 391
160.4534,7,3,0,2,111,0, 389
171.4367,7,4,0,0,0,0,500
178.37,7,4,0,34,34,0, 466
181.0034,7,4,0,17,51,0, 449
183.5034,7,4,0,2,53,0, 447
184.3367,7,4,0,1,54,0, 446
185.2534,7,4,1,0,55,0, 445
187.0033,7,4,0,8,63,0, 437
188.37,7,4,0,5,68,0, 432
191.52,7,4,0,14,82,0, 418
193.1867,7,4,0,7,89,0, 411
206.3534,7,4,1,0,88,0, 412
207.7367,7,4,0,11,99,0, 401
209.0867,7,4,1,0,100,0, 400
209.97,7,4,1,0,101,0, 399
210.8034,7,4,1,0,102,0, 398
211.7367,7,4,1,0,103,0, 397
217.9533,7,5,0,0,0,0,250
222.4033,7,5,0,90,90,0, 160
225.1367,7,5,0,5,95,0, 155
227.1367,7,5,0,7,102,0, 148
241.4367,7,5,1,0,103,0, 147
244.37,7,5,1,0,104,0, 146
245.77,7,5,1,0,105,0, 145
247.0367,7,5,1,0,106,0, 144
251.1533,7,6,0,0,0,0,250
257.4534,7,6,0,87,87,0, 163
260.3867,7,6,1,0,88,0, 162
261.0033,7,6,1,0,89,0, 161
261.4867,7,6,1,0,90,0, 160
261.9867,7,6,1,0,91,0, 159
262.52,7,6,1,0,92,0, 158
263.3534,7,6,1,0,93,0, 157
263.7367,7,6,1,0,94,0, 156
265.4866,7,6,1,0,95,0, 155
273.0867,7,6,1,0,96,0, 154
278.3534,7,6,1,0,97,0, 153
282.9867,7,7,0,0,0,0,500
292.02,7,7,0,112,112,0, 388
294.4867,7,7,1,0,113,0, 387
295.2034,7,7,1,0,114,0, 386
301.5533,7,7,1,0,115,0, 385
302.5034,7,7,1,0,116,0, 384
303.3534,7,7,1,0,117,0, 383
313.9534,7,8,0,0,0,0,750
339.3701,7,8,0,123,123,0, 627
340.5533,7,8,1,0,124,0, 626
341.2201,7,8,1,0,125,0, 625
341.5367,7,8,1,0,126,0, 624
347.2867,7,8,1,0,127,0, 623
348.4867,7,8,1,0,128,0, 622
349.1534,7,8,1,0,129,0, 621
349.5867,7,8,1,0,130,0, 620
350.0867,7,8,1,0,131,0, 619
350.6367,7,8,1,0,132,0, 618
353.4034,7,8,1,0,133,0, 617
354.2367,7,8,1,0,134,0, 616
357.7701,7,8,1,0,135,0, 615
358.4034,7,8,1,0,136,0, 614
367.52,7,9,0,0,0,0,250
375.4201,7,9,0,95,95,0, 155
376.7201,7,9,1,0,96,0, 154
377.0867,7,9,1,0,97,0, 153
377.57,7,9,1,0,98,0, 152
378.2034,7,9,1,0,99,0, 151
378.7034,7,9,1,0,100,0, 150
379.5034,7,9,1,0,101,0, 149
381.5867,7,9,1,0,102,0, 148
382.17,7,9,1,0,103,0, 147
382.9367,7,9,1,0,104,0, 146
386.07,7,9,1,0,105,0, 145
389.5034,7,9,1,0,106,0, 144
397.7201,7,9,1,0,105,0, 145
399.1367,7,9,1,0,104,0, 146
400.0867,7,9,1,0,103,0, 147
400.5201,7,9,1,0,102,0, 148
401.2534,7,9,1,0,101,0, 149
402.17,7,9,1,0,100,0, 150
403.07,7,9,1,0,99,0, 151
404.67,7,9,1,0,98,0, 152
406.77,7,10,0,0,0,0,500
415.5867,7,10,0,114,114,0, 386
417.0701,7,10,1,0,115,0, 385
417.5034,7,10,1,0,116,0, 384
428.3534,7,10,1,0,115,0, 385
429.2034,7,10,1,0,114,0, 386
430.1034,7,10,1,0,113,0, 387
430.9534,7,10,1,0,112,0, 388
431.8701,7,10,1,0,111,0, 389
440.0534,7,10,1,0,112,0, 388
440.9368,7,10,1,0,113,0, 387
443.17,7,10,1,0,114,0, 386
446.5367,7,10,1,0,113,0, 387
447.3534,7,10,1,0,112,0, 388
447.9367,7,10,1,0,111,0, 389
448.4534,7,10,1,0,110,0, 390
449.7534,7,10,1,0,109,0, 391
450.1867,7,10,1,0,108,0, 392
453.8034,7,10,1,0,107,0, 393
454.2867,7,10,1,0,106,0, 394
455.8534,7,10,1,0,105,0, 395
457.3534,7,10,1,0,104,0, 396
457.8367,7,10,1,0,103,0, 397
458.5533,7,10,1,0,102,0, 398
459.4701,7,10,1,0,103,0, 397
460.5034,7,10,1,0,102,0, 398
460.9701,7,10,1,0,101,0, 399
462.1534,7,10,1,0,100,0, 400
462.6201,7,10,1,0,99,0, 401
465.8201,7,10,1,0,98,0, 402
478.0201,7,10,1,0,99,0, 401
482.9367,7,11,0,0,0,0,250
490.8867,7,11,0,105,105,0, 145
493.8201,7,11,1,0,106,0, 144
494.6367,7,11,1,0,107,0, 143
495.5534,7,11,1,0,108,0, 142
496.1867,7,11,1,0,109,0, 141
501.8701,7,11,1,0,108,0, 142
502.5201,7,11,1,0,107,0, 143
503.2535,7,11,1,0,106,0, 144
506.2534,7,11,1,0,105,0, 145
506.9367,7,11,1,0,104,0, 146
507.7034,7,11,1,0,103,0, 147
508.6367,7,11,1,0,102,0, 148
509.2534,7,11,1,0,101,0, 149
509.8534,7,11,1,0,100,0, 150
511.0034,7,11,1,0,99,0, 151
511.6534,7,11,1,0,98,0, 152
515.72,7,11,1,0,97,0, 153
520.3867,7,11,1,0,98,0, 152
521.5367,7,11,1,0,99,0, 151
526.7201,7,11,1,0,98,0, 152
534.67,7,11,1,0,97,0, 153
537.8034,7,11,1,0,96,0, 154
544.5867,7,12,0,0,0,0,250
551.0034,7,12,0,81,81,0, 169
552.0201,7,12,1,0,82,0, 168
552.8034,7,12,1,0,83,0, 167
554.6534,7,12,0,11,94,0, 156
555.3201,7,12,1,0,95,0, 155
555.8533,7,12,1,0,96,0, 154
556.3701,7,12,1,0,97,0, 153
557.0534,7,12,1,0,98,0, 152
557.4534,7,12,1,0,99,0, 151
557.8867,7,12,1,0,100,0, 150
558.6701,7,12,1,0,101,0, 149
559.2368,7,12,1,0,102,0, 148
564.4034,7,12,1,0,101,0, 149
565.1034,7,12,1,0,100,0, 150
565.5701,7,12,1,0,99,0, 151
566.2867,7,12,1,0,98,0, 152
567.6201,7,12,1,0,97,0, 153
577.3201,7,12,1,0,98,0, 152
578.1367,7,12,1,0,99,0, 151
580.3534,7,12,1,0,100,0, 150
581.3034,7,12,1,0,101,0, 149
583.2034,7,12,1,0,102,0, 148
583.9034,7,12,1,0,103,0, 147
587.7867,7,12,1,0,102,0, 148
589.4034,7,12,1,0,101,0, 149
593.9868,7,12,1,0,100,0, 150
594.7701,7,12,1,0,99,0, 151
601.0201,7,12,1,0,100,0, 150
601.6534,7,12,1,0,101,0, 149
602.8034,7,12,1,0,102,0, 148
606.4534,7,13,0,0,0,0,750
610.9534,7,13,0,116,116,0, 634
614.3701,7,13,0,8,124,0, 626
621.0034,7,13,1,0,123,0, 627
621.8535,7,13,1,0,122,0, 628
622.2534,7,13,1,0,121,0, 629
623.2034,7,13,1,0,120,0, 630
624.0867,7,13,1,0,119,0, 631
625.1034,7,13,1,0,118,0, 632
626.0867,7,13,1,0,117,0, 633
629.2034,7,13,1,0,116,0, 634
634.0367,7,13,1,0,115,0, 635
635.5034,7,13,1,0,114,0, 636
635.9868,7,13,1,0,113,0, 637
638.0867,7,13,1,0,112,0, 638
648.3701,7,13,1,0,113,0, 637
649.0036,7,13,1,0,114,0, 636
649.8367,7,13,1,0,115,0, 635
650.6534,7,13,1,0,116,0, 634
653.4534,7,13,1,0,115,0, 635
657.7701,7,13,1,0,114,0, 636
658.7201,7,13,1,0,113,0, 637
659.4534,7,13,1,0,112,0, 638
660.0034,7,13,1,0,111,0, 639
661.2867,7,13,1,0,110,0, 640
661.6201,7,13,1,0,109,0, 641
662.3867,7,13,1,0,108,0, 642
664.4034,7,13,1,0,109,0, 641
665.3534,7,13,1,0,110,0, 640
665.9367,7,13,1,0,111,0, 639
667.7701,7,13,1,0,112,0, 638
668.5867,7,13,1,0,113,0, 637
678.2368,7,13,1,0,114,0, 636
682.9368,7,13,1,0,115,0, 635
685.5367,7,14,0,0,0,0,500
696.6201,7,14,0,74,74,0, 426
698.5534,7,14,1,0,75,0, 425
699.4868,7,14,0,2,77,0, 423
700.5701,7,14,1,0,76,0, 424
703.0701,7,14,0,4,80,0, 420
707.2034,7,14,0,4,84,0, 416
708.1867,7,14,1,0,85,0, 415
711.2034,7,14,1,0,86,0, 414
711.6534,7,14,1,0,87,0, 413
714.8701,7,14,1,0,86,0, 414
715.5535,7,14,1,0,85,0, 415
716.3535,7,14,1,0,84,0, 416
717.1369,7,14,1,0,83,0, 417
717.6367,7,14,1,0,82,0, 418
724.0701,7,14,1,0,81,0, 419
724.7202,7,14,1,0,80,0, 420
725.4201,7,14,1,0,79,0, 421
726.1534,7,14,1,0,80,0, 420
727.1534,7,14,1,0,81,0, 419
727.9201,7,14,1,0,82,0, 418
728.47,7,14,1,0,83,0, 417
729.6536,7,14,1,0,84,0, 416
730.4701,7,14,1,0,85,0, 415
731.1368,7,14,1,0,86,0, 414
732.0867,7,14,1,0,85,0, 415
737.1201,7,14,1,0,86,0, 414
738.4034,7,14,1,0,87,0, 413
739.1367,7,14,1,0,88,0, 412
740.4034,7,14,1,0,89,0, 411
743.1868,7,14,1,0,90,0, 410
743.8034,7,14,1,0,91,0, 409
744.3701,7,14,1,0,92,0, 408
745.0534,7,14,1,0,93,0, 407
754.2201,7,14,1,0,94,0, 406
754.9868,7,14,1,0,95,0, 405
756.8701,7,14,1,0,96,0, 404
757.2534,7,14,1,0,97,0, 403
758.1035,7,14,1,0,98,0, 402
760.9201,7,15,0,0,0,0,750
770.8535,7,15,0,102,102,0, 648
771.92,7,15,1,0,101,0, 649
772.8534,7,15,1,0,100,0, 650
773.5701,7,15,1,0,99,0, 651
777.2035,7,15,0,11,110,0, 640
778.2534,7,15,1,0,111,0, 639
779.7201,7,15,1,0,110,0, 640
780.6035,7,15,1,0,109,0, 641
781.2201,7,15,1,0,108,0, 642
782.0034,7,15,1,0,107,0, 643
789.3701,7,15,1,0,108,0, 642
789.7034,7,15,1,0,109,0, 641
790.2034,7,15,1,0,110,0, 640
790.5367,7,15,1,0,111,0, 639
791.2201,7,15,1,0,112,0, 638
791.7534,7,15,1,0,113,0, 637
792.5367,7,15,1,0,114,0, 636
795.1368,7,15,1,0,115,0, 635
796.2201,7,15,1,0,116,0, 634
799.3368,7,15,1,0,117,0, 633
799.7535,7,15,1,0,118,0, 632
800.2701,7,15,1,0,119,0, 631
800.8201,7,15,1,0,120,0, 630
801.5367,7,15,1,0,121,0, 629
811.2034,7,15,0,7,114,0, 636
812.8034,7,15,0,3,111,0, 639
817.6201,7,15,0,2,109,0, 641
818.8034,7,15,0,2,107,0, 643
820.9034,7,15,0,2,105,0, 645
822.1367,7,15,0,2,103,0, 647
823.2867,7,15,0,1,102,0, 648
824.3367,7,15,0,1,101,0, 649
825.4534,7,15,0,1,100,0, 650
834.1701,7,15,1,0,101,0, 649
834.5868,7,15,1,0,102,0, 648
835.3367,7,15,1,0,103,0, 647
836.0034,7,15,1,0,104,0, 646
836.6701,7,15,1,0,105,0, 645
839.1868,7,15,1,0,106,0, 644
839.9368,7,15,1,0,107,0, 643
841.4201,7,15,1,0,108,0, 642
841.9201,7,15,1,0,109,0, 641
844.6868,7,15,1,0,110,0, 640
845.3868,7,15,1,0,111,0, 639
845.8034,7,15,1,0,112,0, 638
847.8034,7,15,1,0,113,0, 637
848.4201,7,15,1,0,114,0, 636
848.9701,7,15,1,0,115,0, 635
851.9201,7,15,1,0,116,0, 634
852.6868,7,15,1,0,117,0, 633
853.4368,7,15,1,0,118,0, 632
853.7701,7,15,1,0,119,0, 631
854.8034,7,15,1,0,120,0, 630
858.7701,7,16,0,0,0,0,500
863.9868,7,16,1,0,1,0, 499
865.1701,7,16,0,80,81,0, 419
866.6701,7,16,0,23,104,0, 396
868.3369,7,16,1,0,105,0, 395
869.1368,7,16,1,0,106,0, 394
869.6201,7,16,1,0,107,0, 393
872.3034,7,16,1,0,108,0, 392
876.4867,7,16,1,0,109,0, 391
881.0701,7,16,1,0,110,0, 390
881.7368,7,16,1,0,111,0, 389
895.8701,7,16,0,8,103,0, 397
896.6868,7,16,0,1,102,0, 398
898.0201,7,16,0,1,101,0, 399
899.3868,7,16,0,1,100,0, 400
901.4368,7,16,1,0,99,0, 401
904.8035,7,16,0,2,97,0, 403
905.4701,7,16,1,0,96,0, 404
908.0034,7,16,1,0,95,0, 405
911.5868,7,16,1,0,96,0, 404
916.4868,7,16,1,0,95,0, 405
922.6201,7,16,1,0,96,0, 404
923.3534,7,16,1,0,97,0, 403
923.6701,7,16,1,0,98,0, 402
924.0035,7,16,1,0,99,0, 401
924.4201,7,16,1,0,100,0, 400
925.1701,7,16,1,0,101,0, 399
935.9868,7,16,1,0,102,0, 398
936.5701,7,16,1,0,103,0, 397
936.9868,7,16,1,0,104,0, 396
937.4702,7,16,1,0,105,0, 395
938.6035,7,16,1,0,106,0, 394
941.6034,7,17,0,0,0,0,750
950.7201,7,17,0,133,133,0, 617
956.8534,7,17,0,9,142,0, 608
958.0368,7,17,0,2,144,0, 606
966.9201,7,17,0,14,130,0, 620
968.9868,7,17,0,3,127,0, 623
970.0369,7,17,0,1,126,0, 624
974.4034,7,17,0,1,125,0, 625
975.2201,7,17,1,0,124,0, 626
975.9868,7,17,1,0,123,0, 627
978.9868,7,17,1,0,122,0, 628
983.6868,7,17,0,6,116,0, 634
985.7034,7,17,0,3,113,0, 637
989.67,7,17,0,4,109,0, 641
997.9701,7,17,1,0,110,0, 640
998.2868,7,17,1,0,111,0, 639
999.9534,7,17,1,0,112,0, 638
1000.57,7,17,1,0,113,0, 637
1000.937,7,17,1,0,114,0, 636
1004.103,7,17,1,0,115,0, 635
1004.637,7,17,1,0,116,0, 634
1004.953,7,17,1,0,117,0, 633
1005.403,7,17,1,0,118,0, 632
1010.837,7,17,0,4,114,0, 636
1019.037,7,17,1,0,113,0, 637
1020.07,7,17,1,0,112,0, 638
1021.22,7,17,1,0,111,0, 639
1021.553,7,17,1,0,110,0, 640
1022.603,7,17,1,0,109,0, 641
1026.337,7,18,0,0,0,0,750
1037.753,7,18,0,52,52,0, 698
1040.387,7,18,0,12,64,0, 686
1041.203,7,18,1,0,65,0, 685
1041.72,7,18,1,0,66,0, 684
1042.053,7,18,1,0,67,0, 683
1042.854,7,18,1,0,68,0, 682
1043.203,7,18,1,0,69,0, 681
1043.67,7,18,1,0,70,0, 680
1044.003,7,18,1,0,71,0, 679
1046.92,7,18,0,5,76,0, 674
1047.453,7,18,1,0,77,0, 673
1048.037,7,18,1,0,78,0, 672
1048.42,7,18,1,0,79,0, 671
1051.07,7,18,0,4,83,0, 667
1053.053,7,18,0,2,85,0, 665
1053.537,7,18,1,0,86,0, 664
1054.22,7,18,1,0,85,0, 665
1055.387,7,18,1,0,84,0, 666
1064.887,7,18,0,15,69,0, 681
1065.82,7,18,1,0,68,0, 682
1066.97,7,18,1,0,67,0, 683
1079.604,7,18,0,3,70,0, 680
1082.787,7,18,0,2,72,0, 678
1085.303,7,18,1,0,73,0, 677
1085.67,7,18,1,0,74,0, 676
1086.237,7,18,1,0,75,0, 675
1086.87,7,18,1,0,76,0, 674
1087.637,7,18,1,0,77,0, 673
1089.653,7,18,1,0,78,0, 672
1098.853,7,18,1,0,79,0, 671
1099.753,7,18,1,0,80,0, 670
1101.037,7,18,1,0,81,0, 669
1101.503,7,18,1,0,82,0, 668
1102.137,7,18,1,0,83,0, 667
1102.753,7,18,1,0,84,0, 666
1103.27,7,18,1,0,85,0, 665
1105.153,7,18,1,0,86,0, 664
1105.787,7,18,1,0,87,0, 663
1107.62,7,18,1,0,88,0, 662
1107.937,7,18,1,0,89,0, 661
1112.87,7,18,0,4,93,0, 657
1113.687,7,18,1,0,94,0, 656
1116.12,7,18,1,0,95,0, 655
1128.37,7,19,0,0,0,0,250
1133.82,7,19,0,111,111,0, 139
1141.153,7,19,1,0,112,0, 138
1148.42,7,20,0,0,0,0,250
1152.803,7,20,0,81,81,0, 169
1154.854,7,20,0,6,87,0, 163
1156.987,7,20,0,4,91,0, 159
1159.903,7,20,0,5,96,0, 154
1167.087,7,21,0,0,0,0,500
1172.037,7,21,0,149,149,0, 351
1173.787,7,21,0,4,153,0, 347
1175.22,7,21,1,0,152,0, 348
1177.52,7,21,1,0,151,0, 349
1178.353,7,21,1,0,150,0, 350
1180.403,7,21,1,0,149,0, 351
1189.987,7,22,0,0,0,0,250
1195.037,7,22,0,107,107,0, 143
1197.62,7,22,0,2,109,0, 141
1202.47,7,22,1,0,108,0, 142
1203.837,7,22,1,0,107,0, 143
1204.354,7,22,1,0,106,0, 144
1206.32,7,22,1,0,105,0, 145
1209.437,7,23,0,0,0,0,500
1212.887,7,23,0,99,99,0, 401
1215.003,7,23,0,15,114,0, 386
1216.503,7,23,1,0,115,0, 385
1217.17,7,23,1,0,114,0, 386
1219.203,7,23,1,0,113,0, 387
1224.07,7,24,0,0,0,0,750
1234.553,7,24,0,119,119,0, 631
1240.637,7,24,0,37,156,0, 594
1246.903,7,24,0,18,138,0, 612
1250.053,7,24,0,15,123,0, 627
1251.62,7,24,0,3,120,0, 630
1255.02,7,24,0,14,106,0, 644
1257.237,7,24,0,6,100,0, 650
1262.42,7,25,0,0,0,0,750
1268.07,7,25,0,166,166,0, 584
1272.42,7,25,0,45,211,0, 539
1277.604,7,25,0,29,182,0, 568
1279.387,7,25,0,3,179,0, 571
1280.303,7,25,1,0,178,0, 572
1280.987,7,25,1,0,179,0, 571
1282.12,7,25,0,2,177,0, 573
1284.87,7,25,0,25,152,0, 598
1290.137,7,25,0,12,140,0, 610
1292.37,7,25,0,24,116,0, 634
1295.503,7,25,1,0,115,0, 635
1296.687,7,25,1,0,114,0, 636
1305.953,7,26,0,0,0,0,500
1310.854,7,26,0,142,142,0, 358
1313.87,7,26,0,32,174,0, 326
1317.62,7,26,0,5,169,0, 331
1319.47,7,26,0,16,153,0, 347
1322.17,7,26,0,5,148,0, 352
1323.553,7,26,0,2,146,0, 354
1325.02,7,26,0,2,144,0, 356
1329.004,7,26,0,23,121,0, 379
1331.97,7,26,0,11,110,0, 390
1332.52,7,26,1,0,111,0, 389
1333.153,7,26,0,1,110,0, 390
1337.003,7,26,0,4,106,0, 394
1338.803,7,26,1,0,105,0, 395
1340.354,7,26,1,0,104,0, 396
1343.637,7,26,1,0,103,0, 397
1344.67,7,26,1,0,102,0, 398
1348.587,7,27,0,0,0,0,500
1352.187,7,27,0,148,148,0, 352
1356.203,7,27,0,45,193,0, 307
1358.87,7,27,0,18,211,0, 289
1363.37,7,27,0,25,186,0, 314
1365.387,7,27,0,19,167,0, 333
1367.937,7,27,0,7,160,0, 340
1370.287,7,27,0,13,147,0, 353
1373.437,7,27,0,5,142,0, 358
1377.403,7,27,0,4,138,0, 362
1378.453,7,27,1,0,139,0, 361
1379.437,7,27,0,2,137,0, 363
1380.087,7,27,1,0,136,0, 364
1382.47,7,27,0,7,129,0, 371
1383.553,7,27,0,2,127,0, 373
1385.087,7,27,0,5,122,0, 378
1388.753,7,27,0,9,113,0, 387
1394.67,7,27,0,1,112,0, 388
1398.387,7,28,0,0,0,0,750
1401.337,7,28,0,153,153,0, 597
1404.72,7,28,0,65,218,0, 532
1407.42,7,28,0,58,276,0, 474
1410.27,7,28,0,33,243,0, 507
1414.17,7,28,0,14,229,0, 521
1415.47,7,28,1,0,228,0, 522
1417.303,7,28,0,27,201,0, 549
1419.72,7,28,0,7,194,0, 556
1420.687,7,28,0,1,193,0, 557
1422.287,7,28,0,10,183,0, 567
1423.837,7,28,0,15,168,0, 582
1427.604,7,28,0,13,155,0, 595
1433.203,7,28,0,11,144,0, 606
1434.72,7,28,0,3,141,0, 609
1436.503,7,28,0,4,137,0, 613
1440.653,7,28,0,12,125,0, 625
1444.203,7,28,0,1,124,0, 626
1453.587,7,28,0,4,120,0, 630
1454.404,7,28,0,3,117,0, 633
1456.837,7,28,0,3,114,0, 636
1458.254,7,28,0,3,111,0, 639
1464.703,7,29,0,0,0,0,750
1473.787,7,29,0,135,135,0, 615
1476.803,7,29,0,49,184,0, 566
1483.203,7,29,0,29,155,0, 595
1487.837,7,29,0,10,145,0, 605
1490.62,7,29,0,8,137,0, 613
1493.153,7,29,1,0,138,0, 612
1494.754,7,29,0,13,125,0, 625
1496.237,7,29,0,4,121,0, 629
1502.653,7,29,0,11,110,0, 640
1512.087,7,29,1,0,111,0, 639
1518.987,7,30,0,0,0,0,250
1523.754,7,30,0,106,106,0, 144
1526.82,7,30,0,10,116,0, 134
1531.637,7,30,0,18,134,0, 116
1535.37,7,30,0,5,129,0, 121
1537.47,7,30,0,7,122,0, 128
1541.004,7,30,0,6,116,0, 134
1542.887,7,30,0,2,114,0, 136
1544.253,7,30,0,2,112,0, 138
1547.22,7,30,0,2,110,0, 140
1550.037,7,30,0,9,101,0, 149
1554.987,7,30,0,5,96,0, 154
1559.987,7,30,0,2,94,0, 156
1561.12,7,30,0,1,93,0, 157
1566.303,7,31,0,0,0,0,750
1571.504,7,31,0,142,142,0, 608
1577.303,7,31,0,98,240,0, 510
1586.437,7,31,0,46,194,0, 556
1588.553,7,31,0,18,176,0, 574
1591.97,7,31,0,16,160,0, 590
1595.137,7,31,0,12,148,0, 602
1599.203,7,31,0,12,136,0, 614
1602.004,7,31,0,6,130,0, 620
1608.003,7,31,0,2,128,0, 622
1614.57,7,31,0,3,125,0, 625
1617.754,7,31,0,6,119,0, 631
1620.97,7,31,0,2,117,0, 633
1622.02,7,31,1,0,116,0, 634
1624.37,7,31,0,1,115,0, 635
1625.17,7,31,0,1,114,0, 636
1628.787,7,32,0,0,0,0,500
1633.953,7,32,0,115,115,0, 385
1636.587,7,32,0,30,145,0, 355
1639.053,7,32,0,18,163,0, 337
1642.437,7,32,0,32,131,0, 369
1644.004,7,32,0,3,128,0, 372
1646.12,7,32,0,5,123,0, 377
1647.67,7,32,0,6,117,0, 383
1653.27,7,32,0,11,106,0, 394
1655.987,7,32,0,3,103,0, 397
1658.07,7,32,0,6,97,0, 403
1661.37,7,32,0,3,94,0, 406
1663.02,7,32,0,2,92,0, 408
1663.553,7,32,1,0,91,0, 409
1674.037,7,33,0,0,0,0,500
1677.354,7,33,0,124,124,0, 376
1679.92,7,33,0,31,155,0, 345
1686.037,7,33,0,22,133,0, 367
1687.104,7,33,1,0,134,0, 366
1687.637,7,33,0,5,129,0, 371
1690.737,7,33,0,10,119,0, 381
1693.587,7,33,0,10,109,0, 391
1696.504,7,33,1,0,110,0, 390
1697.22,7,33,0,1,109,0, 391
1699.237,7,33,0,4,105,0, 395
1700.237,7,33,0,1,104,0, 396
1703.037,7,33,0,3,101,0, 399
1705.42,7,33,0,2,99,0, 401
1710.37,7,33,0,1,98,0, 402
1712.087,7,33,0,1,97,0, 403
1722.137,7,33,1,0,98,0, 402
1724.987,7,34,0,0,0,0,250
1729.087,7,34,0,114,114,0, 136
1731.97,7,34,0,11,125,0, 125
1737.52,7,34,0,5,120,0, 130
1740.004,7,34,0,5,115,0, 135
1740.97,7,34,1,0,114,0, 136
1743.02,7,34,0,3,111,0, 139
1745.137,7,34,0,7,104,0, 146
1751.487,7,34,1,0,105,0, 145
1754.303,7,34,1,0,106,0, 144
1759.804,7,35,0,0,0,0,250
1762.97,7,35,0,110,110,0, 140
1765.987,7,35,0,10,120,0, 130
1771.854,7,35,0,2,118,0, 132
1774.22,7,35,0,3,115,0, 135
1777.237,7,35,0,2,113,0, 137
1779.204,7,35,0,1,112,0, 138
1783.92,7,35,0,8,104,0, 146
1786.554,7,35,0,2,102,0, 148
1788.703,7,35,0,2,100,0, 150
1793.553,7,35,0,3,97,0, 153
1796.904,7,35,1,0,96,0, 154
1797.587,7,35,1,0,95,0, 155
1801.754,7,36,0,0,0,0,250
1805.354,7,36,0,121,121,0, 129
1807.953,7,36,0,13,134,0, 116
1816.67,7,36,0,8,126,0, 124
1818.404,7,36,0,4,122,0, 128
1820.37,7,36,0,2,120,0, 130
1826.104,7,36,0,8,112,0, 138
1828.504,7,36,0,7,105,0, 145
1830.687,7,36,1,0,106,0, 144
1831.087,7,36,0,1,105,0, 145
1832.187,7,36,0,1,104,0, 146
1835.703,7,36,0,1,103,0, 147
1838.12,7,36,0,2,101,0, 149
1858.604,7,37,0,0,0,0,200
1871.187,7,37,0,92,92,0, 108
1873.254,7,37,0,4,96,0, 104
1874.97,7,37,0,3,99,0, 101
1876.187,7,37,0,1,100,0, 100
1885.42,7,38,0,0,0,0,200
1897.854,7,38,0,98,98,0, 102
1899.154,7,38,0,1,99,0, 101
1908.087,7,39,0,0,0,0,200
1919.187,7,39,0,95,95,0, 105
1920.37,7,39,0,2,97,0, 103
1926.204,7,39,0,2,99,0, 101
1937.287,7,40,0,0,0,0,200
1945.804,7,40,0,102,102,0, 98
1958.787,7,40,0,2,104,0, 96
1969.037,7,40,1,0,105,0, 95
1970.803,7,41,0,0,0,0,200
1990.47,7,41,0,99,99,0, 101
1991.354,7,41,0,1,100,0, 100
1992.637,7,41,0,3,103,0, 97
2002.17,7,42,0,0,0,0,200
2012.62,7,42,0,93,93,0, 107
2014.154,7,42,0,2,95,0, 105
2018.453,7,42,0,2,97,0, 103
2019.22,7,42,0,1,98,0, 102
2034.954,7,42,0,2,100,0, 100
2038.07,7,43,0,0,0,0,200
2050.954,7,43,0,88,88,0, 112
2051.803,7,43,1,0,87,1, 112
2052.77,7,43,0,10,97,1, 102
2053.837,7,43,1,0,98,0, 102
2055.27,7,43,0,1,99,0, 101
2064.387,7,44,0,0,0,0,200
2075.404,7,44,0,99,99,0, 101
2082.053,7,44,0,2,101,0, 99
2084.72,7,44,1,0,102,0, 98
2092.754,7,45,0,0,0,0,200
2110.47,7,45,0,108,108,0, 92
2112.104,7,45,0,3,111,0, 89
2116.22,7,45,1,0,110,1, 89
2117.354,7,45,1,0,111,0, 89
2117.987,7,45,1,0,110,1, 89
2123.887,7,45,1,0,111,0, 89
2139.803,7,45,0,86,111,86, 3
2140.987,7,45,1,0,111,87, 2
2141.92,7,45,1,0,111,88, 1
2142.387,7,45,1,0,111,89, 0
2145.42,7,46,0,0,0,0,200
2164.004,7,46,0,86,86,0, 114
2167.57,7,46,1,0,87,0, 113
2168.27,7,46,1,0,88,0, 112
2168.754,7,46,1,0,89,0, 111
2169.654,7,46,1,0,90,0, 110
2170.287,7,46,1,0,91,0, 109
2176.454,7,46,0,92,91,92, 17
2181.553,7,46,0,2,91,94, 15
2183.07,7,46,1,0,91,95, 14
2183.587,7,46,1,0,91,96, 13
2183.937,7,46,1,0,91,97, 12
2190.27,7,46,1,0,91,98, 11
2190.87,7,46,1,0,91,99, 10
2191.37,7,46,1,0,91,100, 9
2193.754,7,46,1,0,91,101, 8
2194.287,7,46,1,0,91,102, 7
2194.587,7,46,1,0,91,103, 6
2198.57,7,46,1,0,91,104, 5
2198.97,7,46,1,0,91,105, 4
2201.204,7,46,1,0,92,105, 3
2208.553,7,46,1,0,93,105, 2
2211.587,7,46,1,0,93,106, 1
2211.854,7,46,1,0,93,107, 0
2213.604,7,47,0,0,0,0,200
2234.637,7,47,0,110,110,0, 90
2243.57,7,47,0,90,103,90, 7
2244.687,7,47,1,0,103,89, 8
2245.704,7,47,0,6,103,95, 2
2246.337,7,47,1,0,103,96, 1
2246.87,7,47,1,0,103,97, 0
2247.604,7,47,1,0,102,98, 0
2250.454,7,47,1,0,101,99, 0
2251.67,7,47,1,0,101,98, 1
2254.087,7,47,1,0,102,98, 0
2262.337,7,48,0,0,0,0,200
2270.92,7,48,0,45,45,0, 155
2273.454,7,48,0,44,89,0, 111
2274.937,7,48,0,4,93,0, 107
2283.12,7,48,0,5,98,0, 102
2285.021,7,48,0,1,99,0, 101
2288.904,7,48,1,0,98,1, 101
2300.187,7,48,0,88,98,89, 13
2302.57,7,48,0,9,98,98, 4
2303.604,7,48,0,1,98,99, 3
2307.087,7,48,0,3,98,102, 0
2311.22,7,49,0,0,0,0,200
2340.32,7,49,0,116,116,0, 84
2348.52,7,49,0,85,114,85, 1
2349.687,7,49,0,1,114,86, 0
2358.554,7,49,1,0,113,87, 0
2361.17,7,49,1,0,112,88, 0
2363.187,7,50,0,0,0,0,200
2377.554,7,50,0,101,101,0, 99
2380.803,7,50,0,1,102,0, 98
2385.004,7,50,0,96,102,96, 2
2386.187,7,50,0,2,102,98, 0
2389.337,7,51,0,0,0,0,200
2412.887,7,51,0,93,93,0, 107
2419.587,7,51,0,108,91,108, 1
2426.037,7,51,0,2,93,106, 1
2427.687,7,51,0,1,94,105, 1
2438.57,7,51,0,1,94,106, 0
2439.904,7,52,0,0,0,0,200
2454.62,7,52,0,88,88,0, 112
2455.654,7,52,0,3,91,0, 109
2457.72,7,52,1,0,92,0, 108
2460.904,7,52,0,8,100,0, 100
2467.054,7,52,0,103,97,103, 0
2475.304,7,53,0,0,0,0,200
2488.37,7,53,0,89,89,0, 111
2490.387,7,53,0,5,94,0, 106
2491.47,7,53,0,6,100,0, 100
2497.12,7,53,0,93,100,93, 7
2498.07,7,53,0,1,100,94, 6
2501.72,7,53,0,3,100,97, 3
2502.487,7,53,1,0,100,98, 2
2507.487,7,53,1,0,101,98, 1
2513.104,7,53,1,0,101,99, 0
2514.504,7,53,1,0,101,98, 1
2515.237,7,53,1,0,101,99, 0
2520.07,7,53,1,0,102,98, 0
2522.087,7,54,0,0,0,0,200
2532.787,7,54,0,98,98,0, 102
2534.354,7,54,1,0,99,0, 101
2537.937,7,54,1,0,100,0, 100
2545.97,7,54,0,98,100,98, 2
2547.387,7,54,0,1,100,99, 1
2548.12,7,54,1,0,100,100, 0
2563.037,7,55,0,0,0,0,200
2577.454,7,55,0,100,0,100, 100
2584.087,7,55,0,100,100,100, 0
2588.42,7,56,0,0,0,0,200
2595.387,7,56,0,102,102,0, 98
2601.187,7,56,0,97,102,97, 1
2602.404,7,56,0,4,99,101, 0
2609.87,7,56,0,1,100,100, 0
2614.47,7,57,0,0,0,0,200
2620.47,7,57,0,100,100,0, 100
2623.737,7,57,0,78,100,78, 22
2626.087,7,57,0,14,100,92, 8
2628.271,7,57,0,4,100,96, 4
2636.487,7,57,0,3,99,99, 2
2638.204,7,57,1,0,99,100, 1
2643.604,7,57,0,1,100,100, 0
2648.087,7,58,0,0,0,0,200
2654.904,7,58,0,130,130,0, 70
2659.654,7,58,0,74,108,74, 18
2661.17,7,58,0,16,108,90, 2
2666.587,7,58,0,5,104,95, 1
2670.754,7,58,0,1,104,96, 0
2673.687,7,58,0,1,103,97, 0
2674.604,7,58,0,1,102,98, 0
2678.504,7,59,0,0,0,0,200
2683.904,7,59,0,98,98,0, 102
2684.887,7,59,0,1,99,0, 101
2689.837,7,59,0,101,99,101, 0
2692.97,7,60,0,0,0,0,200
2698.37,7,60,0,71,71,0, 129
2700.704,7,60,0,9,80,0, 120
2701.82,7,60,1,0,81,0, 119
2702.887,7,60,0,1,82,0, 118
2704.787,7,60,0,15,97,0, 103
2706.52,7,60,0,2,99,0, 101
2716.937,7,60,0,88,99,88, 13
2719.004,7,60,0,12,99,100, 1
2720.82,7,60,1,0,99,101, 0
2725.187,7,61,0,0,0,0,200
2730.687,7,61,0,80,80,0, 120
2733.587,7,61,0,12,92,0, 108
2736.42,7,61,0,5,97,0, 103
2737.554,7,61,0,1,98,0, 102
2739.604,7,61,0,1,99,0, 101
2746.004,7,61,1,0,99,1, 100
2746.637,7,61,0,82,99,83, 18
2747.854,7,61,0,2,99,85, 16
2750.72,7,61,0,7,99,92, 9
2752.554,7,61,0,5,99,97, 4
2755.037,7,61,0,1,99,98, 3
2756.187,7,61,0,1,99,99, 2
2757.604,7,61,1,0,99,100, 1
2759.104,7,61,1,0,99,101, 0
2765.087,7,62,0,0,0,0,200
2773.204,7,62,0,101,101,0, 99
2774.837,7,62,0,4,105,0, 95
2778.687,7,62,1,0,106,0, 94
2786.337,7,62,0,88,106,88, 6
2787.67,7,62,0,2,105,90, 5
2791.004,7,62,0,2,105,92, 3
2792.82,7,62,1,0,105,93, 2
2793.687,7,62,0,2,105,95, 0
2799.12,7,63,0,0,0,0,200
2803.637,7,63,0,87,87,0, 113
2804.804,7,63,0,5,92,0, 108
2821.187,7,63,0,96,92,96, 12
2824.92,7,63,0,12,92,108, 0
2833.337,7,64,0,0,0,0,200
2845.12,7,64,0,79,79,0, 121
2850.054,7,64,0,9,88,0, 112
2857.537,7,64,0,90,88,90, 22
2860.137,7,64,0,20,88,110, 2
2871.354,7,64,0,6,94,105, 1
2874.67,7,64,1,0,95,104, 1
2875.32,7,64,1,0,96,103, 1
2880.587,7,64,0,5,101,98, 1
2881.22,7,64,1,0,102,98, 0
2886.954,7,64,1,0,101,99, 0
2887.42,7,64,0,2,103,97, 0
2888.92,7,64,0,2,105,95, 0
2889.754,7,64,1,0,106,94, 0
2893.404,7,65,0,0,0,0,200
2897.987,7,65,0,96,96,0, 104
2905.704,7,65,0,104,96,104, 0
2911.704,7,66,0,0,0,0,200
2915.77,7,66,0,97,97,0, 103
2916.904,7,66,0,1,98,0, 102
2919.887,7,66,1,0,99,0, 101
2923.82,7,66,0,99,99,99, 2
2925.354,7,66,0,2,99,101, 0
2928.654,7,66,1,0,98,102, 0
2932.604,7,67,0,0,0,0,200
2941.704,7,67,0,49,49,0, 151
2943.204,7,67,0,7,56,0, 144
2944.92,7,67,0,32,88,0, 112
2947.687,7,67,0,6,94,0, 106
2948.67,7,67,0,1,95,0, 105
2949.52,7,67,0,1,96,0, 104
2958.154,7,67,0,1,97,0, 103
2962.937,7,67,0,76,97,76, 27
2966.07,7,67,0,10,97,86, 17
2967.004,7,67,1,0,97,87, 16
2968.287,7,67,0,6,97,93, 10
2969.904,7,67,0,8,97,101, 2
2970.904,7,67,1,0,97,102, 1
2971.42,7,67,1,0,97,103, 0
2977.787,7,67,1,0,98,102, 0
2978.937,7,67,1,0,99,101, 0
2985.837,7,67,0,2,101,99, 0
2987.97,7,67,1,0,102,98, 0
2990.57,7,67,0,3,105,95, 0
2995.054,7,68,0,0,0,0,200
3000.77,7,68,0,84,84,0, 116
3002.587,7,68,0,14,98,0, 102
3003.62,7,68,0,2,100,0, 100
3004.554,7,68,0,1,101,0, 99
3009.454,7,68,0,90,101,90, 9
3011.037,7,68,0,9,101,99, 0
3016.087,7,69,0,0,0,0,200
3027.337,7,69,0,70,70,0, 130
3028.904,7,69,0,21,91,0, 109
3030.02,7,69,0,1,92,0, 108
3031.42,7,69,0,7,99,0, 101
3039.704,7,69,0,64,99,64, 37
3041.004,7,69,0,2,99,66, 35
3042.52,7,69,0,30,98,96, 6
3043.404,7,69,1,0,98,95, 7
3043.787,7,69,0,6,98,101, 1
3044.804,7,69,1,0,98,102, 0
3048.67,7,69,0,1,99,101, 0
3053.22,7,70,0,0,0,0,200
3056.254,7,70,0,98,98,0, 102
3064.737,7,70,0,102,98,102, 0
3070.437,7,71,0,0,0,0,200
3076.087,7,71,0,100,100,0, 100
3079.82,7,71,0,94,100,94, 6
3081.17,7,71,0,4,100,98, 2
3082.004,7,71,0,2,100,100, 0
3086.254,7,72,0,0,0,0,200
3090.07,7,72,0,101,101,0, 99
3094.82,7,72,0,100,100,100, 0
32.95333,8,1,0,0,0,0,200
53.71997,8,1,1,0,1,0, 199
55.18665,8,1,1,0,2,0, 198
58.16998,8,1,1,0,3,0, 197
58.83674,8,1,1,0,4,0, 196
69.38667,8,1,1,0,4,1, 195
71.35332,8,1,1,0,4,2, 194
72.80335,8,1,1,0,4,3, 193
74.07,8,1,1,0,4,4, 192
89.72001,8,1,1,0,4,5, 191
96.61998,8,1,1,0,4,6, 190
98.85333,8,1,1,0,4,7, 189
102.3201,8,1,1,0,4,8, 188
115.0867,8,1,1,0,5,8, 187
116.17,8,1,1,0,6,8, 186
117.0033,8,1,0,31,37,8, 155
121.9867,8,1,0,82,119,8, 73
135.77,8,2,0,0,0,0,200
146.7533,8,2,0,92,92,0, 108
150.1534,8,2,0,74,166,0, 34
158.82,8,2,0,5,166,5, 29
161.22,8,2,1,0,166,6, 28
162.77,8,2,1,0,166,7, 27
163.9367,8,2,1,0,166,8, 26
165.5534,8,2,1,0,166,9, 25
167.5033,8,2,1,0,166,10, 24
169.4867,8,2,1,0,166,11, 23
180.3867,8,2,0,9,175,11, 14
182.3867,8,2,0,2,177,11, 12
183.8035,8,2,0,2,179,11, 10
184.57,8,2,1,0,180,11, 9
189.1033,8,2,0,1,181,11, 8
192.1367,8,2,0,1,182,11, 7
195.57,8,2,0,2,184,11, 5
198.8533,8,2,1,0,184,12, 4
199.8367,8,2,1,0,184,13, 3
202.8533,8,2,1,0,184,14, 2
203.4867,8,2,1,0,184,15, 1
207.87,8,2,1,0,185,15, 0
210.92,8,3,0,0,0,0,200
220.0033,8,3,0,190,190,0, 10
223.2367,8,3,0,10,200,0, 0
256.02,8,4,0,0,0,0,200
270.6367,8,4,0,102,102,0, 98
272.57,8,4,0,3,105,0, 95
277.5533,8,4,0,92,105,92, 3
281.12,8,4,1,0,105,93, 2
282.5533,8,4,1,0,105,94, 1
286.3367,8,4,1,0,106,94, 0
289.5367,8,5,0,0,0,0,200
299.82,8,5,0,100,100,0, 100
301.4867,8,5,1,0,101,0, 99
307.2867,8,5,0,99,101,99, 0
311.2533,8,6,0,0,0,0,200
332.62,8,6,0,110,110,0, 90
334.7534,8,6,1,0,111,0, 89
338.5367,8,6,1,0,112,0, 88
341.6867,8,6,1,0,113,0, 87
342.6034,8,6,1,0,114,0, 86
343.7534,8,6,1,0,115,0, 85
344.8367,8,6,1,0,116,0, 84
346.7534,8,6,1,0,117,0, 83
348.2867,8,6,1,0,118,0, 82
350.7033,8,6,1,0,117,1, 82
354.4534,8,6,1,0,118,0, 82
356.62,8,6,1,0,117,1, 82
357.0868,8,6,1,0,118,0, 82
358.8033,8,6,1,0,119,0, 81
359.9367,8,6,1,0,120,0, 80
360.4367,8,6,1,0,121,0, 79
361.4867,8,6,1,0,122,0, 78
369.07,8,6,0,41,122,41, 37
372.22,8,6,1,0,122,40, 38
374.4867,8,6,0,36,119,76, 5
377.5867,8,6,0,1,119,77, 4
380.3701,8,6,0,2,119,79, 2
382.4867,8,6,1,0,119,80, 1
385.67,8,6,1,0,119,79, 2
387.17,8,6,1,0,119,80, 1
389.6534,8,6,1,0,119,79, 2
393.2867,8,6,1,0,120,79, 1
395.0867,8,6,1,0,121,78, 1
397.9867,8,6,1,0,120,79, 1
398.4533,8,6,1,0,121,78, 1
404.9034,8,6,1,0,122,77, 1
408.0533,8,6,1,0,122,78, 0
418.7534,8,7,0,0,0,0,200
427.8534,8,7,0,62,62,0, 138
433.0867,8,7,0,35,97,0, 103
438.2867,8,7,0,96,97,96, 7
443.37,8,7,0,5,97,101, 2
446.0533,8,7,0,1,97,102, 1
447.52,8,7,1,0,97,103, 0
450.97,8,8,0,0,0,0,200
472.3034,8,8,0,99,99,0, 101
474.6368,8,8,0,2,101,0, 99
479.37,8,8,0,5,106,0, 94
487.9534,8,8,0,60,106,60, 34
491.4867,8,8,1,0,106,61, 33
499.0369,8,8,0,33,106,94, 0
504.7535,8,9,0,0,0,0,200
539.6367,8,9,0,108,108,0, 92
542.0867,8,9,1,0,109,0, 91
554.37,8,9,0,94,105,94, 1
560.5033,8,9,1,0,106,94, 0
568.4367,8,10,0,0,0,0,200
613.0367,8,10,0,102,102,0, 98
622.8201,8,10,0,82,102,82, 16
626.9702,8,10,0,8,102,90, 8
630.0367,8,10,0,3,102,93, 5
634.8868,8,10,0,5,107,93, 0
658.6035,8,11,0,0,0,0,200
693.7034,8,11,0,100,100,0, 100
701.8701,8,11,0,94,100,94, 6
707.7201,8,11,0,2,102,94, 4
708.9702,8,11,1,0,103,94, 3
718.4701,8,11,1,0,103,95, 2
719.4034,8,11,1,0,103,96, 1
720.2202,8,11,1,0,103,97, 0
802.0034,8,12,0,0,0,0,200
811.4536,8,12,0,92,92,0, 108
814.5867,8,12,0,8,100,0, 100
815.6867,8,12,1,0,101,0, 99
821.7035,8,12,0,94,101,94, 5
822.9701,8,12,1,0,101,95, 4
825.4368,8,12,1,0,101,96, 3
826.7534,8,12,1,0,101,97, 2
827.67,8,12,1,0,101,98, 1
829.5534,8,12,1,0,101,99, 0
833.8534,8,13,0,0,0,0,200
896.3701,8,13,0,102,102,0, 98
901.3868,8,13,0,2,104,0, 96
903.7534,8,13,0,1,105,0, 95
905.0868,8,13,1,0,106,0, 94
911.8868,8,13,0,80,106,80, 14
913.5868,8,13,1,0,106,81, 13
914.8535,8,13,1,0,106,82, 12
942.5867,8,13,1,0,106,83, 11
943.3034,8,13,1,0,106,84, 10
944.9201,8,13,1,0,106,85, 9
945.9868,8,13,1,0,106,84, 10
946.4868,8,13,1,0,106,85, 9
948.4868,8,13,1,0,106,86, 8
950.1201,8,13,1,0,106,87, 7
950.9368,8,13,1,0,106,88, 6
951.5701,8,13,1,0,106,89, 5
952.2368,8,13,1,0,106,90, 4
953.8034,8,13,1,0,106,91, 3
966.9868,8,13,1,0,106,92, 2
968.4368,8,13,1,0,105,93, 2
969.7868,8,13,1,0,105,94, 1
970.8201,8,13,1,0,105,95, 0
971.9534,8,13,1,0,104,96, 0
977.3367,8,14,0,0,0,0,200
988.9368,8,14,0,96,96,0, 104
991.4034,8,14,1,0,95,1, 104
993.9201,8,14,1,0,94,2, 104
1007.737,8,14,0,75,94,77, 29
1013.52,8,14,0,29,94,106, 0
1019.87,8,15,0,0,0,0,200
1031.82,8,15,0,86,86,0, 114
1036.22,8,15,0,9,95,0, 105
1038.453,8,15,0,3,98,0, 102
1041.087,8,15,1,0,99,0, 101
1049.32,8,15,0,99,99,99, 2
1052.287,8,15,1,0,99,100, 1
1053.553,8,15,1,0,99,101, 0
1059.27,8,16,0,0,0,0,200
1095.687,8,16,0,74,74,0, 126
1101.47,8,16,0,22,96,0, 104
1103.553,8,16,1,0,97,0, 103
1104.52,8,16,1,0,98,0, 102
1106.02,8,16,1,0,99,0, 101
1115.67,8,16,0,91,99,91, 10
1132.82,8,16,1,0,99,92, 9
1135.287,8,16,1,0,99,93, 8
1136.47,8,16,1,0,99,94, 7
1138.137,8,16,1,0,99,95, 6
1141.57,8,16,0,5,99,100, 1
1144.487,8,17,0,0,0,0,200
1163.387,8,17,0,101,101,0, 99
1171.287,8,17,0,100,99,100, 1
1173.137,8,17,1,0,99,101, 0
1174.053,8,17,1,0,98,102, 0
1174.887,8,17,1,0,97,103, 0
1176.037,8,17,1,0,96,104, 0
1184.553,8,18,0,0,0,0,200
1191.587,8,18,0,94,94,0, 106
1194.387,8,18,0,7,101,0, 99
1199.337,8,18,0,98,101,98, 1
1201.953,8,18,1,0,101,99, 0
1234.07,8,19,0,0,0,0,200
1253.22,8,19,0,105,105,0, 95
1260.22,8,19,0,97,99,97, 4
1261.47,8,19,1,0,99,98, 3
1262.787,8,19,1,0,99,99, 2
1263.92,8,19,1,0,99,100, 1
1264.887,8,19,1,0,99,101, 0
1270.07,8,20,0,0,0,0,200
1281.57,8,20,0,102,102,0, 98
1282.903,8,20,1,0,101,1, 98
1283.87,8,20,1,0,100,2, 98
1289.353,8,20,0,93,193,2, 5
1295.987,8,20,0,2,195,2, 3
1301.887,8,20,0,88,107,90, 3
1304.003,8,20,0,8,100,98, 2
1308.42,8,21,0,0,0,0,200
1379.487,8,21,0,144,144,0, 56
1401.27,8,22,0,0,0,0,200
1416.287,8,22,0,107,107,0, 93
1423.77,8,23,0,0,0,0,200
1441.987,8,23,0,121,121,0, 79
1447.137,8,23,0,14,108,14, 78
1456.287,8,23,0,38,108,52, 40
1464.003,8,23,0,39,108,91, 1
1465.62,8,23,1,0,108,92, 0
1470.67,8,24,0,0,0,0,200
1498.37,8,24,0,101,101,0, 99
1505.653,8,24,0,99,101,99, 0
1508.337,8,25,0,0,0,0,200
1537.904,8,25,0,114,114,0, 86
1543.587,8,25,0,83,114,83, 3
1545.07,8,25,1,0,114,84, 2
1546.12,8,25,1,0,114,85, 1
1547.77,8,25,1,0,114,86, 0
1549.92,8,26,0,0,0,0,200
1582.137,8,26,0,5,5,0, 195
1587.237,8,26,0,72,77,0, 123
1590.354,8,26,1,0,78,0, 122
1591.304,8,26,1,0,79,0, 121
1595.953,8,26,0,9,88,0, 112
1598.687,8,26,1,0,89,0, 111
1599.47,8,26,1,0,90,0, 110
1600.004,8,26,1,0,91,0, 109
1600.453,8,26,1,0,92,0, 108
1600.987,8,26,1,0,93,0, 107
1603.237,8,26,1,0,94,0, 106
1604.203,8,26,1,0,95,0, 105
1607.087,8,26,1,0,96,0, 104
1610.57,8,27,0,0,0,0,200
1656.22,8,27,0,100,100,0, 100
1657.337,8,27,1,0,101,0, 99
1666.287,8,28,0,0,0,0,200
1703.837,8,28,0,89,89,0, 111
1707.803,8,29,0,0,0,0,200
1728.737,8,29,0,98,98,0, 102
1733.937,8,29,1,0,99,0, 101
1735.737,8,29,1,0,100,0, 100
1893.837,8,30,0,0,0,0,200
1916.37,8,30,0,99,99,0, 101
1918.453,8,31,0,0,0,0,200
1953.82,8,31,0,21,21,0, 179
1960.504,8,31,0,32,53,0, 147
1961.22,8,31,1,0,54,0, 146
1961.77,8,31,1,0,55,0, 145
1962.87,8,31,1,0,56,0, 144
1963.637,8,31,1,0,57,0, 143
1966.27,8,31,0,24,81,0, 119
1967.904,8,31,1,0,82,0, 118
1968.604,8,31,1,0,83,0, 117
1969.287,8,31,1,0,84,0, 116
1974.337,8,32,0,0,0,0,200
1995.42,8,32,0,89,89,0, 111
1996.287,8,32,1,0,90,0, 110
1997.487,8,32,1,0,91,0, 109
1998.437,8,32,1,0,92,0, 108
2001.737,8,32,0,6,98,0, 102
2002.62,8,32,1,0,99,0, 101
2003.97,8,32,0,3,102,0, 98
2005.187,8,32,1,0,103,0, 97
2007.804,8,33,0,0,0,0,200
2027.604,8,33,0,99,0,99, 101
2030.37,8,34,0,0,0,0,200
2055.737,8,34,0,87,0,87, 113
2065.503,8,35,0,0,0,0,200
2112.887,8,35,0,87,0,87, 113
2114.02,8,35,1,0,0,88, 112
2115.087,8,35,1,0,0,89, 111
2115.57,8,35,1,0,0,90, 110
2118.087,8,35,0,7,0,97, 103
2119.02,8,35,1,0,0,98, 102
2119.553,8,35,1,0,0,99, 101
2120.387,8,35,1,0,0,100, 100
2123.303,8,36,0,0,0,0,200
2174.104,8,36,0,98,0,98, 102
2175.92,8,36,1,0,0,99, 101
2177.004,8,36,1,0,0,100, 100
2184.52,8,36,1,0,0,99, 101
2210.837,8,37,0,0,0,0,250
2217.754,8,37,0,106,106,0, 144
2220.987,8,37,1,0,105,0, 145
2221.537,8,37,1,0,104,0, 146
2225.07,8,37,1,0,103,0, 147
2226.537,8,37,1,0,102,0, 148
2229.454,8,37,1,0,101,0, 149
2229.57,8,37,0,1,102,0, 148
2232.754,8,37,1,0,101,0, 149
2237.254,8,37,1,0,100,0, 150
2238.254,8,37,1,0,99,0, 151
2238.854,8,37,1,0,98,0, 152
2240.67,8,37,1,0,97,0, 153
2263.07,8,38,0,0,0,0,250
2270.287,8,38,0,113,113,0, 137
2292.504,8,39,0,0,0,0,500
2298.987,8,39,0,117,117,0, 383
2301.02,8,39,0,4,121,0, 379
2311.854,8,40,0,0,0,0,500
2317.487,8,40,0,112,112,0, 388
2319.004,8,40,1,0,113,0, 387
2319.47,8,40,1,0,114,0, 386
2322.104,8,40,1,0,115,0, 385
2331.087,8,41,0,0,0,0,250
2335.604,8,41,0,107,107,0, 143
2337.487,8,41,1,0,106,0, 144
2338.854,8,41,1,0,105,0, 145
2350.42,8,42,0,0,0,0,250
2355.237,8,42,0,124,124,0, 126
2357.854,8,42,1,0,125,0, 125
2358.704,8,42,1,0,126,0, 124
2359.32,8,42,1,0,127,0, 123
2360.687,8,42,1,0,128,0, 122
2366.92,8,42,1,0,127,0, 123
2374.437,8,43,0,0,0,0,750
2381.037,8,43,0,111,111,0, 639
2387.437,8,44,0,0,0,0,500
2391.52,8,44,0,117,117,0, 383
2396.02,8,45,0,0,0,0,500
2401.72,8,45,0,120,120,0, 380
2416.604,8,45,1,0,119,0, 381
2417.904,8,45,1,0,118,0, 382
2418.72,8,45,1,0,117,0, 383
2419.487,8,45,1,0,116,0, 384
2420.604,8,45,1,0,115,0, 385
2421.37,8,45,1,0,114,0, 386
2422.054,8,45,1,0,113,0, 387
2424.854,8,45,1,0,112,0, 388
2429.287,8,45,1,0,111,0, 389
2431.07,8,45,1,0,110,0, 390
2433.437,8,45,1,0,109,0, 391
2434.37,8,45,1,0,108,0, 392
2436.72,8,45,1,0,107,0, 393
2437.62,8,45,1,0,106,0, 394
2438.187,8,45,1,0,105,0, 395
2439.354,8,45,1,0,104,0, 396
2440.287,8,45,1,0,103,0, 397
2441.12,8,45,1,0,102,0, 398
2442.87,8,45,1,0,101,0, 399
2445.07,8,45,1,0,100,0, 400
2456.57,8,45,1,0,99,0, 401
2458.42,8,45,1,0,98,0, 402
2461.687,8,46,0,0,0,0,500
2464.82,8,46,1,0,1,0, 499
2466.687,8,46,0,104,105,0, 395
2469.237,8,46,0,6,111,0, 389
2475.854,8,46,1,0,110,0, 390
2479.204,8,46,1,0,109,0, 391
2483.637,8,46,0,2,107,0, 393
2484.854,8,46,0,1,106,0, 394
2488.704,8,46,0,14,92,0, 408
2489.97,8,46,1,0,91,0, 409
2499.77,8,47,0,0,0,0,250
2505.004,8,47,0,97,97,0, 153
2509.687,8,47,1,0,96,0, 154
2512.37,8,47,1,0,95,0, 155
2606.92,8,48,0,0,0,0,250
2615.837,8,48,0,66,66,0, 184
2623.704,8,48,1,0,67,0, 183
2624.52,8,48,1,0,68,0, 182
2630.154,8,49,0,0,0,0,750
2634.87,8,49,0,82,82,0, 668
2637.304,8,49,0,14,96,0, 654
2645.02,8,49,0,4,92,0, 658
2648.204,8,49,0,7,85,0, 665
2649.27,8,49,1,0,84,0, 666
2650.42,8,49,1,0,83,0, 667
2651.537,8,49,1,0,82,0, 668
2652.337,8,49,1,0,81,0, 669
2654.554,8,49,1,0,80,0, 670
2655.57,8,49,1,0,79,0, 671
2657.904,8,49,1,0,78,0, 672
2659.42,8,49,0,1,77,0, 673
2662.654,8,50,0,0,0,0,750
2668.07,8,50,0,152,152,0, 598
2673.954,8,50,0,17,135,0, 615
2675.304,8,50,1,0,136,0, 614
2676.887,8,50,0,29,107,0, 643
2681.754,8,51,0,0,0,0,750
2686.554,8,51,0,144,144,0, 606
2692.42,8,51,0,10,134,0, 616
2694.62,8,51,1,0,133,0, 617
2697.687,8,51,0,12,121,0, 629
2701.254,8,52,0,0,0,0,750
2705.57,8,52,0,120,120,0, 630
2714.404,8,52,0,2,118,0, 632
2715.654,8,52,0,1,117,0, 633
2717.52,8,52,0,13,104,0, 646
2719.487,8,52,0,2,102,0, 648
2719.97,8,52,1,0,103,0, 647
2720.737,8,52,0,1,102,0, 648
2722.77,8,52,0,2,100,0, 650
2725.937,8,52,0,4,96,0, 654
2727.987,8,53,0,0,0,0,250
2730.754,8,53,0,78,78,0, 172
2733.654,8,53,1,0,77,0, 173
2742.104,8,53,0,4,73,0, 177
2745.704,8,54,0,0,0,0,500
2750.804,8,54,0,44,44,0, 456
2759.737,8,54,0,50,94,0, 406
2766.437,8,54,0,5,89,0, 411
2768.204,8,54,0,6,83,0, 417
2769.604,8,54,0,2,81,0, 419
2850.104,8,55,0,0,0,0,250
2864.754,8,55,0,101,101,0, 149
2881.887,8,56,0,0,0,0,250
2894.887,8,56,0,89,89,0, 161
2897.22,8,56,0,5,94,0, 156
2897.837,8,56,1,0,95,0, 155
2898.237,8,56,1,0,96,0, 154
2898.837,8,56,1,0,97,0, 153
2899.22,8,56,1,0,98,0, 152
2914.187,8,57,0,0,0,0,500
2935.52,8,57,0,109,109,0, 391
2950.604,8,57,0,1,110,0, 390
2955.287,8,57,0,9,101,0, 399
2956.42,8,57,1,0,100,0, 400
2962.57,8,57,0,6,94,0, 406
2977.537,8,58,0,0,0,0,500
2986.17,8,58,0,145,145,0, 355
2992.087,8,59,0,0,0,0,500
3003.504,8,59,0,114,114,0, 386
3008.287,8,60,0,0,0,0,750
3017.87,8,60,0,138,138,0, 612
3020.304,8,60,0,26,164,0, 586
3022.487,8,61,0,0,0,0,250
3031.554,8,61,0,97,97,0, 153
3033.42,8,61,0,15,112,0, 138
3035.554,8,62,0,0,0,0,750
3047.504,8,62,0,120,120,0, 630
3049.287,8,62,0,18,138,0, 612
3058.17,8,63,0,0,0,0,500
3071.72,8,63,0,107,107,0, 393
3073.97,8,64,0,0,0,0,500
3083.32,8,64,0,80,80,0, 420
3085.52,8,64,1,0,81,0, 419
3086.437,8,64,1,0,82,0, 418
3087.554,8,64,1,0,83,0, 417
3088.304,8,64,1,0,84,0, 416
3090.604,8,64,0,3,87,0, 413
3095.354,8,65,0,0,0,0,250
3101.554,8,65,0,87,87,0, 163
3164.887,8,66,0,0,0,0,250
3179.72,8,66,0,102,102,0, 148
3181.354,8,66,0,4,106,0, 144
3183.604,8,67,0,0,0,0,500
3191.804,8,67,0,150,150,0, 350
3192.854,8,67,1,0,151,0, 349
3193.67,8,67,1,0,152,0, 348
3201.704,8,68,0,0,0,0,750
3211.887,8,68,0,143,143,0, 607
3214.337,8,68,0,21,164,0, 586
3217.087,8,69,0,0,0,0,250
3227.887,8,69,0,115,115,0, 135
3230.27,8,70,0,0,0,0,250
3238.687,8,70,0,107,107,0, 143
3241.004,8,71,0,0,0,0,750
3255.287,8,71,0,128,128,0, 622
3257.454,8,72,0,0,0,0,750
3275.32,8,72,0,196,196,0, 554
83.76995,9,1,0,0,0,0,250
129.4033,9,1,1,0,1,0, 249
132.1033,9,1,1,0,2,0, 248
135.87,9,1,1,0,3,0, 247
137.22,9,1,0,10,13,0, 237
147.3533,9,1,1,0,14,0, 236
167.5867,9,2,0,0,0,0,250
237.9033,9,2,0,84,84,0, 166
243.37,9,2,0,5,89,0, 161
245.6534,9,2,0,13,102,0, 148
250.7034,9,2,1,0,101,0, 149
252.4367,9,2,1,0,102,0, 148
262.9367,9,2,1,0,103,0, 147
269.3867,9,2,1,0,104,0, 146
270.0867,9,2,1,0,105,0, 145
277.8367,9,2,1,0,106,0, 144
278.4367,9,2,1,0,107,0, 143
285.9367,9,3,0,0,0,0,500
309.5533,9,3,0,100,100,0, 400
316.5534,9,3,1,0,99,0, 401
320.12,9,3,1,0,98,0, 402
321.6867,9,3,1,0,97,0, 403
322.4033,9,3,1,0,96,0, 404
323.4033,9,3,1,0,95,0, 405
323.9867,9,3,1,0,94,0, 406
324.7867,9,3,1,0,93,0, 407
326.2367,9,3,1,0,92,0, 408
327.2701,9,3,1,0,91,0, 409
328.0534,9,3,1,0,90,0, 410
328.4367,9,3,1,0,89,0, 411
329.1367,9,3,1,0,88,0, 412
330.27,9,3,1,0,89,0, 411
331.8034,9,3,1,0,88,0, 412
332.6867,9,3,1,0,87,0, 413
334.9367,9,3,1,0,86,0, 414
336.0033,9,3,1,0,85,0, 415
337.2701,9,3,1,0,84,0, 416
342.0867,9,3,1,0,83,0, 417
343.1034,9,3,1,0,82,0, 418
344.1034,9,3,1,0,81,0, 419
344.6201,9,3,1,0,80,0, 420
345.22,9,3,1,0,79,0, 421
348.5867,9,3,1,0,78,0, 422
349.4034,9,3,1,0,77,0, 423
354.5366,9,3,1,0,78,0, 422
359.9867,9,3,1,0,79,0, 421
361.3034,9,3,1,0,80,0, 420
362.2366,9,3,1,0,81,0, 419
362.9867,9,3,1,0,80,0, 420
366.9866,9,3,1,0,79,0, 421
367.5034,9,3,1,0,78,0, 422
368.0034,9,3,1,0,77,0, 423
369.52,9,3,1,0,76,0, 424
371.9367,9,3,1,0,75,0, 425
372.3867,9,3,1,0,74,0, 426
373.2034,9,3,1,0,73,0, 427
373.8033,9,3,1,0,72,0, 428
374.7201,9,3,1,0,71,0, 429
375.2366,9,3,1,0,70,0, 430
401.37,9,4,0,0,0,0,250
415.6201,9,4,0,105,105,0, 145
418.4034,9,4,1,0,104,0, 146
426.3367,9,4,1,0,103,0, 147
427.12,9,4,1,0,102,0, 148
428.1867,9,4,1,0,101,0, 149
428.9534,9,4,1,0,100,0, 150
429.8534,9,4,1,0,99,0, 151
432.9534,9,4,1,0,98,0, 152
434.5534,9,4,1,0,97,0, 153
447.1534,9,4,1,0,96,0, 154
448.0033,9,4,1,0,95,0, 155
453.5534,9,4,1,0,94,0, 156
456.7367,9,4,1,0,93,0, 157
458.17,9,4,1,0,92,0, 158
458.8867,9,4,1,0,91,0, 159
459.6201,9,4,1,0,90,0, 160
462.6034,9,4,1,0,89,0, 161
463.2867,9,4,1,0,88,0, 162
474.8034,9,4,1,0,87,0, 163
483.2034,9,5,0,0,0,0,500
501.5201,9,5,0,108,108,0, 392
503.5201,9,5,0,20,128,0, 372
508.1201,9,5,1,0,127,0, 373
508.92,9,5,1,0,128,0, 372
510.2201,9,5,1,0,127,0, 373
515.9534,9,5,0,12,115,0, 385
517.8701,9,5,0,4,111,0, 389
520.6867,9,5,0,1,110,0, 390
522.0034,9,5,0,1,109,0, 391
528.0534,9,5,1,0,108,0, 392
537.97,9,5,1,0,109,0, 391
547.07,9,5,1,0,110,0, 390
562.8701,9,5,1,0,109,0, 391
566.3034,9,5,1,0,108,0, 392
568.97,9,5,1,0,107,0, 393
572.3367,9,5,1,0,106,0, 394
577.5201,9,6,0,0,0,0,500
599.2867,9,6,0,125,125,0, 375
602.8701,9,6,1,0,124,0, 376
608.8034,9,6,0,24,100,0, 400
614.0201,9,6,1,0,99,0, 401
615.4867,9,6,1,0,98,0, 402
630.3701,9,6,1,0,97,0, 403
631.0201,9,6,1,0,96,0, 404
632.0867,9,6,1,0,95,0, 405
632.9034,9,6,1,0,94,0, 406
634.5034,9,6,1,0,93,0, 407
639.6201,9,6,1,0,92,0, 408
642.6033,9,6,1,0,91,0, 409
644.1034,9,6,1,0,90,0, 410
644.8034,9,6,1,0,89,0, 411
657.1534,9,6,1,0,90,0, 410
666.9534,9,6,0,8,82,0, 418
673.3034,9,6,0,14,96,0, 404
676.0701,9,6,1,0,95,0, 405
676.8534,9,6,1,0,94,0, 406
677.5701,9,6,1,0,93,0, 407
678.3201,9,6,1,0,92,0, 408
679.2367,9,6,1,0,91,0, 409
683.6367,9,7,0,0,0,0,250
689.5201,9,7,0,104,104,0, 146
694.1034,9,7,1,0,103,0, 147
695.1703,9,7,1,0,102,0, 148
698.8367,9,7,1,0,101,0, 149
699.5534,9,7,1,0,100,0, 150
699.9868,9,7,1,0,99,0, 151
700.9868,9,7,1,0,98,0, 152
702.0867,9,7,1,0,97,0, 153
708.5702,9,7,1,0,96,0, 154
718.6201,9,7,1,0,95,0, 155
727.0201,9,7,1,0,96,0, 154
727.67,9,7,1,0,97,0, 153
728.3534,9,7,1,0,98,0, 152
728.9034,9,7,1,0,99,0, 151
729.5701,9,7,1,0,100,0, 150
734.8534,9,7,1,0,101,0, 149
736.2701,9,8,0,0,0,0,250
746.8534,9,8,0,96,96,0, 154
752.4366,9,8,1,0,95,0, 155
752.9701,9,8,1,0,94,0, 156
753.9202,9,8,1,0,93,0, 157
754.9201,9,8,1,0,92,0, 158
755.3534,9,8,1,0,91,0, 159
757.9534,9,8,1,0,90,0, 160
758.7534,9,8,1,0,89,0, 161
766.3868,9,8,1,0,90,0, 160
766.9868,9,8,1,0,91,0, 159
769.3201,9,8,1,0,92,0, 158
770.7201,9,8,1,0,93,0, 157
771.9034,9,8,1,0,94,0, 156
774.8201,9,8,1,0,93,0, 157
775.3869,9,8,1,0,92,0, 158
778.9701,9,8,1,0,93,0, 157
786.3369,9,8,1,0,94,0, 156
786.7201,9,8,1,0,95,0, 155
797.22,9,9,0,0,0,0,500
800.9701,9,9,0,113,113,0, 387
808.2534,9,9,0,5,108,0, 392
810.3367,9,9,0,10,98,0, 402
812.4701,9,9,0,1,97,0, 403
813.6201,9,9,0,1,96,0, 404
814.7368,9,9,0,1,95,0, 405
819.47,9,9,1,0,96,0, 404
826.3702,9,9,1,0,97,0, 403
832.6034,9,9,0,4,93,0, 407
844.6035,9,9,1,0,92,0, 408
846.6034,9,9,1,0,91,0, 409
848.1368,9,9,1,0,90,0, 410
862.1368,9,10,0,0,0,0,750
879.2701,9,10,0,112,112,0, 638
884.9868,9,10,0,33,79,0, 671
890.1035,9,10,0,4,75,0, 675
896.6034,9,10,1,0,74,0, 676
921.6034,9,11,0,0,0,0,250
927.8034,9,11,0,107,107,0, 143
933.2034,9,11,0,9,98,0, 152
936.7201,9,11,0,4,94,0, 156
938.2867,9,11,0,3,91,0, 159
944.8035,9,11,1,0,90,0, 160
948.4034,9,11,1,0,89,0, 161
949.3868,9,11,1,0,88,0, 162
952.6035,9,11,1,0,87,0, 163
953.1201,9,11,1,0,86,0, 164
954.0367,9,11,1,0,85,0, 165
956.1201,9,11,1,0,84,0, 166
965.5535,9,11,1,0,83,0, 167
965.6534,9,11,0,1,82,0, 168
967.1868,9,11,1,0,83,0, 167
967.7201,9,11,1,0,84,0, 166
970.6868,9,11,1,0,85,0, 165
973.0367,9,11,0,7,78,0, 172
980.6201,9,11,0,8,86,0, 164
985.1701,9,11,1,0,85,0, 165
987.5034,9,11,1,0,86,0, 164
989.7201,9,11,1,0,87,0, 163
993.0535,9,11,1,0,88,0, 162
999.8534,9,11,1,0,89,0, 161
1006.103,9,11,1,0,90,0, 160
1009.837,9,11,1,0,91,0, 159
1065.22,9,12,0,0,0,0,750
1074.253,9,12,0,142,142,0, 608
1079.253,9,12,0,14,128,0, 622
1081.003,9,12,0,19,109,0, 641
1083.287,9,12,1,0,110,0, 640
1083.67,9,12,0,1,109,0, 641
1089.253,9,12,1,0,108,0, 642
1096.203,9,12,1,0,107,0, 643
1099.02,9,12,1,0,106,0, 644
1099.737,9,12,1,0,105,0, 645
1100.887,9,12,1,0,104,0, 646
1110.253,9,12,1,0,105,0, 645
1131.87,9,13,0,0,0,0,750
1145.603,9,13,0,153,153,0, 597
1151.237,9,13,0,7,146,0, 604
1153.553,9,13,0,42,104,0, 646
1157.52,9,13,1,0,103,0, 647
1160.02,9,13,1,0,102,0, 648
1165.903,9,13,1,0,103,0, 647
1166.32,9,13,1,0,104,0, 646
1178.92,9,13,1,0,105,0, 645
1179.653,9,13,1,0,106,0, 644
1180.287,9,13,1,0,107,0, 643
1186.787,9,13,1,0,108,0, 642
1189.203,9,13,1,0,107,0, 643
1191.67,9,13,1,0,106,0, 644
1193.903,9,13,1,0,105,0, 645
1194.587,9,13,1,0,104,0, 646
1197.303,9,13,1,0,103,0, 647
1207.854,9,13,1,0,104,0, 646
1211.603,9,13,1,0,105,0, 645
1216.87,9,14,0,0,0,0,750
1226.27,9,14,0,140,140,0, 610
1233.837,9,14,0,9,131,0, 619
1235.403,9,14,0,32,99,0, 651
1244.837,9,14,1,0,98,0, 652
1254.203,9,14,1,0,97,0, 653
1255.22,9,14,1,0,96,0, 654
1260.237,9,14,1,0,97,0, 653
1260.653,9,14,1,0,98,0, 652
1261.07,9,14,1,0,99,0, 651
1262.987,9,14,1,0,98,0, 652
1263.403,9,14,1,0,97,0, 653
1266.003,9,14,1,0,98,0, 652
1271.103,9,14,1,0,97,0, 653
1271.937,9,14,1,0,96,0, 654
1274.32,9,14,1,0,95,0, 655
1276.387,9,14,1,0,94,0, 656
1280.253,9,14,1,0,93,0, 657
1287.37,9,14,1,0,94,0, 656
1289.437,9,14,1,0,95,0, 655
1294.987,9,14,1,0,96,0, 654
1300.987,9,14,1,0,97,0, 653
1305.037,9,15,0,0,0,0,250
1312.487,9,15,0,99,99,0, 151
1319.253,9,15,0,8,91,0, 159
1322.67,9,15,0,3,88,0, 162
1333.604,9,15,1,0,89,0, 161
1334.287,9,15,1,0,90,0, 160
1338.037,9,15,1,0,91,0, 159
1340.637,9,15,1,0,92,0, 158
1341.22,9,15,1,0,93,0, 157
1344.687,9,15,1,0,92,0, 158
1351.87,9,15,1,0,91,0, 159
1362.537,9,15,1,0,90,0, 160
1366.637,9,15,1,0,91,0, 159
1368.087,9,16,0,0,0,0,500
1373.003,9,16,0,129,129,0, 371
1378.32,9,16,0,13,116,0, 384
1379.353,9,16,1,0,117,0, 383
1380.187,9,16,0,21,96,0, 404
1383.953,9,16,1,0,95,0, 405
1386.287,9,16,1,0,94,0, 406
1393.903,9,16,1,0,93,0, 407
1395.854,9,16,1,0,92,0, 408
1416.903,9,17,0,0,0,0,500
1423.687,9,17,0,132,132,0, 368
1429.053,9,17,0,8,124,0, 376
1430.97,9,17,0,19,105,0, 395
1432.003,9,17,0,4,101,0, 399
1443.37,9,17,1,0,100,0, 400
1448.17,9,17,1,0,101,0, 399
1453.02,9,17,1,0,100,0, 400
1454.92,9,17,1,0,99,0, 401
1455.803,9,17,1,0,98,0, 402
1465.003,9,18,0,0,0,0,750
1471.32,9,18,0,156,156,0, 594
1475.387,9,18,0,25,131,0, 619
1477.254,9,18,0,33,98,0, 652
1490.22,9,18,1,0,99,0, 651
1499.004,9,18,1,0,98,0, 652
1504.87,9,18,1,0,97,0, 653
1513.703,9,18,1,0,98,0, 652
1514.487,9,18,1,0,99,0, 651
1515.62,9,18,1,0,100,0, 650
1518.82,9,18,1,0,101,0, 649
1524.837,9,18,1,0,102,0, 648
1525.737,9,18,1,0,103,0, 647
1526.67,9,18,1,0,104,0, 646
1529.27,9,18,1,0,103,0, 647
1557.087,9,19,0,0,0,0,250
1580.37,9,19,0,108,108,0, 142
1596.254,9,19,0,2,106,0, 144
1598.203,9,19,0,3,103,0, 147
1622.887,9,19,1,0,102,0, 148
1624.053,9,19,1,0,101,0, 149
1629.654,9,19,1,0,100,0, 150
1630.703,9,19,1,0,99,0, 151
1631.354,9,19,1,0,98,0, 152
1676.82,9,20,0,0,0,0,250
1685.453,9,20,0,118,118,0, 132
1696.22,9,20,0,12,106,0, 144
1703.237,9,20,0,8,98,0, 152
1711.337,9,20,0,1,97,0, 153
1712.354,9,20,0,1,96,0, 154
1714.287,9,20,0,1,95,0, 155
1719.57,9,20,1,0,94,0, 156
1724.22,9,20,1,0,93,0, 157
1724.887,9,20,1,0,92,0, 158
1730.82,9,20,1,0,91,0, 159
1731.487,9,20,1,0,90,0, 160
1732.37,9,20,1,0,89,0, 161
1750.72,9,21,0,0,0,0,500
1760.437,9,21,0,128,128,0, 372
1770.504,9,21,0,15,113,0, 387
1775.804,9,21,0,3,110,0, 390
1781.037,9,21,1,0,109,0, 391
1781.854,9,21,1,0,108,0, 392
1799.02,9,21,1,0,109,0, 391
1803.287,9,21,1,0,108,0, 392
1804.187,9,21,1,0,107,0, 393
1817.437,9,21,1,0,106,0, 394
1818.404,9,21,1,0,105,0, 395
1834.97,9,22,0,0,0,0,750
1849.437,9,22,0,174,174,0, 576
1857.77,9,22,1,0,175,0, 575
1858.32,9,22,0,40,135,0, 615
1863.537,9,22,0,9,126,0, 624
1868.854,9,22,0,28,98,0, 652
1878.837,9,22,0,1,97,0, 653
1890.904,9,22,1,0,96,0, 654
1914.47,9,23,0,0,0,0,750
1946.937,9,23,0,154,154,0, 596
1962.67,9,23,0,19,135,0, 615
1973.554,9,23,0,32,103,0, 647
1975.57,9,23,1,0,102,0, 648
1986.137,9,23,1,0,101,0, 649
1986.937,9,23,1,0,100,0, 650
1987.904,9,23,1,0,99,0, 651
1988.487,9,23,1,0,98,0, 652
1989.203,9,23,1,0,97,0, 653
1990.02,9,23,1,0,96,0, 654
1992.337,9,23,1,0,95,0, 655
1993.087,9,23,1,0,94,0, 656
1997.037,9,23,1,0,93,0, 657
1997.987,9,23,1,0,92,0, 658
2020.104,9,24,0,0,0,0,500
2032.837,9,24,0,122,122,0, 378
2043.837,9,24,0,19,103,0, 397
2045.687,9,24,1,0,102,0, 398
2070.004,9,24,1,0,101,0, 399
2071.053,9,24,1,0,100,0, 400
2071.837,9,24,1,0,99,0, 401
2073.77,9,24,1,0,98,0, 402
2076.287,9,24,1,0,97,0, 403
2079.604,9,24,1,0,96,0, 404
2080.037,9,24,1,0,95,0, 405
2096.754,9,24,1,0,94,0, 406
2097.77,9,24,1,0,93,0, 407
2100.704,9,25,0,0,0,0,500
2113.637,9,25,0,79,79,0, 421
2115.07,9,25,0,6,85,0, 415
2116.87,9,25,0,6,91,0, 409
2117.337,9,25,1,0,90,0, 410
2125.787,9,25,0,7,83,0, 417
2127.704,9,25,1,0,84,0, 416
2128.387,9,25,0,6,78,0, 422
2129.204,9,25,0,1,77,0, 423
2152.604,9,25,1,0,78,0, 422
2154.487,9,25,1,0,79,0, 421
2161.187,9,25,1,0,80,0, 420
2164.27,9,26,0,0,0,0,250
2172.187,9,26,0,89,89,0, 161
2181.037,9,26,0,10,79,0, 171
2186.154,9,26,1,0,80,0, 170
2189.303,9,26,1,0,79,0, 171
2209.27,9,26,1,0,80,0, 170
2218.504,9,26,1,0,81,0, 169
2224.07,9,26,1,0,80,0, 170
2226.204,9,27,0,0,0,0,750
2231.954,9,27,0,118,118,0, 632
2255.22,9,27,0,29,89,0, 661
2256.504,9,27,1,0,88,0, 662
2257.92,9,27,1,0,87,0, 663
2273.12,9,27,1,0,86,0, 664
2275.337,9,27,1,0,85,0, 665
2293.387,9,27,1,0,84,0, 666
2310.17,9,27,1,0,83,0, 667
2311.303,9,27,1,0,82,0, 668
2314.837,9,27,1,0,81,0, 669
2319.704,9,28,0,0,0,0,250
2324.437,9,28,0,76,76,0, 174
2337.87,9,28,0,14,62,0, 188
2338.654,9,28,0,1,61,0, 189
2349.12,9,28,1,0,62,0, 188
2356.82,9,28,1,0,63,0, 187
2357.354,9,28,1,0,64,0, 186
2376.803,9,28,1,0,65,0, 185
2377.22,9,28,1,0,66,0, 184
2377.754,9,28,1,0,67,0, 183
2387.387,9,28,1,0,68,0, 182
2388.237,9,28,1,0,69,0, 181
2396.937,9,28,1,0,70,0, 180
2401.337,9,28,1,0,71,0, 179
2409.537,9,29,0,0,0,0,250
2438.52,9,29,0,103,103,0, 147
2448.053,9,29,1,0,102,0, 148
2448.67,9,29,1,0,101,0, 149
2449.537,9,29,1,0,100,0, 150
2453.737,9,29,1,0,99,0, 151
2454.77,9,29,1,0,98,0, 152
2455.42,9,29,1,0,97,0, 153
2456.27,9,29,1,0,96,0, 154
2457.704,9,29,1,0,95,0, 155
2598.254,9,30,0,0,0,0,500
2611.087,9,30,0,145,145,0, 355
2617.004,9,30,0,23,122,0, 378
2624.92,9,30,0,5,117,0, 383
2626.037,9,30,1,0,116,0, 384
2626.537,9,30,1,0,115,0, 385
2648.304,9,31,0,0,0,0,750
2670.804,9,31,0,174,174,0, 576
2681.354,9,31,1,0,175,0, 575
2682.437,9,31,0,1,174,0, 576
2683.22,9,31,1,0,175,0, 575
2683.537,9,31,0,2,173,0, 577
2684.904,9,31,0,1,172,0, 578
2686.37,9,31,0,4,168,0, 582
2689.654,9,31,0,48,120,0, 630
2700.237,9,31,0,6,114,0, 636
2713.204,9,31,0,5,109,0, 641
2718.27,9,31,0,7,102,0, 648
2723.604,9,31,1,0,101,0, 649
2724.837,9,31,1,0,100,0, 650
2730.87,9,32,0,0,0,0,250
2736.737,9,32,0,109,109,0, 141
2738.154,9,32,1,0,110,0, 140
2738.554,9,32,1,0,111,0, 139
2739.104,9,32,1,0,112,0, 138
2750.804,9,32,0,5,107,0, 143
2754.154,9,32,0,1,106,0, 144
2783.037,9,32,0,2,104,0, 146
2784.22,9,32,0,3,101,0, 149
2787.52,9,33,0,0,0,0,500
2796.304,9,33,0,103,103,0, 397
2808.204,9,33,0,29,74,0, 426
2817.254,9,33,1,0,75,0, 425
2819.387,9,33,1,0,74,0, 426
2820.137,9,33,1,0,73,0, 427
2827.887,9,33,1,0,74,0, 426
2828.604,9,33,0,1,73,0, 427
2834.37,9,33,1,0,72,0, 428
2835.704,9,33,1,0,71,0, 429
2838.387,9,34,0,0,0,0,500
2858.62,9,34,0,122,122,0, 378
2859.92,9,34,0,5,127,0, 373
2872.354,9,34,0,38,89,0, 411
2874.804,9,34,1,0,88,0, 412
2888.787,9,34,1,0,87,0, 413
2889.537,9,34,1,0,86,0, 414
2891.354,9,34,1,0,85,0, 415
2892.237,9,34,1,0,84,0, 416
2892.887,9,34,1,0,83,0, 417
2893.404,9,34,1,0,82,0, 418
2903.687,9,35,0,0,0,0,250
2910.754,9,35,0,95,95,0, 155
2918.704,9,35,0,10,85,0, 165
2923.77,9,35,1,0,84,0, 166
2928.67,9,35,1,0,83,0, 167
2931.604,9,35,1,0,82,0, 168
2939.054,9,36,0,0,0,0,750
2947.137,9,36,0,104,104,0, 646
2956.437,9,36,0,6,98,0, 652
2960.32,9,36,0,5,93,0, 657
2964.737,9,36,0,13,80,0, 670
2981.17,9,36,1,0,79,0, 671
2985.387,9,36,1,0,80,0, 670
3022.237,9,37,0,0,0,0,200
3036.587,9,37,0,85,85,0, 115
3038.22,9,37,0,12,97,0, 103
3039.304,9,37,0,2,99,0, 101
3042.054,9,37,1,0,100,0, 100
3053.52,9,37,1,0,99,1, 100
3060.32,9,37,1,0,98,2, 100
3064.52,9,37,1,0,97,2, 101
3065.637,9,37,1,0,97,1, 102
3066.37,9,37,1,0,97,0, 103
3076.237,9,38,0,0,0,0,200
3084.47,9,38,0,97,97,0, 103
3085.587,9,38,0,1,98,0, 102
3092.77,9,38,0,3,101,0, 99
3095.22,9,39,0,0,0,0,200
3101.02,9,39,0,95,95,0, 105
3102.387,9,39,0,3,98,0, 102
3109.504,9,39,1,0,99,0, 101
3116.504,9,40,0,0,0,0,200
3124.804,9,40,0,98,98,0, 102
3126.704,9,40,0,2,100,0, 100
3132.954,9,40,1,0,99,1, 100
3136.887,9,40,1,0,100,0, 100
3141.587,9,41,0,0,0,0,200
3144.42,9,41,0,79,79,0, 121
3145.654,9,41,0,14,93,0, 107
3146.387,9,41,0,1,94,0, 106
3147.82,9,41,1,0,95,0, 105
3148.17,9,41,0,1,96,0, 104
3154.17,9,41,1,0,97,0, 103
3156.82,9,41,1,0,98,0, 102
3158.004,9,41,1,0,99,0, 101
3160.67,9,41,1,0,100,0, 100
3161.654,9,41,1,0,101,0, 99
3165.604,9,41,1,0,102,0, 98
3166.97,9,42,0,0,0,0,200
3172.17,9,42,0,48,48,0, 152
3172.854,9,42,1,0,47,1, 152
3173.804,9,42,0,35,82,0, 118
3176.22,9,42,1,0,81,1, 118
3177.32,9,42,1,0,82,0, 118
3180.22,9,42,0,14,96,0, 104
3182.054,9,42,1,0,97,0, 103
3184.92,9,42,1,0,98,0, 102
3185.687,9,42,1,0,99,0, 101
3192.47,9,43,0,0,0,0,200
3205.637,9,43,0,94,94,0, 106
3209.287,9,43,1,0,95,0, 105
3216.404,9,43,1,0,96,0, 104
3217.27,9,43,1,0,97,0, 103
3217.97,9,43,1,0,98,0, 102
3220.054,9,44,0,0,0,0,200
3222.804,9,44,0,96,96,0, 104
3224.42,9,44,1,0,97,0, 103
3230.437,9,44,1,0,98,0, 102
3231.037,9,44,1,0,99,0, 101
3231.737,9,44,1,0,100,0, 100
3237.887,9,44,1,0,99,0, 101
3239.437,9,44,1,0,100,0, 100
3242.387,9,44,1,0,99,0, 101
3242.904,9,44,1,0,98,0, 102
3247.604,9,44,1,0,97,0, 103
3249.604,9,45,0,0,0,0,200
3253.37,9,45,0,93,93,0, 107
3254.47,9,45,0,7,100,0, 100
3258.837,9,45,1,0,99,1, 100
3259.787,9,45,1,0,100,0, 100
3261.237,9,45,1,0,101,0, 99
3269.47,9,45,1,0,100,0, 100
3272.004,9,46,0,0,0,0,200
3278.637,9,46,0,83,83,0, 117
3280.204,9,46,0,19,102,0, 98
3281.287,9,46,0,2,104,0, 96
3291.304,9,46,1,0,105,0, 95
3294.637,9,47,0,0,0,0,200
3300.637,9,47,0,79,79,0, 121
3302.704,9,47,0,8,87,0, 113
3304.82,9,47,0,21,108,0, 92
3305.687,9,47,1,0,107,1, 92
3306.02,9,47,0,2,109,1, 90
3307.237,9,47,1,0,110,0, 90
3311.837,9,47,1,0,111,0, 89
3436.92,9,48,0,0,0,0,200
3443.82,9,48,0,81,81,0, 119
3444.504,9,48,1,0,80,1, 119
3445.654,9,48,0,19,99,1, 100
3446.47,9,48,1,0,100,0, 100
3456.771,9,48,1,0,99,0, 101
3458.237,9,48,1,0,98,0, 102
3461.637,9,48,1,0,99,0, 101
3462.354,9,48,1,0,100,0, 100
3467.17,9,48,1,0,101,0, 99
3467.937,9,48,1,0,102,0, 98
3469.97,9,48,1,0,101,0, 99
3471.554,9,49,0,0,0,0,200
3477.954,9,49,0,89,89,0, 111
3480.02,9,49,0,9,98,0, 102
3481.404,9,49,0,2,100,0, 100
3484.07,9,49,0,1,101,0, 99
3487.704,9,49,1,0,102,0, 98
3491.737,9,49,1,0,103,0, 97
3498.92,9,49,1,0,104,0, 96
3502.004,9,50,0,0,0,0,200
3509.904,9,50,0,91,91,0, 109
3511.537,9,50,0,2,93,0, 107
3512.387,9,50,0,1,94,0, 106
3515.42,9,50,0,6,100,0, 100
3523.537,9,51,0,0,0,0,200
3527.787,9,51,0,84,84,0, 116
3529.537,9,51,0,13,97,0, 103
3530.62,9,51,1,0,98,0, 102
3535.554,9,51,1,0,97,1, 102
3536.004,9,51,1,0,98,0, 102
3538.404,9,51,1,0,97,0, 103
3543.887,9,52,0,0,0,0,200
3554.037,9,52,0,32,32,0, 168
3555.054,9,52,0,39,71,0, 129
3556.437,9,52,0,4,75,0, 125
3560.52,9,52,0,9,84,0, 116
3561.22,9,52,1,0,85,0, 115
3561.72,9,52,0,3,88,0, 112
3562.804,9,52,0,3,91,0, 109
3563.637,9,52,1,0,92,0, 108
3564.204,9,52,0,3,95,0, 105
3564.837,9,52,1,0,96,0, 104
3565.271,9,52,0,1,97,0, 103
3568.837,9,52,1,0,98,0, 102
3570.537,9,52,1,0,99,0, 101
3574.72,9,53,0,0,0,0,200
3580.437,9,53,0,100,100,0, 100
3583.22,9,53,0,2,102,0, 98
3585.454,9,54,0,0,0,0,200
3589.17,9,54,0,93,93,0, 107
3596.287,9,54,0,3,96,0, 104
3604.62,9,54,1,0,95,0, 105
3626.67,9,55,0,0,0,0,200
3641.237,9,55,0,97,97,0, 103
3642.47,9,55,1,0,98,0, 102
3643.604,9,55,1,0,99,0, 101
3659.62,9,56,0,0,0,0,200
3672.654,9,56,0,94,94,0, 106
3674.32,9,56,0,5,99,0, 101
3681.904,9,57,0,0,0,0,200
3699.087,9,57,0,96,96,0, 104
3705.787,9,57,1,0,97,0, 103
3706.354,9,57,1,0,98,0, 102
3708.054,9,57,1,0,99,0, 101
3708.704,9,57,1,0,98,1, 101
3709.237,9,57,1,0,99,1, 100
3709.854,9,57,1,0,100,0, 100
3710.771,9,57,1,0,101,0, 99
3711.42,9,57,1,0,102,0, 98
3711.954,9,57,1,0,103,0, 97
3712.62,9,57,1,0,102,1, 97
3713.237,9,57,1,0,103,0, 97
3714.487,9,57,1,0,104,0, 96
3715.47,9,57,1,0,105,0, 95
3718.737,9,57,1,0,106,0, 94
3726.037,9,58,0,0,0,0,200
3739.254,9,58,0,96,96,0, 104
3740.537,9,58,1,0,97,0, 103
3746.82,9,59,0,0,0,0,200
3753.354,9,59,0,99,99,0, 101
3755.104,9,59,0,4,103,0, 97
3767.837,9,59,0,5,98,0, 102
3771.07,9,60,0,0,0,0,200
3793.337,9,60,1,0,1,0, 199
3794.404,9,60,0,81,82,0, 118
3795.487,9,60,1,0,83,0, 117
3796.137,9,60,0,10,93,0, 107
3797.387,9,60,0,2,95,0, 105
3798.487,9,60,0,5,100,0, 100
3799.087,9,60,1,0,101,0, 99
3801.72,9,60,1,0,102,0, 98
3804.987,9,60,1,0,103,0, 97
3805.97,9,60,1,0,104,0, 96
3807.037,9,60,1,0,105,0, 95
3807.687,9,60,1,0,106,0, 94
3808.07,9,60,1,0,107,0, 93
3808.954,9,60,1,0,108,0, 92
3809.654,9,60,1,0,109,0, 91
3812.22,9,60,1,0,110,0, 90
3821.704,9,61,0,0,0,0,200
3828.271,9,61,0,94,94,0, 106
3829.537,9,61,0,9,103,0, 97
3836.704,9,61,1,0,104,0, 96
3837.454,9,61,1,0,105,0, 95
3838.17,9,61,1,0,106,0, 94
3838.687,9,61,1,0,107,0, 93
3841.637,9,62,0,0,0,0,200
3849.67,9,62,0,100,100,0, 100
3851.771,9,63,0,0,0,0,200
3868.404,9,63,0,53,53,0, 147
3869.687,9,63,0,20,73,0, 127
3871.404,9,63,0,9,82,0, 118
3872.404,9,63,0,2,84,0, 116
3875.837,9,63,0,3,87,0, 113
3877.521,9,63,0,1,88,0, 112
3878.37,9,63,0,1,89,0, 111
3880.887,9,63,0,2,91,0, 109
3881.92,9,63,0,2,93,0, 107
3886.887,9,63,0,2,95,0, 105
3888.204,9,64,0,0,0,0,200
3899.12,9,64,0,83,83,0, 117
3903.387,9,64,1,0,84,0, 116
3910.42,9,65,0,0,0,0,200
3921.954,9,65,0,96,96,0, 104
3923.17,9,65,1,0,97,0, 103
3923.987,9,65,1,0,98,0, 102
4047.67,9,66,0,0,0,0,200
4056.187,9,66,0,70,70,0, 130
4057.72,9,66,0,27,97,0, 103
4059.104,9,66,0,3,100,0, 100
4067.004,9,66,1,0,99,1, 100
4070.271,9,66,1,0,99,0, 101
4073.687,9,67,0,0,0,0,200
4085.437,9,67,0,96,96,0, 104
4091.92,9,67,1,0,97,0, 103
4092.57,9,67,1,0,98,0, 102
4093.22,9,67,1,0,99,0, 101
4093.77,9,67,1,0,100,0, 100
4095.321,9,68,0,0,0,0,200
4114.371,9,68,0,80,80,0, 120
4120.737,9,68,0,19,99,0, 101
4128.354,9,69,0,0,0,0,200
4138.021,9,69,0,102,102,0, 98
4145.504,9,69,1,0,101,1, 98
4150.237,9,69,1,0,101,0, 99
4152.037,9,70,0,0,0,0,200
4161.804,9,70,0,92,92,0, 108
4165.271,9,70,0,5,97,0, 103
4166.537,9,70,0,1,98,0, 102
4167.387,9,70,1,0,99,0, 101
4171.271,9,71,0,0,0,0,200
4182.737,9,71,0,95,95,0, 105
4184.204,9,71,0,4,99,0, 101
4185.154,9,71,0,1,100,0, 100
4186.337,9,72,0,0,0,0,200
4205.087,9,72,0,89,89,0, 111
4206.47,9,72,0,4,93,0, 107
4208.17,9,72,0,8,101,0, 99
70.93667,10,1,0,0,0,0,200
110.7367,10,1,0,0,0,0, 200
136.8867,10,2,0,0,0,0,200
209.0033,10,2,1,0,1,0, 199
210.9867,10,2,1,0,2,0, 198
211.7367,10,2,1,0,3,0, 197
212.8033,10,2,1,0,4,0, 196
214.2367,10,2,1,0,5,0, 195
214.92,10,2,1,0,6,0, 194
216.17,10,2,1,0,7,0, 193
216.7534,10,2,1,0,8,0, 192
218.3867,10,2,1,0,9,0, 191
218.9534,10,2,1,0,10,0, 190
234.0867,10,2,1,0,11,0, 189
234.7033,10,2,0,1,12,0, 188
235.17,10,2,1,0,13,0, 187
235.57,10,2,0,65,78,0, 122
236.9867,10,2,0,46,124,0, 76
254.5367,10,2,0,23,123,23, 54
255.6867,10,2,0,19,110,42, 48
290.92,10,2,1,0,111,42, 47
297.9367,10,2,0,3,111,45, 44
300.6034,10,2,0,20,110,65, 25
303.0201,10,2,0,9,119,61, 20
313.77,10,2,0,1,119,60, 21
326.87,10,3,0,0,0,0,200
340.97,10,3,0,133,0,133, 67
344.0367,10,3,0,41,41,123, 36
348.1034,10,3,0,1,42,123, 35
362.0534,10,3,0,17,39,140, 21
365.3033,10,3,0,1,40,140, 20
366.67,10,3,0,2,42,140, 18
368.9034,10,3,0,4,46,140, 14
372.2534,10,3,0,3,46,143, 11
374.9034,10,3,0,1,47,143, 10
375.82,10,3,1,0,48,143, 9
376.5534,10,3,1,0,49,143, 8
379.8367,10,3,1,0,49,144, 7
383.07,10,3,1,0,50,144, 6
383.6034,10,3,1,0,51,144, 5
388.62,10,3,1,0,51,145, 4
396.2034,10,3,1,0,52,145, 3
396.6867,10,3,1,0,53,145, 2
397.3867,10,3,1,0,54,145, 1
400.7035,10,3,1,0,55,145, 0
410.5867,10,4,0,0,0,0,200
433.3867,10,4,1,0,1,0, 199
434.2034,10,4,1,0,2,0, 198
435.0201,10,4,1,0,3,0, 197
435.52,10,4,1,0,4,0, 196
435.9367,10,4,1,0,5,0, 195
436.8034,10,4,1,0,6,0, 194
438.2033,10,4,1,0,7,0, 193
438.7534,10,4,1,0,8,0, 192
439.7534,10,4,0,1,9,0, 191
440.67,10,4,0,1,10,0, 190
446.02,10,4,1,0,11,0, 189
446.7034,10,4,1,0,12,0, 188
448.02,10,4,1,0,13,0, 187
448.4533,10,4,1,0,14,0, 186
449.42,10,4,1,0,15,0, 185
449.9367,10,4,1,0,16,0, 184
470.97,10,4,0,15,31,0, 169
481.27,10,4,0,4,31,4, 165
483.6367,10,4,0,6,31,10, 159
493.42,10,4,0,24,55,10, 135
496.9201,10,4,0,39,55,49, 96
499.9534,10,4,0,30,85,42, 73
505.3701,10,4,0,11,82,53, 65
506.1867,10,4,0,1,82,54, 64
507.2034,10,4,0,2,82,56, 62
508.2867,10,4,0,1,82,57, 61
509.1701,10,4,1,0,82,58, 60
510.3201,10,4,1,0,82,59, 59
512.3367,10,4,1,0,82,60, 58
512.7034,10,4,1,0,82,61, 57
513.4534,10,4,1,0,82,62, 56
514.1034,10,4,1,0,82,63, 55
516.0701,10,4,0,4,82,67, 51
517.6367,10,4,0,2,82,69, 49
518.0534,10,4,1,0,82,70, 48
519.1367,10,4,1,0,82,71, 47
519.9535,10,4,1,0,82,72, 46
520.6034,10,4,1,0,82,73, 45
526.17,10,4,0,5,82,78, 40
529.3367,10,4,0,4,86,78, 36
529.8367,10,4,1,0,87,78, 35
530.4367,10,4,1,0,88,78, 34
532.0201,10,4,0,2,90,78, 32
532.7367,10,4,1,0,91,78, 31
533.5867,10,4,1,0,92,78, 30
535.3034,10,4,0,3,95,78, 27
535.7534,10,4,1,0,96,78, 26
536.8867,10,4,0,2,98,78, 24
539.5701,10,4,0,8,98,86, 16
544.3701,10,4,1,0,99,86, 15
544.8701,10,4,1,0,100,86, 14
545.3369,10,4,1,0,101,85, 14
545.9701,10,4,1,0,102,85, 13
546.3534,10,4,1,0,103,85, 12
546.7368,10,4,1,0,104,85, 11
547.8534,10,4,0,4,108,85, 7
548.2034,10,4,1,0,109,85, 6
548.67,10,4,1,0,110,85, 5
551.2701,10,4,0,2,112,85, 3
551.7534,10,4,1,0,113,85, 2
553.5367,10,4,1,0,114,85, 1
555.4534,10,4,1,0,115,85, 0
561.2701,10,5,0,0,0,0,200
569.1701,10,5,0,22,22,0, 178
572.0367,10,5,0,55,22,55, 123
574.6534,10,5,0,27,22,82, 96
578.6867,10,5,0,12,34,82, 84
581.0867,10,5,0,5,34,87, 79
587.5867,10,5,0,6,40,87, 73
589.5201,10,5,0,20,60,87, 53
592.9868,10,5,0,14,60,101, 39
595.42,10,5,1,0,61,101, 38
596.7034,10,5,0,3,64,101, 35
597.62,10,5,0,1,65,101, 34
598.5703,10,5,0,4,69,100, 31
599.3701,10,5,1,0,70,100, 30
600.3868,10,5,0,4,74,98, 28
601.3035,10,5,1,0,75,98, 27
602.3367,10,5,0,2,77,98, 25
603.1534,10,5,1,0,78,98, 24
606.3867,10,5,0,1,78,99, 23
608.9701,10,5,1,0,78,100, 22
609.6867,10,5,1,0,78,101, 21
610.4034,10,5,1,0,78,102, 20
611.7867,10,5,0,3,78,105, 17
612.8868,10,5,0,2,78,107, 15
613.6534,10,5,1,0,78,108, 14
615.0534,10,5,1,0,78,109, 13
617.7867,10,5,1,0,79,109, 12
618.5201,10,5,1,0,80,109, 11
619.0701,10,5,1,0,81,109, 10
619.4367,10,5,1,0,82,109, 9
619.92,10,5,1,0,83,109, 8
620.5034,10,5,1,0,84,109, 7
620.9701,10,5,1,0,85,109, 6
621.3534,10,5,1,0,86,109, 5
621.8867,10,5,1,0,87,109, 4
622.3867,10,5,1,0,88,109, 3
622.8035,10,5,1,0,89,109, 2
625.9701,10,5,0,1,90,109, 1
627.5701,10,5,1,0,91,109, 0
642.2534,10,6,0,0,0,0,200
665.7534,10,6,0,2,2,0, 198
667.2701,10,6,0,7,9,0, 191
669.9034,10,6,0,8,9,8, 183
688.5534,10,6,0,27,36,8, 156
690.8369,10,6,0,9,33,17, 150
692.2701,10,6,0,11,33,28, 139
694.77,10,6,0,18,51,28, 121
697.5867,10,6,0,6,51,34, 115
699.2034,10,6,0,11,51,45, 104
701.8034,10,6,0,20,71,45, 84
704.3367,10,6,0,16,70,61, 69
707.6201,10,6,0,12,69,73, 58
708.7202,10,6,0,5,67,78, 55
709.0867,10,6,1,0,67,79, 54
709.8534,10,6,1,0,67,80, 53
710.7867,10,6,0,2,67,82, 51
711.5534,10,6,0,2,67,84, 49
714.5701,10,6,0,7,74,81, 45
716.9868,10,6,1,0,75,81, 44
717.4201,10,6,0,7,82,81, 37
719.7201,10,6,0,5,82,86, 32
722.0367,10,6,0,4,86,86, 28
724.1034,10,6,0,4,85,90, 25
725.9368,10,6,0,4,82,94, 24
728.3367,10,6,1,0,83,94, 23
729.8702,10,6,0,8,91,89, 20
731.6868,10,6,0,4,95,89, 16
733.3867,10,6,0,3,98,89, 13
734.3534,10,6,0,1,99,89, 12
734.9368,10,6,1,0,100,89, 11
735.9367,10,6,1,0,101,89, 10
737.4534,10,6,1,0,102,89, 9
738.3701,10,6,1,0,103,89, 8
740.72,10,6,1,0,103,90, 7
741.4534,10,6,1,0,103,91, 6
742.4701,10,6,1,0,103,92, 5
743.2534,10,6,1,0,103,93, 4
744.2867,10,6,1,0,103,94, 3
745.3201,10,6,1,0,103,93, 4
745.5367,10,6,0,1,103,94, 3
748.3201,10,6,0,1,104,93, 3
749.52,10,6,0,1,105,92, 3
750.2368,10,6,1,0,106,91, 3
750.6534,10,6,0,5,111,86, 3
752.2201,10,6,0,3,114,83, 3
755.22,10,7,0,0,0,0,200
765.0034,10,7,0,14,0,14, 186
766.2534,10,7,0,2,0,16, 184
769.9701,10,7,0,7,0,23, 177
772.97,10,7,0,9,0,32, 168
774.4368,10,7,0,2,0,34, 166
775.2867,10,7,0,2,0,36, 164
776.3534,10,7,0,7,0,43, 157
777.5201,10,7,0,10,0,53, 147
778.6201,10,7,0,11,0,64, 136
782.7368,10,7,0,2,2,64, 134
783.8701,10,7,0,3,5,64, 131
785.1701,10,7,0,14,19,64, 117
787.0367,10,7,0,12,31,64, 105
790.1201,10,7,0,5,31,69, 100
792.7535,10,7,0,5,36,69, 95
793.4701,10,7,0,1,37,69, 94
794.2867,10,7,1,0,38,69, 93
797.8367,10,7,1,0,38,70, 92
798.2034,10,7,1,0,38,71, 91
798.67,10,7,1,0,38,72, 90
801.3701,10,7,1,0,39,72, 89
804.3201,10,7,1,0,39,73, 88
804.9868,10,7,1,0,39,74, 87
805.7201,10,7,1,0,39,75, 86
807.8034,10,7,0,2,39,77, 84
810.0534,10,7,1,0,40,77, 83
811.3534,10,7,0,2,42,77, 81
811.8701,10,7,1,0,43,77, 80
812.6534,10,7,1,0,44,77, 79
813.3868,10,7,1,0,45,77, 78
814.1368,10,7,1,0,46,77, 77
815.3701,10,7,0,2,48,77, 75
816.3701,10,7,0,1,49,77, 74
817.6867,10,7,0,1,50,77, 73
818.7867,10,7,0,2,52,77, 71
819.7701,10,7,1,0,53,77, 70
822.2867,10,7,1,0,53,78, 69
823.2368,10,7,0,2,53,80, 67
823.9201,10,7,1,0,53,81, 66
825.9534,10,7,1,0,53,82, 65
828.0369,10,7,0,3,53,85, 62
831.2701,10,7,0,6,59,85, 56
834.3367,10,7,0,4,63,85, 52
835.5534,10,7,1,0,64,84, 52
836.2368,10,7,1,0,65,83, 52
836.7701,10,7,1,0,64,84, 52
838.2034,10,7,1,0,65,84, 51
839.4368,10,7,1,0,66,84, 50
840.3534,10,7,0,2,68,84, 48
840.9034,10,7,1,0,69,84, 47
842.2701,10,7,0,3,72,84, 44
842.7701,10,7,1,0,73,84, 43
843.3533,10,7,1,0,74,84, 42
845.2867,10,7,1,0,75,84, 41
845.92,10,7,1,0,76,84, 40
848.0201,10,7,1,0,76,85, 39
848.6534,10,7,1,0,76,86, 38
853.3701,10,7,0,4,76,90, 34
857.5701,10,7,0,5,81,89, 30
858.7034,10,7,1,0,82,89, 29
859.4868,10,7,1,0,83,89, 28
859.8201,10,7,1,0,84,89, 27
861.5868,10,7,1,0,84,90, 26
865.0701,10,7,0,14,84,104, 12
868.0034,10,7,0,5,89,102, 9
868.4201,10,7,1,0,90,102, 8
869.1534,10,7,1,0,91,102, 7
870.2201,10,7,0,3,94,102, 4
871.9868,10,7,1,0,95,102, 3
874.5867,10,7,1,0,96,102, 2
877.3034,10,7,1,0,97,102, 1
892.52,10,8,0,0,0,0,200
896.7201,10,8,0,11,11,0, 189
898.5034,10,8,0,16,27,0, 173
900.92,10,8,0,45,72,0, 128
904.2534,10,8,0,42,72,42, 86
907.2368,10,8,0,3,75,42, 83
908.4034,10,8,0,1,76,41, 83
922.6034,10,8,0,124,200,0, 0
925.2367,10,8,0,10,190,10, 0
926.3034,10,8,0,8,182,18, 0
927.1868,10,8,0,15,167,33, 0
928.1535,10,8,0,13,154,46, 0
929.3368,10,8,0,2,152,48, 0
930.7201,10,8,0,3,149,51, 0
931.8367,10,8,0,1,148,52, 0
933.7034,10,8,0,15,133,67, 0
935.0868,10,8,0,7,126,74, 0
936.9034,10,9,0,0,0,0,200
942.1868,10,9,0,1,0,1, 199
944.6201,10,9,1,0,0,2, 198
951.6035,10,9,0,98,0,100, 100
965.7867,10,9,0,102,102,98, 0
968.5701,10,10,0,0,0,0,200
975.4368,10,10,0,102,102,0, 98
983.3201,10,10,0,65,101,65, 34
985.3034,10,10,0,8,101,73, 26
987.6035,10,10,0,1,102,73, 25
988.2701,10,10,1,0,103,73, 24
989.6534,10,10,0,2,105,73, 22
992.5201,10,10,0,7,112,69, 19
999.6201,10,10,0,21,133,61, 6
1002.954,10,10,0,1,133,62, 5
1004.103,10,10,0,1,133,63, 4
1004.82,10,10,1,0,133,64, 3
1005.387,10,10,1,0,133,65, 2
1006.787,10,10,1,0,133,66, 1
1007.703,10,10,1,0,133,67, 0
1010.903,10,11,0,0,0,0,200
1013.553,10,11,0,2,2,0, 198
1018.72,10,11,0,188,190,0, 10
1022.053,10,11,0,77,113,77, 10
1024.12,10,11,0,2,112,79, 9
1025.22,10,11,0,6,106,85, 9
1029.837,10,11,1,0,106,86, 8
1030.57,10,11,1,0,105,87, 8
1033.17,10,11,0,1,105,88, 7
1033.954,10,11,1,0,105,89, 6
1034.937,10,11,0,2,105,91, 4
1035.77,10,11,1,0,105,92, 3
1036.953,10,11,1,0,105,93, 2
1038.52,10,11,1,0,105,94, 1
1039.203,10,11,1,0,105,95, 0
1043.404,10,11,1,0,105,94, 1
1043.72,10,11,0,1,105,95, 0
1066.82,10,12,0,0,0,0,200
1074.72,10,12,0,96,96,0, 104
1084.57,10,12,0,102,96,102, 2
1086.22,10,12,1,0,96,103, 1
1086.903,10,12,1,0,96,104, 0
1089.52,10,13,0,0,0,0,200
1098.053,10,13,0,22,0,22, 178
1105.37,10,13,0,64,64,22, 114
1116.82,10,13,0,25,60,47, 93
1118.303,10,13,1,0,60,48, 92
1119.97,10,13,1,0,60,49, 91
1120.403,10,13,1,0,60,50, 90
1120.937,10,13,1,0,60,51, 89
1121.87,10,13,0,2,60,53, 87
1122.32,10,13,1,0,60,54, 86
1128.07,10,13,0,1,61,54, 85
1129.237,10,13,0,3,64,54, 82
1131.603,10,13,0,2,64,56, 80
1132.32,10,13,1,0,64,57, 79
1133.254,10,13,1,0,64,58, 78
1133.97,10,13,1,0,64,59, 77
1135.17,10,13,1,0,64,60, 76
1136.32,10,13,0,2,64,62, 74
1136.687,10,13,1,0,64,63, 73
1137.987,10,13,0,3,64,66, 70
1138.67,10,13,1,0,64,67, 69
1153.77,10,13,0,15,79,67, 54
1156.253,10,13,0,4,79,71, 50
1160.253,10,13,0,20,99,71, 30
1163.737,10,13,0,4,99,75, 26
1166.303,10,13,0,7,106,74, 20
1170.57,10,13,1,0,107,74, 19
1171.003,10,13,1,0,108,74, 18
1171.653,10,13,1,0,109,74, 17
1172.553,10,13,1,0,110,74, 16
1173.27,10,13,1,0,111,74, 15
1173.887,10,13,1,0,112,74, 14
1175.42,10,13,0,4,116,74, 10
1175.953,10,13,1,0,117,74, 9
1176.637,10,13,1,0,118,74, 8
1177.237,10,13,1,0,119,74, 7
1177.653,10,13,1,0,120,74, 6
1178.637,10,13,1,0,121,74, 5
1182.17,10,13,1,0,122,74, 4
1186.903,10,13,0,2,122,76, 2
1187.57,10,13,1,0,122,77, 1
1188.687,10,13,0,1,122,78, 0
1195.82,10,14,0,0,0,0,200
1204.82,10,14,0,196,196,0, 4
1207.303,10,14,0,50,146,50, 4
1208.337,10,14,0,32,114,82, 4
1209.337,10,14,0,13,101,95, 4
1210.937,10,15,0,0,0,0,200
1222.353,10,15,0,121,121,0, 79
1228.037,10,15,0,96,103,96, 1
1229.437,10,15,1,0,103,97, 0
1232.87,10,16,0,0,0,0,200
1237.57,10,16,0,40,40,0, 160
1241.37,10,16,0,41,37,41, 122
1244.237,10,16,0,10,47,41, 112
1245.053,10,16,0,32,79,41, 80
1247.537,10,16,0,40,59,81, 60
1251.137,10,16,0,44,103,67, 30
1254.203,10,16,0,7,103,74, 23
1255.437,10,16,0,6,102,80, 18
1258.503,10,16,0,14,97,94, 9
1259.354,10,16,0,1,97,95, 8
1261.37,10,16,0,14,88,109, 3
1263.37,10,16,0,3,87,112, 1
1266.453,10,16,1,0,87,113, 0
1268.203,10,17,0,0,0,0,200
1273.303,10,17,0,101,101,0, 99
1280.087,10,17,0,99,100,99, 1
1281.303,10,17,1,0,100,100, 0
1293.67,10,18,0,0,0,0,200
1302.104,10,18,0,190,190,0, 10
1304.67,10,18,0,84,106,84, 10
1307.903,10,18,1,0,106,83, 11
1309.17,10,18,1,0,106,84, 10
1312.47,10,18,0,2,106,86, 8
1314.137,10,18,0,10,104,96, 0
1404.187,10,19,0,0,0,0,200
1409.337,10,19,0,101,101,0, 99
1414.053,10,19,0,99,101,99, 0
1432.403,10,20,0,0,0,0,200
1435.17,10,20,0,200,200,0, 0
1440.354,10,20,0,64,136,64, 0
1453.387,10,21,0,0,0,0,200
1455.487,10,21,0,200,200,0, 0
1460.42,10,21,0,13,187,13, 0
1461.953,10,21,0,101,86,114, 0
1464.72,10,21,0,16,102,98, 0
1488.354,10,22,0,0,0,0,200
1492.97,10,22,0,200,200,0, 0
1499.903,10,22,0,91,109,91, 0
1510.12,10,23,0,0,0,0,200
1519.337,10,23,0,189,189,0, 11
1523.27,10,23,0,200,0,200, 0
1528.12,10,23,0,84,84,116, 0
1538.72,10,23,0,69,153,47, 0
1540.954,10,23,0,47,106,94, 0
1543.22,10,24,0,0,0,0,200
1545.087,10,24,0,1,1,0, 199
1551.153,10,24,0,107,108,0, 92
1552.97,10,24,0,133,67,133, 0
1555.52,10,24,0,37,104,96, 0
1557.17,10,25,0,0,0,0,200
1560.087,10,25,0,99,99,0, 101
1562.72,10,25,0,102,97,102, 1
1564.154,10,25,1,0,97,103, 0
1565.987,10,26,0,0,0,0,200
1577.803,10,26,0,110,110,0, 90
1580.92,10,26,0,85,110,85, 5
1584.437,10,26,0,7,117,82, 1
1586.004,10,26,1,0,118,82, 0
1587.687,10,27,0,0,0,0,200
1594.354,10,27,0,96,96,0, 104
1596.52,10,27,0,25,96,25, 79
1598.237,10,27,0,79,96,104, 0
1601.487,10,28,0,0,0,0,200
1606.537,10,28,0,104,104,0, 96
1609.053,10,28,0,76,100,76, 24
1610.92,10,28,0,20,100,96, 4
1612.42,10,28,0,2,100,98, 2
1613.487,10,28,0,1,100,99, 1
1614.153,10,28,1,0,100,100, 0
1615.87,10,29,0,0,0,0,200
1621.62,10,29,0,95,95,0, 105
1625.37,10,29,0,104,95,104, 1
1626.387,10,29,0,1,95,105, 0
1715.004,10,30,0,0,0,0,200
1717.904,10,30,0,105,105,0, 95
1720.77,10,30,0,91,101,91, 8
1721.787,10,30,0,5,101,96, 3
1723.987,10,30,0,3,104,96, 0
1726.153,10,31,0,0,0,0,200
1733.387,10,31,0,100,100,0, 100
1734.387,10,31,0,1,101,0, 99
1736.987,10,31,0,97,101,97, 2
1738.187,10,31,0,2,101,99, 0
1739.57,10,32,0,0,0,0,200
1750.287,10,32,0,97,97,0, 103
1752.104,10,32,0,3,100,0, 100
1754.87,10,32,0,73,100,73, 27
1756.32,10,32,0,27,100,100, 0
1758.237,10,33,0,0,0,0,200
1772.504,10,33,0,71,71,0, 129
1774.97,10,33,0,29,100,0, 100
1779.987,10,33,0,99,100,99, 1
1781.687,10,33,1,0,100,100, 0
1798.903,10,34,0,0,0,0,200
1809.02,10,34,0,89,89,0, 111
1811.87,10,34,0,117,83,117, 0
1816.053,10,35,0,0,0,0,200
1831.32,10,35,0,104,104,0, 96
1833.97,10,35,0,106,94,106, 0
1835.653,10,36,0,0,0,0,200
1843.453,10,36,0,103,103,0, 97
1845.37,10,36,0,103,97,103, 0
1914.57,10,37,0,0,0,0,250
1924.67,10,37,0,1,1,0, 249
1956.654,10,37,0,132,133,0, 117
1958.537,10,37,0,68,201,0, 49
1962.104,10,37,0,27,228,0, 22
1964.004,10,37,0,8,236,0, 14
1966.787,10,37,0,13,249,0, 1
1981.67,10,38,0,0,0,0,250
1989.837,10,38,0,164,164,0, 86
1992.654,10,38,0,15,179,0, 71
1996.187,10,38,1,0,178,0, 72
1996.87,10,38,0,14,192,0, 58
2000.37,10,38,0,21,213,0, 37
2002.104,10,38,0,18,231,0, 19
2005.22,10,38,0,5,236,0, 14
2008.087,10,38,0,11,247,0, 3
2011.204,10,38,0,1,248,0, 2
2044.32,10,39,0,0,0,0,500
2053.087,10,39,0,287,287,0, 213
2107.454,10,39,0,165,452,0, 48
2111.87,10,39,0,1,453,0, 47
2118.904,10,39,0,47,500,0, 0
2121.854,10,39,0,2,498,0, 2
2125.62,10,39,0,2,500,0, 0
2140.454,10,39,0,137,363,0, 137
2156.52,10,40,0,0,0,0,500
2163.937,10,40,0,192,192,0, 308
2165.754,10,40,0,77,269,0, 231
2171.237,10,40,0,87,356,0, 144
2189.204,10,41,0,0,0,0,750
2214.97,10,41,0,381,381,0, 369
2216.887,10,41,0,0,0,0, 750
2218.254,10,41,0,321,321,0, 429
2221.92,10,41,0,132,453,0, 297
2227.72,10,42,0,0,0,0,750
2231.72,10,42,0,35,35,0, 715
2234.954,10,42,0,1,36,0, 714
2247.254,10,42,0,434,470,0, 280
2251.72,10,43,0,0,0,0,500
2256.187,10,43,0,255,255,0, 245
2261.537,10,44,0,0,0,0,500
2266.604,10,44,0,1,1,0, 499
2268.137,10,44,0,142,143,0, 357
2275.737,10,45,0,0,0,0,750
2278.954,10,45,0,300,300,0, 450
2280.47,10,46,0,0,0,0,750
2292.27,10,46,0,352,352,0, 398
2296.537,10,47,0,0,0,0,250
2305.82,10,47,0,108,108,0, 142
2380.204,10,48,0,0,0,0,250
2384.637,10,48,0,127,127,0, 123
2387.97,10,49,0,0,0,0,500
2391.137,10,49,0,189,189,0, 311
2393.354,10,50,0,0,0,0,500
2399.604,10,50,0,171,171,0, 329
2402.154,10,51,0,0,0,0,750
2407.42,10,51,0,213,213,0, 537
2409.504,10,52,0,0,0,0,250
2419.521,10,52,0,123,123,0, 127
2421.104,10,53,0,0,0,0,250
2428.804,10,53,0,122,122,0, 128
2430.487,10,54,0,0,0,0,250
2438.72,10,54,0,123,123,0, 127
2466.437,10,55,0,0,0,0,250
2468.604,10,55,0,143,143,0, 107
2484.987,10,56,0,0,0,0,250
2490.154,10,56,0,119,119,0, 131
2495.62,10,57,0,0,0,0,500
2497.487,10,57,0,271,271,0, 229
2503.654,10,58,0,0,0,0,500
2505.254,10,58,0,325,325,0, 175
2507.17,10,59,0,0,0,0,500
2521.37,10,59,1,0,1,0, 499
2522.57,10,59,0,292,293,0, 207
2527.57,10,59,0,0,0,0, 500
2532.737,10,59,0,0,0,0, 500
2538.054,10,59,0,285,285,0, 215
2549.554,10,59,0,57,342,0, 158
2551.287,10,60,0,0,0,0,500
2555.254,10,60,0,137,137,0, 363
2563.92,10,60,0,62,199,0, 301
2570.637,10,61,0,0,0,0,250
2573.004,10,61,0,120,120,0, 130
2576.27,10,61,0,17,137,0, 113
2581.92,10,61,0,22,159,0, 91
2584.57,10,61,0,28,131,0, 119
2585.67,10,61,0,12,119,0, 131
2587.437,10,61,0,6,113,0, 137
2589.254,10,61,0,6,107,0, 143
2591.204,10,61,0,1,106,0, 144
2595.354,10,62,0,0,0,0,750
2600.687,10,62,0,400,400,0, 350
2605.22,10,62,0,0,0,0, 750
2608.154,10,62,0,196,196,0, 554
2614.904,10,63,0,0,0,0,250
2616.47,10,63,0,119,119,0, 131
2619.687,10,63,0,4,115,0, 135
2622.52,10,63,0,7,108,0, 142
2625.487,10,64,0,0,0,0,750
2627.904,10,64,0,310,310,0, 440
2633.937,10,64,0,0,0,0, 750
2635.787,10,64,0,157,157,0, 593
2642.204,10,64,0,177,334,0, 416
2645.937,10,64,0,102,232,0, 518
2647.937,10,64,0,46,186,0, 564
2649.17,10,65,0,0,0,0,500
2650.77,10,65,0,158,158,0, 342
2655.97,10,65,1,0,159,0, 341
2656.337,10,65,0,33,192,0, 308
2660.187,10,65,0,15,177,0, 323
2662.804,10,65,0,21,156,0, 344
2665.82,10,65,0,7,149,0, 351
2666.604,10,65,0,3,146,0, 354
2667.87,10,65,0,10,136,0, 364
2670.087,10,65,0,8,128,0, 372
2722.404,10,66,0,0,0,0,750
2727.07,10,66,0,220,220,0, 530
2731.437,10,66,0,131,351,0, 399
2733.604,10,66,0,35,316,0, 434
2735.37,10,67,0,0,0,0,750
2737.12,10,67,0,367,367,0, 383
2745.67,10,68,0,0,0,0,500
2746.954,10,68,0,245,245,0, 255
2748.804,10,69,0,0,0,0,250
2750.587,10,69,0,127,127,0, 123
2752.304,10,70,0,0,0,0,250
2753.77,10,70,0,129,129,0, 121
2754.937,10,71,0,0,0,0,250
2755.97,10,71,0,1,1,0, 249
2757.17,10,71,0,119,120,0, 130
2760.77,10,72,0,0,0,0,750
2768.12,10,72,0,315,315,0, 435
2771.37,10,72,0,40,275,0, 475
2772.67,10,72,0,48,227,0, 523
2773.254,10,72,1,0,228,0, 522
2773.62,10,72,0,4,224,0, 526
56.85344,11,1,0,0,0,0,250
84.55335,11,1,1,0,1,0, 249
85.43666,11,1,1,0,2,0, 248
89.87003,11,1,1,0,3,0, 247
91.2533,11,1,0,1,4,0, 246
92.58667,11,1,0,8,12,0, 238
98.23667,11,2,0,0,0,0,250
136.7367,11,2,1,0,1,0, 249
138.8534,11,2,1,0,2,0, 248
151.5368,11,2,0,4,6,0, 244
152.7534,11,2,0,3,9,0, 241
153.22,11,2,1,0,10,0, 240
154.6033,11,2,1,0,9,0, 241
195.0367,11,2,0,0,0,0, 250
201.7033,11,2,0,3,3,0, 247
208.2867,11,2,0,3,6,0, 244
210.1867,11,2,0,4,10,0, 240
211.27,11,2,0,3,13,0, 237
214.5367,11,2,0,6,19,0, 231
216.3534,11,2,0,2,21,0, 229
218.17,11,2,0,3,24,0, 226
219.37,11,2,0,3,27,0, 223
225.8367,11,2,0,3,30,0, 220
226.6534,11,2,0,3,33,0, 217
230.22,11,3,0,0,0,0,500
249.8533,11,3,0,5,5,0, 495
251.2867,11,3,0,2,7,0, 493
253.2533,11,3,0,3,10,0, 490
257.1367,11,3,0,2,12,0, 488
259.3368,11,3,0,2,14,0, 486
260.5533,11,3,0,1,15,0, 485
261.2534,11,3,1,0,16,0, 484
261.9534,11,3,1,0,17,0, 483
264.0367,11,3,0,2,19,0, 481
264.7867,11,3,1,0,20,0, 480
266.5201,11,3,1,0,21,0, 479
268.5035,11,3,1,0,22,0, 478
269.17,11,3,1,0,23,0, 477
279.2367,11,4,0,0,0,0,250
304.6034,11,4,0,2,2,0, 248
307.4533,11,4,0,1,3,0, 247
307.92,11,4,1,0,4,0, 246
309.57,11,4,0,3,7,0, 243
311.0367,11,4,0,4,11,0, 239
312.9867,11,4,0,3,14,0, 236
314.2367,11,4,0,3,17,0, 233
315.6033,11,4,0,3,20,0, 230
316.9367,11,4,0,2,22,0, 228
318.2867,11,4,0,2,24,0, 226
320.1367,11,4,0,3,27,0, 223
321.42,11,4,0,2,29,0, 221
322.47,11,4,0,2,31,0, 219
323.5867,11,4,0,3,34,0, 216
324.9701,11,4,0,5,39,0, 211
326.3367,11,4,0,2,41,0, 209
330.0534,11,5,0,0,0,0,500
335.8367,11,5,0,2,2,0, 498
336.3867,11,5,1,0,3,0, 497
338.4034,11,5,0,4,7,0, 493
341.1534,11,5,0,5,12,0, 488
343.3034,11,5,0,2,14,0, 486
346.2201,11,5,0,2,16,0, 484
348.17,11,5,0,2,18,0, 482
349.6534,11,5,0,3,21,0, 479
350.7701,11,5,0,3,24,0, 476
356.6034,11,5,0,2,26,0, 474
372.3034,11,5,0,2,28,0, 472
374.4367,11,5,0,3,31,0, 469
376.9701,11,5,0,1,32,0, 468
377.6534,11,5,1,0,33,0, 467
379.6034,11,5,0,3,36,0, 464
383.0867,11,5,0,2,38,0, 462
389.0034,11,5,0,3,41,0, 459
394.42,11,6,0,0,0,0,750
400.1201,11,6,0,7,7,0, 743
401.9534,11,6,0,4,11,0, 739
404.4701,11,6,0,1,12,0, 738
405.7201,11,6,0,2,14,0, 736
406.4034,11,6,1,0,15,0, 735
406.7533,11,6,1,0,16,0, 734
411.5701,11,6,0,3,19,0, 731
420.6367,11,6,0,4,23,0, 727
422.6867,11,6,1,0,24,0, 726
423.1367,11,6,1,0,25,0, 725
423.5367,11,6,1,0,26,0, 724
424.5201,11,6,1,0,27,0, 723
425.0201,11,6,1,0,28,0, 722
428.1867,11,6,0,1,29,0, 721
430.8701,11,6,0,3,32,0, 718
431.5701,11,6,1,0,33,0, 717
434.1367,11,6,0,4,37,0, 713
436.3367,11,6,0,2,39,0, 711
436.47,11,6,1,0,40,0, 710
437.9534,11,6,1,0,39,0, 711
440.4367,11,6,0,4,43,0, 707
442.1367,11,6,0,2,45,0, 705
443.4367,11,6,0,3,48,0, 702
444.3533,11,6,0,2,50,0, 700
447.17,11,6,0,2,52,0, 698
448.9367,11,7,0,0,0,0,500
454.2367,11,7,0,9,9,0, 491
455.6867,11,7,0,1,10,0, 490
456.2034,11,7,1,0,11,0, 489
457.1867,11,7,0,2,13,0, 487
458.5034,11,7,0,3,16,0, 484
460.5034,11,7,0,7,23,0, 477
463.1867,11,7,0,1,24,0, 476
463.7201,11,7,1,0,25,0, 475
464.0867,11,7,1,0,26,0, 474
464.7868,11,7,1,0,27,0, 473
465.1867,11,7,1,0,28,0, 472
466.5534,11,7,0,7,35,0, 465
467.7701,11,7,1,0,34,0, 466
469.3867,11,7,0,2,36,0, 464
470.6867,11,7,1,0,37,0, 463
471.57,11,7,0,1,38,0, 462
472.0867,11,7,1,0,39,0, 461
473.6533,11,7,0,2,41,0, 459
475.2534,11,7,0,3,44,0, 456
477.5201,11,7,0,3,47,0, 453
479.8201,11,7,0,2,49,0, 451
481.2034,11,7,0,2,51,0, 449
484.3534,11,7,0,3,54,0, 446
486.3034,11,7,0,1,55,0, 445
487.2034,11,7,0,2,57,0, 443
488.2367,11,7,1,0,58,0, 442
489.5867,11,7,0,3,61,0, 439
491.8701,11,8,0,0,0,0,250
497.1534,11,8,0,5,5,0, 245
498.1367,11,8,1,0,6,0, 244
498.6701,11,8,1,0,7,0, 243
501.0367,11,8,0,3,10,0, 240
502.0867,11,8,0,2,12,0, 238
504.0201,11,8,0,2,14,0, 236
505.42,11,8,0,2,16,0, 234
507.3367,11,8,0,4,20,0, 230
508.8534,11,8,0,3,23,0, 227
510.7201,11,8,0,4,27,0, 223
512.4367,11,8,0,6,33,0, 217
515.0201,11,8,0,2,35,0, 215
516.4703,11,8,0,3,38,0, 212
518.3034,11,8,0,3,41,0, 209
520.0867,11,8,0,5,46,0, 204
531.9534,11,8,0,3,49,0, 201
536.5367,11,8,0,4,53,0, 197
538.4034,11,9,0,0,0,0,500
542.9367,11,9,0,7,7,0, 493
544.9534,11,9,0,4,11,0, 489
546.67,11,9,0,4,15,0, 485
549.3534,11,9,0,2,17,0, 483
551.2367,11,9,0,3,20,0, 480
553.0034,11,9,1,0,19,0, 481
556.9367,11,9,0,5,24,0, 476
558.8534,11,9,0,4,28,0, 472
564.2534,11,9,0,2,30,0, 470
565.47,11,9,0,2,32,0, 468
566.2367,11,9,1,0,33,0, 467
571.2034,11,9,0,1,34,0, 466
571.9034,11,9,1,0,35,0, 465
581.9534,11,9,1,0,34,0, 466
584.3367,11,9,1,0,35,0, 465
590.3034,11,9,1,0,36,0, 464
590.8034,11,9,1,0,37,0, 463
594.0701,11,10,0,0,0,0,750
605.3701,11,10,1,0,1,0, 749
605.7867,11,10,1,0,2,0, 748
606.1867,11,10,1,0,3,0, 747
606.6201,11,10,1,0,4,0, 746
615.5534,11,10,0,2,6,0, 744
616.4701,11,10,0,4,10,0, 740
618.0201,11,10,0,4,14,0, 736
620.3533,11,10,0,2,16,0, 734
622.0867,11,10,0,2,18,0, 732
624.2867,11,10,0,3,21,0, 729
626.0034,11,10,0,1,22,0, 728
626.9867,11,10,0,1,23,0, 727
630.6367,11,10,0,3,26,0, 724
632.7701,11,10,0,1,27,0, 723
633.2034,11,10,1,0,28,0, 722
638.4201,11,10,0,1,29,0, 721
639.5034,11,10,0,2,31,0, 719
640.6701,11,10,0,4,35,0, 715
642.6701,11,10,0,1,36,0, 714
645.5701,11,10,0,2,38,0, 712
646.0701,11,10,1,0,39,0, 711
650.9201,11,10,0,1,40,0, 710
651.4701,11,10,1,0,41,0, 709
651.8867,11,10,1,0,42,0, 708
652.5201,11,10,1,0,43,0, 707
653.3367,11,10,1,0,44,0, 706
654.0534,11,10,1,0,45,0, 705
654.4034,11,10,1,0,46,0, 704
656.5701,11,10,0,1,47,0, 703
657.0701,11,10,1,0,48,0, 702
659.2534,11,10,0,2,50,0, 700
665.5534,11,11,0,0,0,0,250
671.7701,11,11,0,4,4,0, 246
673.3368,11,11,0,4,8,0, 242
676.3534,11,11,1,0,9,0, 241
676.9201,11,11,1,0,10,0, 240
677.2701,11,11,1,0,11,0, 239
677.7201,11,11,1,0,12,0, 238
678.1367,11,11,1,0,13,0, 237
679.0368,11,11,1,0,14,0, 236
680.6201,11,11,1,0,13,0, 237
686.0535,11,11,0,3,16,0, 234
687.1367,11,11,1,0,17,0, 233
688.3201,11,11,0,6,23,0, 227
691.5867,11,11,1,0,22,0, 228
692.0867,11,11,1,0,23,0, 227
692.4534,11,11,1,0,24,0, 226
692.8201,11,11,1,0,25,0, 225
693.2867,11,11,1,0,26,0, 224
694.2201,11,11,1,0,27,0, 223
694.8701,11,11,1,0,28,0, 222
695.6701,11,11,1,0,29,0, 221
696.1201,11,11,1,0,30,0, 220
699.2701,11,11,1,0,31,0, 219
699.6701,11,11,1,0,32,0, 218
700.1368,11,11,1,0,33,0, 217
714.67,11,11,1,0,34,0, 216
715.0367,11,11,1,0,35,0, 215
722.5201,11,12,0,0,0,0,250
731.7368,11,12,0,3,3,0, 247
732.3534,11,12,1,0,4,0, 246
734.1034,11,12,0,3,7,0, 243
734.8201,11,12,1,0,8,0, 242
735.4034,11,12,1,0,9,0, 241
736.3534,11,12,1,0,10,0, 240
736.6701,11,12,1,0,11,0, 239
738.67,11,12,0,5,16,0, 234
741.9034,11,12,0,3,19,0, 231
743.2535,11,12,0,2,21,0, 229
744.47,11,12,0,2,23,0, 227
745.8201,11,12,0,2,25,0, 225
746.9534,11,12,1,0,26,0, 224
747.2534,11,12,1,0,27,0, 223
747.8535,11,12,1,0,28,0, 222
749.1867,11,12,1,0,29,0, 221
749.5534,11,12,1,0,30,0, 220
750.1868,11,12,1,0,31,0, 219
750.6369,11,12,1,0,30,0, 220
751.1034,11,12,1,0,31,0, 219
753.5867,11,12,0,2,33,0, 217
754.5867,11,12,0,2,35,0, 215
771.0534,11,12,0,2,37,0, 213
776.0534,11,12,0,2,39,0, 211
779.0867,11,13,0,0,0,0,750
787.4534,11,13,0,2,2,0, 748
789.8034,11,13,0,2,4,0, 746
792.2701,11,13,0,2,6,0, 744
795.3034,11,13,0,2,8,0, 742
796.9868,11,13,0,2,10,0, 740
799.2034,11,13,0,2,12,0, 738
811.4201,11,13,0,3,15,0, 735
813.6534,11,13,1,0,16,0, 734
814.0367,11,13,1,0,17,0, 733
819.4868,11,13,0,1,18,0, 732
820.3034,11,13,1,0,19,0, 731
823.2701,11,13,0,3,22,0, 728
825.3535,11,13,0,3,25,0, 725
826.5534,11,13,1,0,24,0, 726
828.5701,11,13,0,4,28,0, 722
829.2867,11,13,1,0,29,0, 721
829.7201,11,13,1,0,30,0, 720
830.4534,11,13,1,0,31,0, 719
831.0534,11,13,1,0,32,0, 718
832.4534,11,13,0,3,35,0, 715
836.9534,11,13,1,0,36,0, 714
837.7867,11,13,1,0,35,0, 715
838.4368,11,13,1,0,36,0, 714
839.02,11,13,1,0,37,0, 713
842.5534,11,13,0,3,40,0, 710
843.9534,11,13,0,2,42,0, 708
845.9868,11,13,1,0,43,0, 707
846.3868,11,13,1,0,44,0, 706
847.9368,11,13,0,2,46,0, 704
848.3367,11,13,1,0,47,0, 703
848.7369,11,13,1,0,48,0, 702
849.8701,11,13,0,2,50,0, 700
850.8201,11,13,0,3,53,0, 697
852.6868,11,13,0,1,54,0, 696
853.1201,11,13,1,0,55,0, 695
855.2201,11,13,0,2,57,0, 693
864.3535,11,13,0,2,59,0, 691
867.7034,11,14,0,0,0,0,750
873.6868,11,14,0,4,4,0, 746
874.4201,11,14,1,0,5,0, 745
874.9035,11,14,0,2,7,0, 743
875.6035,11,14,1,0,8,0, 742
876.3201,11,14,1,0,9,0, 741
876.6035,11,14,1,0,10,0, 740
877.1368,11,14,1,0,11,0, 739
877.6034,11,14,1,0,10,0, 740
878.3034,11,14,1,0,11,0, 739
879.6534,11,14,1,0,12,0, 738
883.0701,11,14,0,2,14,0, 736
885.9868,11,14,0,2,16,0, 734
888.0034,11,14,0,2,18,0, 732
889.7368,11,14,0,1,19,0, 731
890.5367,11,14,1,0,20,0, 730
892.8534,11,14,0,2,22,0, 728
896.7034,11,14,0,2,24,0, 726
901.6534,11,14,0,6,30,0, 720
902.6201,11,14,1,0,31,0, 719
904.0534,11,14,0,3,34,0, 716
905.7201,11,14,0,2,36,0, 714
907.4701,11,14,0,3,39,0, 711
908.8035,11,14,0,5,44,0, 706
912.0535,11,14,0,2,46,0, 704
915.4368,11,14,0,2,48,0, 702
922.3201,11,14,0,2,50,0, 700
926.6034,11,14,0,3,53,0, 697
927.0701,11,14,1,0,52,0, 698
932.9534,11,15,0,0,0,0,250
945.4701,11,15,0,4,4,0, 246
948.0034,11,15,0,2,6,0, 244
949.1368,11,15,0,2,8,0, 242
951.4868,11,15,0,3,11,0, 239
953.27,11,15,0,5,16,0, 234
956.1201,11,15,0,6,22,0, 228
957.0034,11,15,1,0,23,0, 227
959.0701,11,15,0,3,26,0, 224
962.4201,11,15,0,4,30,0, 220
963.9034,11,15,0,2,32,0, 218
964.5868,11,15,1,0,33,0, 217
966.5867,11,15,0,2,35,0, 215
968.5367,11,15,0,2,37,0, 213
972.4868,11,15,0,3,40,0, 210
975.4534,11,15,0,3,43,0, 207
977.4868,11,16,0,0,0,0,750
983.4868,11,16,0,2,2,0, 748
985.0535,11,16,0,1,3,0, 747
985.6034,11,16,1,0,4,0, 746
988.0034,11,16,0,1,5,0, 745
989.2368,11,16,1,0,6,0, 744
992.9201,11,16,0,2,8,0, 742
997.3535,11,16,0,2,10,0, 740
1001.687,11,16,0,3,13,0, 737
1002.303,11,16,1,0,12,0, 738
1003.887,11,16,0,2,14,0, 736
1006.253,11,16,0,3,17,0, 733
1009.67,11,16,0,4,21,0, 729
1012.787,11,16,0,3,24,0, 726
1014.42,11,16,0,5,29,0, 721
1015.037,11,16,1,0,30,0, 720
1016.503,11,16,0,3,33,0, 717
1018.237,11,16,0,4,37,0, 713
1020.087,11,16,0,2,39,0, 711
1020.97,11,16,1,0,40,0, 710
1021.987,11,16,0,4,44,0, 706
1023.97,11,16,0,5,49,0, 701
1025.503,11,16,0,3,52,0, 698
1028.17,11,16,0,3,55,0, 695
1029.503,11,16,0,4,59,0, 691
1030.07,11,16,1,0,58,0, 692
1031.687,11,16,0,3,61,0, 689
1033.187,11,16,0,2,63,0, 687
1035.187,11,16,0,2,65,0, 685
1036.403,11,16,0,4,69,0, 681
1037.737,11,16,0,2,71,0, 679
1039.087,11,16,0,2,73,0, 677
1045.253,11,16,0,2,75,0, 675
1047.12,11,17,0,0,0,0,500
1055.92,11,17,0,2,2,0, 498
1059.737,11,17,0,2,4,0, 496
1061.37,11,17,0,3,7,0, 493
1066.637,11,17,0,5,12,0, 488
1068.604,11,17,1,0,11,0, 489
1069.22,11,17,1,0,12,0, 488
1069.687,11,17,0,1,13,0, 487
1070.587,11,17,1,0,14,0, 486
1073.953,11,17,1,0,13,0, 487
1076.537,11,17,1,0,12,0, 488
1083.72,11,17,1,0,13,0, 487
1084.287,11,17,1,0,14,0, 486
1085.053,11,17,1,0,15,0, 485
1086.437,11,17,1,0,14,0, 486
1088.637,11,17,0,3,17,0, 483
1089.053,11,17,1,0,18,0, 482
1091.803,11,17,0,4,22,0, 478
1093.77,11,17,0,2,24,0, 476
1094.653,11,17,0,4,28,0, 472
1096.353,11,17,0,1,29,0, 471
1098.02,11,17,0,4,33,0, 467
1100.137,11,17,1,0,34,0, 466
1100.67,11,17,1,0,35,0, 465
1101.17,11,17,1,0,36,0, 464
1102.937,11,17,0,2,38,0, 462
1105.537,11,17,0,2,40,0, 460
1106.653,11,17,0,2,42,0, 458
1109.537,11,17,0,2,44,0, 456
1111.253,11,17,0,2,46,0, 454
1112.287,11,17,0,3,49,0, 451
1116.22,11,17,0,2,51,0, 449
1118.254,11,17,0,2,53,0, 447
1121.537,11,18,0,0,0,0,500
1126.22,11,18,0,1,1,0, 499
1129.354,11,18,0,3,4,0, 496
1132.137,11,18,0,2,6,0, 494
1133.92,11,18,0,2,8,0, 492
1144.387,11,18,0,4,12,0, 488
1145.937,11,18,0,3,15,0, 485
1146.403,11,18,1,0,16,0, 484
1148.287,11,18,0,2,18,0, 482
1151.253,11,18,0,7,25,0, 475
1154.604,11,18,0,2,27,0, 473
1157.37,11,18,0,2,29,0, 471
1168.937,11,18,1,0,30,0, 470
1169.537,11,18,1,0,31,0, 469
1170.47,11,18,0,2,33,0, 467
1171.637,11,18,0,4,37,0, 463
1173.27,11,18,1,0,38,0, 462
1174.02,11,18,1,0,39,0, 461
1174.487,11,18,1,0,40,0, 460
1175.453,11,18,1,0,39,0, 461
1177.237,11,18,0,2,41,0, 459
1181.737,11,18,0,2,43,0, 457
1186.453,11,18,0,2,45,0, 455
1189.037,11,18,0,2,47,0, 453
1218.887,11,19,0,0,0,0,250
1239.57,11,19,0,4,4,0, 246
1242.653,11,19,0,5,9,0, 241
1244.453,11,19,0,6,15,0, 235
1259.053,11,19,0,2,17,0, 233
1263.987,11,19,0,3,20,0, 230
1264.787,11,19,1,0,21,0, 229
1279.22,11,20,0,0,0,0,250
1287.853,11,20,0,86,86,0, 164
1305.887,11,21,0,0,0,0,500
1313.87,11,21,0,129,129,0, 371
1322.937,11,21,1,0,130,0, 370
1324.653,11,21,1,0,129,0, 371
1326.02,11,21,0,4,133,0, 367
1342.004,11,21,0,15,118,0, 382
1343.703,11,21,0,6,112,0, 388
1346.62,11,21,0,2,110,0, 390
1347.604,11,21,0,1,109,0, 391
1350.07,11,21,0,3,106,0, 394
1351.087,11,21,0,1,105,0, 395
1360.153,11,21,0,2,107,0, 393
1364.804,11,21,0,3,110,0, 390
1376.437,11,21,1,0,109,0, 391
1386.387,11,22,0,0,0,0,250
1390.67,11,22,0,117,117,0, 133
1397.187,11,22,0,5,122,0, 128
1398.703,11,22,1,0,121,0, 129
1399.437,11,22,1,0,120,0, 130
1400.803,11,22,1,0,119,0, 131
1402.137,11,22,1,0,118,0, 132
1404.637,11,22,1,0,117,0, 133
1409.104,11,22,0,6,111,0, 139
1411.404,11,22,0,7,104,0, 146
1432.687,11,22,1,0,105,0, 145
1438.887,11,22,0,3,108,0, 142
1444.087,11,23,0,0,0,0,750
1447.604,11,23,1,0,1,0, 749
1455.52,11,23,0,117,118,0, 632
1459.72,11,23,1,0,119,0, 631
1460.703,11,23,0,6,113,0, 637
1462.004,11,23,0,1,112,0, 638
1463.937,11,23,0,8,104,0, 646
1467.27,11,23,0,4,100,0, 650
1468.303,11,23,0,1,99,0, 651
1469.57,11,23,0,1,98,0, 652
1472.737,11,23,0,2,96,0, 654
1473.32,11,23,1,0,97,0, 653
1473.97,11,23,0,1,96,0, 654
1474.837,11,23,0,1,95,0, 655
1481.354,11,23,1,0,96,0, 654
1484.837,11,23,1,0,97,0, 653
1486.654,11,23,0,2,99,0, 651
1488.77,11,23,1,0,100,0, 650
1492.854,11,23,1,0,101,0, 649
1493.72,11,23,1,0,100,0, 650
1494.22,11,23,0,3,103,0, 647
1497.887,11,23,1,0,104,0, 646
1501.837,11,23,1,0,105,0, 645
1504.12,11,23,1,0,106,0, 644
1505.987,11,23,1,0,107,0, 643
1514.27,11,23,1,0,108,0, 642
1515.587,11,23,1,0,109,0, 641
1524.903,11,23,0,4,105,0, 645
1542.254,11,23,1,0,106,0, 644
1542.987,11,23,1,0,107,0, 643
1547.053,11,23,1,0,108,0, 642
1550.837,11,23,1,0,109,0, 641
1553.904,11,23,1,0,110,0, 640
1557.537,11,23,1,0,111,0, 639
1558.104,11,23,1,0,112,0, 638
1558.737,11,23,1,0,113,0, 637
1560.52,11,24,0,0,0,0,750
1566.737,11,24,0,163,163,0, 587
1570.953,11,24,1,0,164,0, 586
1572.07,11,24,0,7,157,0, 593
1573.57,11,24,0,38,119,0, 631
1575.787,11,24,0,2,117,0, 633
1577.42,11,24,0,1,116,0, 634
1588.837,11,24,1,0,117,0, 633
1589.287,11,24,1,0,118,0, 632
1591.453,11,24,1,0,119,0, 631
1594.17,11,24,1,0,120,0, 630
1594.82,11,24,1,0,121,0, 629
1597.387,11,24,1,0,122,0, 628
1599.22,11,24,1,0,123,0, 627
1599.854,11,24,1,0,124,0, 626
1608.004,11,24,1,0,123,0, 627
1609.803,11,25,0,0,0,0,750
1617.903,11,25,0,152,152,0, 598
1619.37,11,25,1,0,153,0, 597
1623.82,11,25,1,0,152,0, 598
1631.07,11,25,0,6,146,0, 604
1633.203,11,25,0,21,125,0, 625
1635.97,11,25,0,15,110,0, 640
1637.153,11,25,0,1,109,0, 641
1640.703,11,25,0,3,106,0, 644
1641.754,11,25,0,3,103,0, 647
1648.453,11,25,1,0,104,0, 646
1652.02,11,25,1,0,105,0, 645
1652.687,11,25,1,0,106,0, 644
1658.854,11,25,1,0,107,0, 643
1667.837,11,25,1,0,108,0, 642
1672.453,11,26,0,0,0,0,500
1678.803,11,26,0,105,105,0, 395
1683.887,11,26,0,20,85,0, 415
1684.77,11,26,0,2,83,0, 417
1686.203,11,26,0,2,81,0, 419
1687.487,11,26,0,1,80,0, 420
1693.087,11,26,1,0,81,0, 419
1693.654,11,26,1,0,82,0, 418
1697.47,11,26,1,0,83,0, 417
1700.837,11,26,1,0,84,0, 416
1701.854,11,26,1,0,85,0, 415
1716.903,11,26,1,0,84,0, 416
1724.82,11,27,0,0,0,0,500
1731.87,11,27,0,126,126,0, 374
1736.67,11,27,0,6,120,0, 380
1739.154,11,27,0,24,96,0, 404
1740.47,11,27,1,0,95,0, 405
1749.553,11,27,1,0,96,0, 404
1755.737,11,27,1,0,97,0, 403
1756.37,11,27,1,0,98,0, 402
1770.787,11,28,0,0,0,0,500
1776.27,11,28,0,150,150,0, 350
1781.954,11,28,0,10,140,0, 360
1785.57,11,28,0,17,123,0, 377
1799.754,11,28,0,2,121,0, 379
1801.104,11,28,0,1,120,0, 380
1802.237,11,28,0,1,119,0, 381
1810.937,11,28,0,2,117,0, 383
1822.62,11,29,0,0,0,0,250
1828.004,11,29,0,121,121,0, 129
1832.703,11,29,0,13,108,0, 142
1834.12,11,29,0,2,106,0, 144
1835.604,11,29,0,2,104,0, 146
1852.47,11,29,1,0,105,0, 145
1861.453,11,30,0,0,0,0,750
1867.437,11,30,0,179,179,0, 571
1872.254,11,30,0,19,160,0, 590
1873.82,11,30,0,23,137,0, 613
1875.087,11,30,0,2,135,0, 615
1879.787,11,30,0,4,131,0, 619
1881.054,11,30,0,5,126,0, 624
1883.437,11,30,0,9,117,0, 633
1886.32,11,30,0,16,101,0, 649
1918.953,11,30,0,11,112,0, 638
1921.27,11,30,0,0,0,0, 750
1925.92,11,30,0,159,159,0, 591
1931.037,11,30,0,32,127,0, 623
1932.854,11,30,0,13,114,0, 636
1933.904,11,30,0,5,109,0, 641
1935.053,11,30,0,2,107,0, 643
1936.153,11,30,0,7,100,0, 650
1941.404,11,30,0,3,97,0, 653
1943.453,11,30,0,2,95,0, 655
1947.12,11,30,0,4,91,0, 659
1954.92,11,30,1,0,92,0, 658
1965.87,11,31,0,0,0,0,250
1969.604,11,31,0,98,98,0, 152
1973.537,11,31,0,8,90,0, 160
1975.154,11,31,0,7,83,0, 167
1978.22,11,31,0,1,82,0, 168
1979.82,11,31,0,3,79,0, 171
1980.62,11,31,0,1,78,0, 172
1991.72,11,31,1,0,77,0, 173
1999.187,11,32,0,0,0,0,500
2004.637,11,32,0,115,115,0, 385
2008.637,11,32,0,4,111,0, 389
2009.87,11,32,0,16,95,0, 405
2018.454,11,32,0,3,92,0, 408
2020.687,11,32,0,3,89,0, 411
2023.354,11,32,0,1,88,0, 412
2024.203,11,32,0,1,87,0, 413
2027.953,11,32,0,5,82,0, 418
2030.937,11,32,0,2,80,0, 420
2032.354,11,32,0,2,78,0, 422
2035.604,11,32,0,2,76,0, 424
2043.004,11,32,0,1,77,0, 423
2047.87,11,32,0,2,79,0, 421
2050.687,11,32,0,10,89,0, 411
2055.07,11,32,0,2,87,0, 413
2057.504,11,32,0,5,82,0, 418
2059.104,11,32,0,1,81,0, 419
2061.387,11,33,0,0,0,0,750
2066.854,11,33,0,135,135,0, 615
2071.354,11,33,0,14,121,0, 629
2073.037,11,33,0,10,111,0, 639
2084.22,11,33,1,0,112,0, 638
2085.22,11,33,1,0,113,0, 637
2091.354,11,34,0,0,0,0,250
2098.154,11,34,0,108,108,0, 142
2103.254,11,34,0,14,94,0, 156
2104.654,11,34,0,2,92,0, 158
2106.387,11,34,0,2,90,0, 160
2107.77,11,34,0,4,86,0, 164
2110.854,11,34,0,1,85,0, 165
2124.52,11,34,0,3,88,0, 162
2132.287,11,35,0,0,0,0,500
2138.97,11,35,0,105,105,0, 395
2143.937,11,35,0,19,86,0, 414
2145.72,11,35,0,6,80,0, 420
2158.454,11,35,0,2,82,0, 418
2166.053,11,35,1,0,81,0, 419
2174.77,11,36,0,0,0,0,250
2184.52,11,36,0,86,86,0, 164
2188.937,11,36,0,1,85,0, 165
2190.104,11,36,0,2,83,0, 167
2191.037,11,36,0,1,82,0, 168
2192.387,11,36,0,3,79,0, 171
2193.67,11,36,0,3,76,0, 174
2205.12,11,36,1,0,77,0, 173
2210.837,11,36,1,0,78,0, 172
2211.787,11,36,1,0,79,0, 171
2237.254,11,37,0,0,0,0,200
2263.37,11,37,0,19,19,0, 181
2283.854,11,37,0,15,34,0, 166
2289.537,11,38,0,0,0,0,200
2312.487,11,38,0,84,84,0, 116
2314.337,11,38,0,1,85,0, 115
2316.97,11,38,0,5,90,0, 110
2318.437,11,38,0,6,96,0, 104
2322.02,11,39,0,0,0,0,200
2342.687,11,39,0,92,92,0, 108
2346.987,11,39,0,5,97,0, 103
2353.504,11,40,0,0,0,0,200
2365.737,11,40,0,42,42,0, 158
2367.604,11,40,0,15,57,0, 143
2368.27,11,40,1,0,56,1, 143
2369.004,11,40,0,7,63,1, 136
2370.92,11,40,1,0,64,0, 136
2387.154,11,40,0,88,64,88, 48
2393.304,11,40,0,4,64,92, 44
2395.037,11,40,0,7,64,99, 37
2400.854,11,40,0,2,66,99, 35
2401.937,11,40,0,3,69,99, 32
2403.07,11,40,0,8,77,95, 28
2404.904,11,40,0,9,86,95, 19
2406.537,11,40,0,3,89,95, 16
2411.287,11,40,0,2,89,97, 14
2412.887,11,40,0,8,89,105, 6
2414.62,11,40,0,2,89,107, 4
2418.07,11,40,0,2,91,105, 4
2419.22,11,40,0,1,92,105, 3
2420.004,11,40,0,3,95,104, 1
2421.237,11,40,0,1,96,104, 0
2422.254,11,40,0,1,97,103, 0
2424.12,11,41,0,0,0,0,200
2435.37,11,41,0,92,92,0, 108
2436.52,11,41,0,9,101,0, 99
2439.52,11,41,0,81,101,81, 18
2440.704,11,41,0,7,101,88, 11
2441.77,11,41,0,3,101,91, 8
2442.42,11,41,0,1,101,92, 7
2444.654,11,41,0,6,101,98, 1
2449.97,11,41,0,1,102,98, 0
2453.587,11,42,0,0,0,0,200
2471.937,11,42,0,101,0,101, 99
2476.904,11,42,0,25,25,101, 74
2478.054,11,42,0,21,46,101, 53
2479.97,11,42,0,53,99,101, 0
2485.62,11,43,0,0,0,0,200
2496.554,11,43,0,101,101,0, 99
2497.887,11,43,0,2,103,0, 97
2500.087,11,43,0,98,102,98, 0
2502.154,11,44,0,0,0,0,200
2514.304,11,44,0,95,95,0, 105
2516.053,11,44,0,6,101,0, 99
2522.02,11,44,0,85,101,85, 14
2524.387,11,44,0,7,101,92, 7
2525.22,11,44,0,1,101,93, 6
2526.12,11,44,0,1,101,94, 5
2527.204,11,44,0,4,101,98, 1
2528.837,11,44,0,1,101,99, 0
2533.404,11,44,0,2,99,101, 0
2539.487,11,45,0,0,0,0,200
2554.554,11,45,0,89,89,0, 111
2557.92,11,45,0,77,89,77, 34
2562.42,11,45,0,2,89,79, 32
2563.654,11,45,0,1,89,80, 31
2565.137,11,45,0,4,89,84, 27
2567.02,11,45,0,3,89,87, 24
2582.537,11,45,0,5,94,87, 19
2584.204,11,45,0,5,99,87, 14
2586.404,11,46,0,0,0,0,200
2602.987,11,46,0,98,98,0, 102
2605.537,11,46,0,100,98,100, 2
2620.087,11,46,0,1,99,100, 1
2621.72,11,47,0,0,0,0,200
2644.72,11,47,0,89,89,0, 111
2649.904,11,47,0,84,89,84, 27
2663.82,11,47,0,1,90,84, 26
2666.32,11,47,0,5,95,82, 23
2669.104,11,47,0,10,94,92, 14
2676.47,11,48,0,0,0,0,200
2689.07,11,48,0,55,55,0, 145
2691.504,11,48,0,56,55,56, 89
2702.52,11,48,0,1,55,57, 88
2703.837,11,48,1,0,55,56, 89
2704.254,11,48,0,3,55,59, 86
2707.32,11,48,0,1,56,59, 85
2710.02,11,48,0,4,60,59, 81
2729.67,11,49,0,0,0,0,200
2738.154,11,49,0,41,41,0, 159
2740.637,11,49,0,45,41,45, 114
2761.42,11,49,0,5,46,45, 109
2762.904,11,49,0,2,48,45, 107
2764.537,11,49,1,0,47,46, 107
2764.954,11,49,0,2,49,46, 105
2765.87,11,49,0,1,50,45, 105
2780.204,11,49,0,5,50,50, 100
2782.087,11,50,0,0,0,0,200
2784.87,11,51,0,0,0,0,200
2811.27,11,51,1,0,1,0, 199
2811.954,11,51,0,32,33,0, 167
2817.37,11,51,0,14,33,14, 153
2833.704,11,51,0,17,33,31, 136
2836.237,11,51,0,12,45,31, 124
2838.454,11,51,0,2,43,31, 126
2850.72,11,51,0,3,43,34, 123
2855.537,11,51,1,0,43,35, 122
2856.137,11,51,1,0,43,36, 121
2858.154,11,51,1,0,43,37, 120
2858.52,11,51,1,0,43,36, 121
2859.087,11,51,1,0,43,35, 122
2859.537,11,51,1,0,43,36, 121
2859.97,11,51,1,0,43,37, 120
2860.404,11,51,1,0,43,38, 119
2867.237,11,51,1,0,42,39, 119
2869.787,11,51,1,0,43,38, 119
2870.804,11,51,1,0,44,38, 118
2871.287,11,51,1,0,45,38, 117
2875.454,11,52,0,0,0,0,200
2881.887,11,52,0,40,40,0, 160
2885.97,11,52,0,33,40,33, 127
2901.454,11,52,0,21,39,54, 107
2905.804,11,52,1,0,40,53, 107
2909.77,11,52,1,0,40,52, 108
2910.437,11,52,1,0,40,51, 109
2911.27,11,52,1,0,40,50, 110
2932.154,11,53,0,0,0,0,200
2940.887,11,53,0,32,32,0, 168
2942.654,11,53,1,0,32,1, 167
2943.187,11,53,0,23,32,24, 144
2945.054,11,53,1,0,32,23, 145
2959.537,11,53,1,0,32,24, 144
2962.304,11,53,1,0,33,23, 144
2966.687,11,53,1,0,34,23, 143
2967.22,11,53,1,0,35,23, 142
2967.887,11,53,1,0,36,23, 141
2969.587,11,53,1,0,37,23, 140
2970.354,11,53,1,0,38,23, 139
2970.687,11,53,1,0,37,24, 139
2971.47,11,53,1,0,38,23, 139
2983.77,11,53,0,3,38,26, 136
2986.237,11,53,0,5,38,31, 131
2990.854,11,54,0,0,0,0,200
3003.054,11,54,0,7,7,0, 193
3007.27,11,54,0,17,7,17, 176
3013.654,11,54,0,16,23,17, 160
3019.737,11,54,1,0,24,16, 160
3020.187,11,54,1,0,23,17, 160
3021.887,11,54,1,0,23,16, 161
3022.604,11,54,1,0,23,15, 162
3025.687,11,54,0,2,23,17, 160
3026.87,11,54,0,2,23,19, 158
3028.504,11,54,0,1,23,20, 157
3029.07,11,54,0,3,21,23, 156
3044.137,11,54,0,7,21,16, 163
3045.67,11,54,0,2,20,15, 165
3046.454,11,54,0,1,20,14, 166
3047.77,11,54,0,2,20,12, 168
3054.537,11,54,1,0,20,13, 167
3063.054,11,54,1,0,20,12, 168
3085.887,11,55,0,0,0,0,200
3090.054,11,55,0,94,94,0, 106
3094.287,11,55,0,97,94,97, 9
3097.537,11,56,0,0,0,0,200
3102.67,11,56,0,85,0,85, 115
3104.387,11,56,0,5,0,90, 110
3107.187,11,56,0,93,93,90, 17
3109.104,11,56,0,4,97,90, 13
3114.67,11,57,0,0,0,0,200
3117.787,11,57,0,97,97,0, 103
3120.62,11,57,0,102,97,102, 1
3122.837,11,57,1,0,97,103, 0
3123.837,11,57,1,0,97,102, 1
3139.754,11,58,0,0,0,0,200
3143.054,11,58,0,101,101,0, 99
3146.587,11,58,0,98,101,98, 1
3147.954,11,58,0,1,101,99, 0
3152.937,11,59,0,0,0,0,200
3159.254,11,59,0,98,98,0, 102
3160.17,11,59,0,1,99,0, 101
3162.487,11,59,0,97,99,97, 4
3163.737,11,59,0,2,99,99, 2
3164.62,11,59,1,0,99,98, 3
3170.52,11,59,0,1,99,99, 2
3173.387,11,59,0,3,102,98, 0
3177.537,11,60,0,0,0,0,200
3188.537,11,60,0,1,1,0, 199
3188.67,11,60,1,0,2,0, 198
3190.087,11,60,0,54,56,0, 144
3190.987,11,60,0,4,60,0, 140
3192.454,11,60,0,37,97,0, 103
3198.337,11,60,0,101,97,101, 2
3202.604,11,60,1,0,98,101, 1
3203.787,11,60,1,0,99,101, 0
3204.77,11,60,1,0,100,100, 0
3213.787,11,60,1,0,101,99, 0
3218.254,11,61,0,0,0,0,200
3219.704,11,61,0,15,15,0, 185
3221.12,11,61,0,0,0,0, 200
3226.654,11,61,0,101,101,0, 99
3229.42,11,61,0,99,101,99, 0
3235.02,11,61,0,2,103,97, 0
3240.02,11,62,0,0,0,0,200
3251.97,11,62,0,98,98,0, 102
3255.154,11,62,0,102,98,102, 0
3260.587,11,63,0,0,0,0,200
3269.32,11,63,0,100,100,0, 100
3270.887,11,63,1,0,101,0, 99
3274.12,11,63,0,99,101,99, 0
3282.087,11,63,0,3,98,102, 0
3284.937,11,63,0,3,98,99, 3
3286.604,11,64,0,0,0,0,200
3299.687,11,64,0,96,96,0, 104
3301.97,11,64,0,106,94,106, 0
3311.187,11,64,1,0,95,105, 0
3312.404,11,64,1,0,96,104, 0
3312.937,11,64,1,0,97,103, 0
3314.637,11,64,1,0,98,102, 0
3317.387,11,65,0,0,0,0,200
3328.487,11,65,0,101,101,0, 99
3331.137,11,65,0,99,101,99, 0
3339.637,11,66,0,0,0,0,200
3346.454,11,66,0,93,93,0, 107
3349.454,11,66,0,111,89,111, 0
3354.887,11,66,0,3,92,108, 0
3356.12,11,66,0,1,93,107, 0
3357.054,11,66,0,1,94,106, 0
3364.57,11,66,1,0,95,105, 0
3369.054,11,66,1,0,96,104, 0
3370.937,11,67,0,0,0,0,200
3376.804,11,67,0,92,92,0, 108
3379.72,11,67,0,108,92,108, 0
3386.92,11,67,0,12,80,120, 0
3390.47,11,67,0,24,104,96, 0
3395.087,11,68,0,0,0,0,200
3397.62,11,68,0,99,99,0, 101
3399.987,11,68,0,101,99,101, 0
3404.487,11,68,0,4,103,97, 0
3405.704,11,68,0,1,104,96, 0
3409.237,11,68,0,1,105,95, 0
3413.854,11,68,1,0,104,96, 0
3416.687,11,68,1,0,103,97, 0
3417.687,11,68,1,0,102,98, 0
3419.304,11,68,1,0,101,99, 0
3420.337,11,68,1,0,100,100, 0
3427.404,11,69,0,0,0,0,200
3435.904,11,69,0,66,66,0, 134
3437.17,11,69,0,33,99,0, 101
3439.987,11,69,0,101,99,101, 0
3445.804,11,70,0,0,0,0,200
3451.087,11,70,0,99,99,0, 101
3453.837,11,70,0,96,99,96, 5
3462.07,11,70,1,0,99,97, 4
3462.987,11,70,1,0,99,98, 3
3467.07,11,70,1,0,99,99, 2
3472.254,11,70,1,0,100,99, 1
3472.771,11,70,1,0,101,99, 0
3475.137,11,71,0,0,0,0,200
3487.987,11,71,0,144,144,0, 56
3491.27,11,71,0,101,99,101, 0
3495.02,11,71,0,4,95,105, 0
3502.754,11,71,1,0,94,106, 0
3504.92,11,72,0,0,0,0,200
3507.804,11,72,0,4,4,0, 196
3508.021,11,72,0,19,23,0, 177
3510.67,11,72,0,88,111,0, 89
3512.67,11,72,0,97,97,97, 6
3517.57,11,72,1,0,97,98, 5
3519.454,11,72,1,0,97,99, 4
3527.987,11,72,0,2,99,99, 2
3529.02,11,72,0,2,101,99, 0
60.18668,12,1,0,0,0,0,200
68.00337,12,1,1,0,1,0, 199
71.13668,12,1,1,0,1,1, 198
77.43667,12,1,1,0,1,2, 197
77.98669,12,1,1,0,1,3, 196
79.17001,12,1,1,0,1,4, 195
82.63669,12,1,1,0,0,4, 196
88.12004,12,1,0,4,0,0, 200
91.00336,12,1,0,12,0,12, 188
93.42002,12,1,0,8,8,12, 180
104.67,12,1,0,2,10,12, 178
106.1867,12,1,0,1,11,12, 177
119.7534,12,2,0,0,0,0,200
126.47,12,2,0,200,200,0, 0
142.3034,12,2,0,1,199,1, 0
145.5034,12,2,0,2,197,1, 2
162.4033,12,3,0,0,0,0,200
177.4034,12,3,0,40,40,0, 160
179.0533,12,3,0,59,99,0, 101
179.6867,12,3,1,0,98,1, 101
179.92,12,3,0,1,99,1, 100
180.7533,12,3,0,1,100,0, 100
182.27,12,3,0,1,101,0, 99
182.8534,12,3,0,1,102,0, 98
185.5034,12,3,1,0,101,1, 98
186.0868,12,3,1,0,102,0, 98
186.4034,12,3,1,0,101,1, 98
186.6034,12,3,1,0,102,0, 98
186.7867,12,3,1,0,101,1, 98
187.3034,12,3,1,0,102,0, 98
192.3367,12,3,0,91,102,91, 7
193.3367,12,3,0,5,102,96, 2
194.57,12,3,0,2,102,98, 0
226.2034,12,4,0,0,0,0,200
234.57,12,4,0,1,1,0, 199
240.4367,12,4,0,37,38,0, 162
241.7034,12,4,0,8,46,0, 154
244.42,12,4,0,1,45,0, 155
247.3868,12,4,0,42,87,0, 113
262.57,12,4,0,3,90,0, 110
270.9867,12,4,0,76,90,76, 34
272.3034,12,4,0,25,90,101, 9
278.62,12,4,0,1,90,102, 8
279.9367,12,4,0,2,90,104, 6
280.6369,12,4,0,2,90,106, 4
283.6533,12,4,0,1,90,107, 3
295.1367,12,4,0,1,91,107, 2
297.4534,12,4,0,2,91,109, 0
327.8534,12,5,0,0,0,0,200
338.5367,12,5,0,93,93,0, 107
347.7201,12,5,0,2,95,0, 105
353.6869,12,5,0,2,97,0, 103
359.82,12,5,0,69,97,69, 34
361.6534,12,5,0,24,97,93, 10
364.9534,12,5,0,2,97,95, 8
381.22,12,5,0,2,97,97, 6
392.1534,12,5,0,1,97,98, 5
396.2367,12,5,0,2,99,98, 3
402.0034,12,5,0,1,99,99, 2
413.7367,12,5,0,1,100,99, 1
416.3534,12,5,0,1,101,99, 0
418.2534,12,6,0,0,0,0,200
446.5867,12,6,0,92,92,0, 108
452.2867,12,6,0,6,98,0, 102
459.6201,12,6,0,1,99,0, 101
465.8367,12,6,0,84,99,84, 17
466.6701,12,6,0,13,99,97, 4
472.9867,12,6,0,3,99,100, 1
483.7534,12,6,1,0,99,101, 0
487.2034,12,7,0,0,0,0,200
500.1367,12,7,0,98,98,0, 102
502.4868,12,7,0,1,99,0, 101
506.0368,12,7,0,3,102,0, 98
508.9201,12,7,0,85,102,85, 13
513.17,12,7,0,6,102,91, 7
515.6034,12,7,0,7,102,98, 0
541.4034,12,8,0,0,0,0,200
606.4702,12,8,0,107,107,0, 93
609.2034,12,8,0,93,107,93, 0
614.3367,12,9,0,0,0,0,200
625.5367,12,9,0,95,95,0, 105
626.3034,12,9,0,4,99,0, 101
627.0367,12,9,0,1,100,0, 100
629.4869,12,9,0,94,100,94, 6
630.7034,12,9,0,4,100,98, 2
632.17,12,9,0,2,100,100, 0
642.2036,12,9,1,0,99,101, 0
644.5867,12,9,1,0,99,100, 1
645.17,12,9,1,0,99,101, 0
648.3201,12,9,1,0,100,100, 0
659.3367,12,10,0,0,0,0,200
770.0701,12,10,0,17,17,0, 183
771.1201,12,10,0,6,23,0, 177
771.8369,12,10,0,1,24,0, 176
772.8367,12,10,0,13,37,0, 163
773.97,12,10,0,12,49,0, 151
775.4534,12,10,0,1,50,0, 150
776.5034,12,10,0,10,60,0, 140
778.6701,12,10,0,1,61,0, 139
781.4701,12,10,0,63,61,63, 76
782.5201,12,10,0,34,61,97, 42
782.8701,12,10,1,0,61,96, 43
783.3868,12,10,0,10,61,106, 33
784.3701,12,10,0,5,61,111, 28
785.7368,12,10,0,15,61,126, 13
786.7701,12,10,0,7,61,133, 6
787.8701,12,10,0,4,61,137, 2
788.8201,12,10,0,2,61,139, 0
795.2535,12,11,0,0,0,0,200
804.7701,12,11,0,87,87,0, 113
806.9868,12,11,0,93,87,93, 20
809.9868,12,11,0,1,87,94, 19
810.7201,12,11,0,1,87,95, 18
811.5034,12,11,1,0,87,94, 19
812.1534,12,11,0,2,87,96, 17
814.3368,12,11,1,0,87,97, 16
816.8034,12,11,1,0,87,98, 15
819.5701,12,11,1,0,88,98, 14
819.8701,12,11,1,0,87,99, 14
820.2034,12,11,1,0,88,98, 14
822.9034,12,11,1,0,89,98, 13
823.2701,12,11,1,0,90,98, 12
823.9868,12,11,1,0,91,98, 11
824.4201,12,11,1,0,92,98, 10
829.1201,12,11,1,0,93,98, 9
830.7034,12,11,1,0,94,98, 8
839.4368,12,11,1,0,95,98, 7
839.6035,12,11,1,0,94,99, 7
840.3701,12,11,1,0,95,99, 6
840.5367,12,11,1,0,94,100, 6
841.9868,12,11,1,0,95,100, 5
842.1868,12,11,1,0,94,101, 5
843.4534,12,11,1,0,95,101, 4
843.7034,12,11,1,0,94,102, 4
846.8367,12,11,1,0,95,102, 3
847.0535,12,11,1,0,94,103, 3
848.3701,12,11,1,0,95,103, 2
848.5534,12,11,1,0,94,104, 2
849.7034,12,11,1,0,95,104, 1
849.9034,12,11,1,0,94,105, 1
850.7368,12,11,1,0,95,105, 0
850.9534,12,11,1,0,94,106, 0
852.0034,12,11,1,0,93,107, 0
880.7867,12,12,0,0,0,0,200
886.1701,12,12,0,95,95,0, 105
887.6035,12,12,0,2,97,0, 103
891.0034,12,12,0,89,97,89, 14
892.8035,12,12,0,7,97,96, 7
893.6534,12,12,0,2,97,98, 5
907.3201,12,13,0,0,0,0,200
913.6868,12,13,0,98,98,0, 102
916.4701,12,13,0,25,98,25, 77
917.4201,12,13,0,41,98,66, 36
918.5535,12,13,0,3,98,69, 33
921.5867,12,13,0,23,98,92, 10
932.9701,12,13,0,2,98,94, 8
934.4701,12,13,0,1,98,95, 7
935.97,12,13,0,1,98,96, 6
938.9368,12,13,0,2,98,98, 4
948.8535,12,13,1,0,98,99, 3
949.1868,12,13,1,0,98,98, 4
951.1701,12,13,1,0,99,98, 3
956.4534,12,13,1,0,100,98, 2
956.6701,12,13,1,0,99,99, 2
957.3201,12,13,1,0,100,99, 1
957.5201,12,13,1,0,99,100, 1
958.4701,12,13,1,0,100,100, 0
958.7201,12,13,1,0,99,101, 0
960.3034,12,14,0,0,0,0,200
965.6701,12,14,0,86,86,0, 114
967.6701,12,14,0,2,88,0, 112
968.8201,12,14,0,10,98,0, 102
969.7034,12,14,0,2,100,0, 100
971.5034,12,14,0,91,100,91, 9
972.4868,12,14,1,0,100,92, 8
972.7034,12,14,0,4,100,96, 4
973.5367,12,14,0,4,100,100, 0
977.5035,12,15,0,0,0,0,200
984.0201,12,15,0,66,66,0, 134
1003.537,12,15,0,0,0,0, 200
1047.153,12,15,0,74,74,0, 126
1048.187,12,15,0,1,75,0, 125
1049.07,12,15,0,6,81,0, 119
1050.103,12,15,0,4,85,0, 115
1051.153,12,15,0,2,87,0, 113
1052.153,12,15,0,6,93,0, 107
1054.737,12,15,0,90,93,90, 17
1055.853,12,15,0,12,93,102, 5
1056.987,12,15,0,1,93,103, 4
1058.02,12,15,0,3,93,106, 1
1061.353,12,16,0,0,0,0,200
1070.887,12,16,0,56,56,0, 144
1072.77,12,16,0,12,68,0, 132
1075.22,12,16,0,15,83,0, 117
1077.387,12,16,0,1,84,0, 116
1078.153,12,16,0,3,87,0, 113
1078.787,12,16,0,1,88,0, 112
1080.62,12,16,0,1,89,0, 111
1082.37,12,16,0,2,91,0, 109
1085.52,12,16,0,98,91,98, 11
1088.02,12,16,0,11,91,109, 0
1097.67,12,17,0,0,0,0,200
1103.187,12,17,0,98,98,0, 102
1103.937,12,17,0,3,101,0, 99
1110.387,12,17,0,91,101,91, 8
1110.987,12,17,1,0,101,90, 9
1111.42,12,17,0,9,101,99, 0
1118.003,12,17,1,0,102,98, 0
1121.287,12,18,0,0,0,0,200
1131.97,12,18,0,105,105,0, 95
1135.403,12,18,0,0,0,0, 200
1163.504,12,18,0,8,8,0, 192
1171.487,12,18,0,15,23,0, 177
1172.587,12,18,0,26,49,0, 151
1173.72,12,18,0,3,52,0, 148
1174.57,12,18,0,1,53,0, 147
1175.887,12,18,0,28,81,0, 119
1176.62,12,18,0,25,106,0, 94
1177.553,12,18,0,4,110,0, 90
1179.87,12,18,0,11,121,0, 79
1180.587,12,18,0,2,123,0, 77
1185.587,12,18,0,16,123,16, 61
1186.787,12,18,0,4,123,20, 57
1187.42,12,18,1,0,122,21, 57
1187.62,12,18,0,23,122,44, 34
1189.287,12,18,0,23,121,67, 12
1190.62,12,18,1,0,121,66, 13
1190.803,12,18,0,4,121,70, 9
1199.087,12,18,1,0,122,70, 8
1199.754,12,18,1,0,123,70, 7
1208.12,12,18,1,0,123,71, 6
1208.587,12,18,1,0,123,72, 5
1209.17,12,18,1,0,123,73, 4
1209.437,12,18,1,0,123,74, 3
1209.853,12,18,1,0,123,75, 2
1210.203,12,18,1,0,123,76, 1
1211.32,12,18,1,0,123,77, 0
1282.987,12,19,0,0,0,0,200
1294.22,12,19,0,95,95,0, 105
1300.237,12,19,0,84,95,84, 21
1300.953,12,19,0,2,95,86, 19
1301.853,12,19,0,2,95,88, 17
1302.487,12,19,0,9,95,97, 8
1303.053,12,19,0,4,95,101, 4
1303.72,12,19,0,3,95,104, 1
1316.553,12,19,1,0,95,105, 0
1316.837,12,19,1,0,95,104, 1
1317.153,12,19,1,0,95,105, 0
1328.07,12,20,0,0,0,0,200
1335.537,12,20,0,43,43,0, 157
1336.254,12,20,0,4,47,0, 153
1336.787,12,20,1,0,46,1, 153
1336.97,12,20,0,2,48,0, 152
1337.987,12,20,0,44,92,0, 108
1338.787,12,20,0,8,100,0, 100
1345.47,12,20,0,39,100,39, 61
1346.303,12,20,0,34,100,73, 27
1347.187,12,20,0,4,100,77, 23
1347.57,12,20,1,0,100,78, 22
1347.92,12,20,0,15,100,93, 7
1348.504,12,20,1,0,100,92, 8
1348.904,12,20,0,3,100,95, 5
1349.604,12,20,0,5,100,100, 0
1376.137,12,20,1,0,99,100, 1
1381.72,12,21,0,0,0,0,200
1388.453,12,21,0,36,36,0, 164
1389.354,12,21,0,1,37,0, 163
1390.204,12,21,0,12,49,0, 151
1390.953,12,21,0,35,84,0, 116
1391.903,12,21,0,10,94,0, 106
1395.27,12,21,0,53,94,53, 53
1396.254,12,21,0,37,94,90, 16
1397.403,12,21,0,15,94,105, 1
1399.17,12,21,0,1,94,106, 0
1408.287,12,21,1,0,93,107, 0
1408.72,12,21,1,0,93,106, 1
1602.687,12,22,0,0,0,0,200
1610.987,12,22,0,100,100,0, 100
1613.787,12,22,0,100,100,100, 0
1620.72,12,23,0,0,0,0,200
1628.504,12,23,0,99,99,0, 101
1632.437,12,23,0,99,99,99, 2
1634.504,12,23,0,1,99,100, 1
1636.22,12,23,0,1,99,101, 0
1637.67,12,24,0,0,0,0,200
1662.653,12,24,0,77,77,0, 123
1665.52,12,24,0,7,84,0, 116
1684.254,12,24,0,0,0,0, 200
1709.67,12,24,0,91,91,0, 109
1716.92,12,24,0,98,91,98, 11
1721.837,12,24,1,0,91,99, 10
1723.453,12,24,1,0,91,100, 9
1723.97,12,24,1,0,91,99, 10
1725.303,12,24,1,0,91,100, 9
1726.237,12,24,1,0,91,101, 8
1727.82,12,24,1,0,91,102, 7
1732.22,12,25,0,0,0,0,200
1774.837,12,25,0,27,27,0, 173
1776.72,12,25,0,24,51,0, 149
1778.054,12,25,0,16,67,0, 133
1779.237,12,25,0,3,70,0, 130
1784.404,12,25,0,70,70,70, 60
1785.887,12,25,0,29,70,99, 31
1786.72,12,25,0,7,70,106, 24
1787.77,12,25,0,1,70,107, 23
1788.953,12,25,0,6,70,113, 17
1789.67,12,25,0,3,70,116, 14
1794.453,12,25,0,5,70,121, 9
1801.137,12,25,0,16,56,137, 7
1804.17,12,25,0,17,73,121, 6
1805.32,12,25,0,1,74,121, 5
1813.22,12,26,0,0,0,0,200
1820.42,12,26,0,62,62,0, 138
1822.054,12,26,0,38,100,0, 100
1826.97,12,26,0,99,100,99, 1
1832.32,12,26,0,2,100,97, 3
1836.77,12,26,0,1,99,97, 4
1838.587,12,27,0,0,0,0,200
1893.987,12,27,0,56,56,0, 144
1895.337,12,27,0,34,90,0, 110
1897.17,12,27,0,14,104,0, 96
1899.937,12,27,0,5,103,5, 92
1900.587,12,27,0,1,102,6, 92
1901.687,12,27,0,89,102,95, 3
1903.32,12,27,0,2,102,97, 1
1911.787,12,27,1,0,102,96, 2
1919.004,12,28,0,0,0,0,200
1928.287,12,28,0,87,87,0, 113
1931.804,12,28,0,10,97,0, 103
1942.22,12,28,0,45,97,45, 58
1943.62,12,28,0,20,97,65, 38
1944.57,12,28,0,14,97,79, 24
1945.27,12,28,0,6,97,85, 18
1946.07,12,28,0,3,97,88, 15
1947.287,12,28,0,4,97,92, 11
1949.17,12,28,0,2,97,94, 9
1949.97,12,28,0,1,97,95, 8
1956.254,12,28,0,3,100,95, 5
1957.02,12,28,0,2,102,95, 3
1959.12,12,29,0,0,0,0,200
1965.67,12,29,0,98,98,0, 102
1967.887,12,29,0,95,98,95, 7
1970.954,12,29,1,0,98,96, 6
1975.97,12,29,0,1,98,97, 5
1982.37,12,29,0,2,98,99, 3
1984.554,12,29,0,1,98,100, 2
2067.887,12,30,0,0,0,0,200
2103.204,12,30,0,27,27,0, 173
2104.704,12,30,0,4,31,0, 169
2105.32,12,30,0,34,65,0, 135
2106.387,12,30,0,2,67,0, 133
2107.037,12,30,0,3,70,0, 130
2109.354,12,30,0,17,87,0, 113
2111.053,12,30,0,7,94,0, 106
2111.437,12,30,1,0,93,1, 106
2111.687,12,30,0,4,97,0, 103
2112.454,12,30,0,2,99,0, 101
2112.837,12,30,1,0,98,1, 101
2113.053,12,30,0,1,99,1, 100
2113.937,12,30,1,0,100,0, 100
2118.787,12,30,0,82,98,82, 20
2121.987,12,30,0,6,98,88, 14
2122.754,12,30,0,6,98,94, 8
2123.77,12,30,0,8,98,102, 0
2125.837,12,30,0,1,98,101, 1
2130.97,12,30,1,0,97,101, 2
2131.587,12,30,1,0,96,101, 3
2131.904,12,30,1,0,95,101, 4
2137.537,12,31,0,0,0,0,200
2146.52,12,31,0,87,87,0, 113
2149.22,12,31,0,98,87,98, 15
2150.787,12,31,0,1,87,99, 14
2152.87,12,31,0,2,87,101, 12
2153.587,12,31,0,1,87,102, 11
2156.387,12,31,0,3,87,105, 8
2158.803,12,31,0,6,87,111, 2
2159.454,12,31,0,1,87,112, 1
2161.287,12,31,1,0,87,113, 0
2165.604,12,32,0,0,0,0,200
2174.053,12,32,0,99,99,0, 101
2176.904,12,32,0,82,99,82, 19
2178.72,12,32,0,6,99,88, 13
2179.37,12,32,0,3,99,91, 10
2181.92,12,33,0,0,0,0,200
2188.537,12,33,0,31,31,0, 169
2189.204,12,33,0,56,87,0, 113
2189.837,12,33,1,0,86,1, 113
2190.02,12,33,0,1,87,1, 112
2191.104,12,33,0,1,88,0, 112
2191.954,12,33,0,4,92,0, 108
2192.687,12,33,0,6,98,0, 102
2193.137,12,33,0,1,99,0, 101
2195.57,12,33,0,49,99,49, 52
2196.47,12,33,0,13,99,62, 39
2197.17,12,33,0,14,99,76, 25
2197.754,12,33,0,11,99,87, 14
2198.604,12,33,0,1,99,88, 13
2199.287,12,33,0,3,99,91, 10
2199.837,12,33,1,0,99,90, 11
2200.337,12,33,0,3,99,93, 8
2200.97,12,33,0,1,99,94, 7
2201.337,12,33,1,0,99,93, 8
2201.57,12,33,0,4,99,97, 4
2202.803,12,33,0,1,99,98, 3
2208.387,12,33,0,1,99,99, 2
2211.22,12,33,1,0,100,98, 2
2216.237,12,33,1,0,99,99, 2
2216.62,12,33,1,0,100,98, 2
2219.17,12,33,1,0,99,98, 3
2221.537,12,34,0,0,0,0,200
2227.553,12,34,0,60,60,0, 140
2228.337,12,34,0,23,83,0, 117
2230.72,12,34,0,16,99,0, 101
2230.787,12,34,1,0,98,1, 101
2231.587,12,34,0,1,99,0, 101
2233.82,12,34,0,2,97,0, 103
2235.553,12,34,0,61,97,61, 42
2236.187,12,34,0,27,97,88, 15
2237.47,12,34,0,2,97,90, 13
2240.387,12,34,0,8,97,98, 5
2243.937,12,35,0,0,0,0,200
2249.17,12,35,0,77,77,0, 123
2250.254,12,35,0,9,86,0, 114
2251.187,12,35,0,8,94,0, 106
2251.82,12,35,1,0,93,1, 106
2252.303,12,35,0,2,95,0, 105
2252.92,12,35,0,1,96,0, 104
2254.604,12,35,0,81,96,81, 23
2255.937,12,35,1,0,96,80, 24
2256.17,12,35,0,2,96,82, 22
2257.537,12,35,0,12,96,94, 10
2258.287,12,35,0,5,96,99, 5
2258.937,12,35,0,1,96,100, 4
2263.187,12,35,0,1,96,101, 3
2265.787,12,36,0,0,0,0,200
2277.654,12,36,0,61,61,0, 139
2284.254,12,36,0,14,75,0, 125
2285.237,12,36,0,14,89,0, 111
2286.187,12,36,0,4,93,0, 107
2286.904,12,36,0,5,98,0, 102
2288.854,12,36,0,72,98,72, 30
2289.87,12,36,0,8,98,80, 22
2290.32,12,36,1,0,98,79, 23
2290.587,12,36,0,5,98,84, 18
2291.187,12,36,0,1,98,85, 17
2291.904,12,36,0,1,98,86, 16
2292.587,12,36,0,3,98,89, 13
2293.187,12,36,0,2,98,91, 11
2315.004,12,37,0,0,0,0,250
2318.17,12,37,0,45,45,0, 205
2322.337,12,37,0,15,60,0, 190
2326.97,12,37,1,0,59,0, 191
2328.62,12,37,0,14,73,0, 177
2331.804,12,37,0,23,96,0, 154
2333.187,12,37,0,14,110,0, 140
2334.937,12,37,0,1,111,0, 139
2335.587,12,37,0,1,112,0, 138
2338.904,12,37,1,0,111,0, 139
2341.454,12,37,1,0,110,0, 140
2342.987,12,37,1,0,109,0, 141
2347.604,12,37,1,0,108,0, 142
2348.187,12,37,1,0,107,0, 143
2350.787,12,37,1,0,106,0, 144
2352.487,12,37,1,0,105,0, 145
2353.387,12,37,1,0,104,0, 146
2355.22,12,37,1,0,103,0, 147
2373.837,12,38,0,0,0,0,250
2378.737,12,38,0,38,38,0, 212
2385.337,12,38,0,65,103,0, 147
2386.97,12,38,0,8,111,0, 139
2391.504,12,38,0,15,96,0, 154
2393.204,12,38,0,2,94,0, 156
2395.087,12,38,0,1,93,0, 157
2395.704,12,38,0,2,91,0, 159
2399.237,12,38,0,1,90,0, 160
2402.837,12,38,1,0,91,0, 159
2403.47,12,38,1,0,92,0, 158
2404.687,12,38,1,0,93,0, 157
2406.354,12,38,1,0,94,0, 156
2408.154,12,38,1,0,95,0, 155
2409.887,12,38,1,0,96,0, 154
2413.47,12,38,1,0,97,0, 153
2420.187,12,38,1,0,98,0, 152
2423.187,12,38,1,0,99,0, 151
2426.404,12,38,1,0,100,0, 150
2429.22,12,38,1,0,101,0, 149
2431.154,12,38,1,0,102,0, 148
2432.437,12,38,1,0,103,0, 147
2433.087,12,38,1,0,104,0, 146
2439.387,12,39,0,0,0,0,500
2445.32,12,39,0,157,157,0, 343
2449.637,12,39,0,13,144,0, 356
2450.687,12,39,0,5,139,0, 361
2452.004,12,39,0,23,116,0, 384
2453.187,12,39,0,4,112,0, 388
2455.637,12,39,0,1,111,0, 389
2458.637,12,39,0,1,110,0, 390
2460.704,12,39,0,3,107,0, 393
2461.654,12,39,0,3,104,0, 396
2481.154,12,39,1,0,105,0, 395
2495.637,12,40,0,0,0,0,250
2503.72,12,40,0,7,7,0, 243
2504.32,12,40,0,6,13,0, 237
2504.854,12,40,0,9,22,0, 228
2505.62,12,40,0,5,27,0, 223
2507.187,12,40,0,39,66,0, 184
2508.404,12,40,0,26,92,0, 158
2509.387,12,40,0,11,103,0, 147
2509.97,12,40,0,2,105,0, 145
2510.587,12,40,0,1,106,0, 144
2512.92,12,40,1,0,107,0, 143
2513.237,12,40,0,5,102,0, 148
2514.27,12,40,0,2,100,0, 150
2514.837,12,40,0,1,99,0, 151
2520.437,12,40,1,0,100,0, 150
2521.204,12,40,1,0,101,0, 149
2522.337,12,40,1,0,102,0, 148
2522.837,12,40,1,0,103,0, 147
2527.337,12,41,0,0,0,0,750
2531.02,12,41,0,65,65,0, 685
2531.887,12,41,1,0,64,0, 686
2532.07,12,41,0,26,90,0, 660
2538.904,12,41,0,90,0,0, 750
2554.037,12,41,0,90,90,0, 660
2559.754,12,41,0,5,85,0, 665
2560.487,12,41,1,0,86,0, 664
2561.303,12,41,0,2,84,0, 666
2562.42,12,41,0,17,67,0, 683
2563.187,12,41,0,2,65,0, 685
2571.937,12,41,0,20,85,0, 665
2578.17,12,41,0,1,84,0, 666
2587.42,12,41,1,0,83,0, 667
2587.887,12,41,1,0,84,0, 666
2588.687,12,41,1,0,85,0, 665
2589.104,12,41,1,0,86,0, 664
2589.637,12,41,1,0,87,0, 663
2593.837,12,41,1,0,88,0, 662
2594.42,12,41,1,0,89,0, 661
2595.054,12,41,1,0,88,0, 662
2599.387,12,41,1,0,89,0, 661
2600.57,12,42,0,0,0,0,750
2606.454,12,42,0,151,151,0, 599
2609.437,12,42,0,34,185,0, 565
2611.92,12,42,0,19,204,0, 546
2614.137,12,42,0,6,198,0, 552
2615.387,12,42,0,24,174,0, 576
2616.337,12,42,0,14,160,0, 590
2617.404,12,42,0,9,151,0, 599
2619.72,12,42,0,6,145,0, 605
2620.837,12,42,0,7,138,0, 612
2624.937,12,42,0,2,136,0, 614
2625.837,12,42,0,1,135,0, 615
2626.354,12,42,0,1,134,0, 616
2626.987,12,42,0,2,132,0, 618
2628.754,12,42,0,1,131,0, 619
2629.787,12,42,0,2,129,0, 621
2631.054,12,42,0,1,128,0, 622
2631.937,12,42,0,1,127,0, 623
2633.104,12,42,0,1,126,0, 624
2633.554,12,42,0,2,124,0, 626
2636.204,12,42,0,6,118,0, 632
2640.07,12,43,0,0,0,0,250
2644.154,12,43,0,115,115,0, 135
2649.937,12,43,0,9,106,0, 144
2651.37,12,43,0,1,105,0, 145
2657.187,12,44,0,0,0,0,500
2660.287,12,44,0,150,150,0, 350
2662.987,12,44,0,21,171,0, 329
2670.337,12,44,0,37,134,0, 366
2671.92,12,44,0,4,130,0, 370
2673.187,12,44,0,4,126,0, 374
2674.004,12,44,0,1,125,0, 375
2674.904,12,44,0,3,122,0, 378
2676.804,12,44,0,3,119,0, 381
2678.22,12,44,0,5,114,0, 386
2680.137,12,44,0,4,110,0, 390
2680.87,12,44,0,1,109,0, 391
2682.17,12,44,0,8,101,0, 399
2686.587,12,45,0,0,0,0,500
2689.82,12,45,0,149,149,0, 351
2698.787,12,45,0,9,140,0, 360
2699.654,12,45,0,32,108,0, 392
2701.637,12,45,0,1,107,0, 393
2702.187,12,45,0,1,106,0, 394
2702.82,12,45,1,0,107,0, 393
2702.987,12,45,0,1,106,0, 394
2703.687,12,45,0,2,104,0, 396
2705.487,12,45,0,1,103,0, 397
2710.67,12,45,0,2,101,0, 399
2712.92,12,46,0,0,0,0,500
2716.087,12,46,0,131,131,0, 369
2718.637,12,46,0,18,149,0, 351
2722.62,12,46,0,6,143,0, 357
2723.12,12,46,1,0,144,0, 356
2723.387,12,46,0,3,141,0, 359
2724.187,12,46,0,2,139,0, 361
2725.32,12,46,0,16,123,0, 377
2726.487,12,46,0,12,111,0, 389
2727.454,12,46,0,2,109,0, 391
2728.054,12,46,1,0,108,0, 392
2728.504,12,46,0,3,105,0, 395
2729.604,12,46,0,2,103,0, 397
2730.354,12,46,0,3,100,0, 400
2737.087,12,46,0,5,95,0, 405
2740.387,12,47,0,0,0,0,250
2743.137,12,47,0,116,116,0, 134
2746.137,12,47,0,8,124,0, 126
2749.087,12,47,0,8,116,0, 134
2749.854,12,47,0,3,113,0, 137
2752.354,12,47,0,4,109,0, 141
2753.17,12,47,0,3,106,0, 144
2754.32,12,47,0,1,105,0, 145
2756.77,12,47,0,1,104,0, 146
2757.537,12,47,0,1,103,0, 147
2758.32,12,47,0,1,102,0, 148
2758.704,12,47,1,0,103,0, 147
2759.07,12,47,0,2,101,0, 149
2836.82,12,48,0,0,0,0,250
2839.887,12,48,0,114,114,0, 136
2841.37,12,48,1,0,113,0, 137
2841.654,12,48,0,7,120,0, 130
2843.42,12,48,0,9,129,0, 121
2844.87,12,48,0,0,0,0, 250
2847.654,12,48,0,101,101,0, 149
2849.437,12,48,0,4,105,0, 145
2851.187,12,48,0,11,116,0, 134
2853.187,12,48,0,1,115,0, 135
2853.837,12,48,0,4,111,0, 139
2854.72,12,48,0,1,110,0, 140
2856.537,12,48,0,1,109,0, 141
2857.087,12,48,0,1,108,0, 142
2859.07,12,48,0,2,106,0, 144
2861.32,12,48,0,1,105,0, 145
2863.437,12,48,0,1,104,0, 146
2866.537,12,48,0,3,101,0, 149
2867.887,12,48,0,2,99,0, 151
2870.12,12,48,0,1,98,0, 152
2871.22,12,48,0,1,97,0, 153
2874.054,12,48,0,1,96,0, 154
2877.237,12,49,0,0,0,0,750
2880.97,12,49,0,141,141,0, 609
2884.72,12,49,0,28,169,0, 581
2887.254,12,49,0,26,195,0, 555
2889.12,12,49,0,17,178,0, 572
2890.337,12,49,0,15,163,0, 587
2891.004,12,49,0,6,157,0, 593
2892.887,12,49,0,19,138,0, 612
2895.287,12,49,0,10,128,0, 622
2896.604,12,49,0,28,100,0, 650
2908.354,12,49,1,0,101,0, 649
2910.804,12,49,1,0,100,0, 650
2913.154,12,49,1,0,101,0, 649
2917.354,12,49,1,0,102,0, 648
2918.587,12,49,1,0,103,0, 647
2921.487,12,49,1,0,104,0, 646
2922.47,12,49,1,0,105,0, 645
2923.67,12,49,1,0,106,0, 644
2924.987,12,49,1,0,107,0, 643
2925.57,12,49,1,0,108,0, 642
2932.72,12,50,0,0,0,0,500
2935.654,12,50,0,146,146,0, 354
2938.004,12,50,0,13,159,0, 341
2939.854,12,50,0,27,186,0, 314
2941.62,12,50,0,17,169,0, 331
2942.52,12,50,0,7,162,0, 338
2943.687,12,50,0,15,147,0, 353
2945.387,12,50,0,16,131,0, 369
2946.12,12,50,1,0,130,0, 370
2946.47,12,50,0,6,124,0, 376
2947.404,12,50,0,4,120,0, 380
2948.337,12,50,0,1,119,0, 381
2949.57,12,50,0,3,116,0, 384
2951.604,12,50,0,4,112,0, 388
2954.787,12,50,0,3,109,0, 391
2955.287,12,50,0,1,108,0, 392
2957.804,12,50,0,2,106,0, 394
2958.587,12,50,0,2,104,0, 396
2965.47,12,50,0,3,101,0, 399
2967.887,12,50,0,1,100,0, 400
2969.237,12,50,0,1,99,0, 401
2969.82,12,50,0,2,97,0, 403
2970.404,12,50,0,1,96,0, 404
2978.537,12,51,0,0,0,0,750
2985.087,12,51,0,64,64,0, 686
2985.87,12,51,0,45,109,0, 641
2989.587,12,51,0,61,170,0, 580
2991.404,12,51,0,17,187,0, 563
2992.887,12,51,0,23,164,0, 586
2993.304,12,51,1,0,165,0, 585
2993.67,12,51,0,9,156,0, 594
2994.47,12,51,0,13,143,0, 607
2994.97,12,51,0,1,142,0, 608
2995.587,12,51,0,8,134,0, 616
2996.82,12,51,0,4,130,0, 620
2998.97,12,51,0,3,127,0, 623
2999.77,12,51,1,0,128,0, 622
3000.07,12,51,0,4,124,0, 626
3001.021,12,51,0,7,117,0, 633
3001.504,12,51,0,1,116,0, 634
3002.72,12,51,0,2,114,0, 636
3005.037,12,51,1,0,115,0, 635
3005.187,12,51,0,4,111,0, 639
3005.954,12,51,0,2,109,0, 641
3007.704,12,51,1,0,110,0, 640
3007.854,12,51,0,1,109,0, 641
3009.487,12,51,0,6,103,0, 647
3010.787,12,51,0,4,99,0, 651
3011.354,12,51,0,1,98,0, 652
3012.204,12,51,0,2,96,0, 654
3013.27,12,51,0,1,95,0, 655
3014.337,12,51,0,1,94,0, 656
3024.52,12,51,1,0,95,0, 655
3024.987,12,51,1,0,96,0, 654
3028.72,12,51,1,0,97,0, 653
3030.937,12,51,1,0,98,0, 652
3035.57,12,52,0,0,0,0,500
3038.287,12,52,0,123,123,0, 377
3041.637,12,52,0,42,165,0, 335
3047.62,12,52,0,21,144,0, 356
3048.17,12,52,1,0,145,0, 355
3048.454,12,52,0,11,134,0, 366
3049.237,12,52,0,17,117,0, 383
3050.337,12,52,0,2,115,0, 385
3051.37,12,52,0,1,114,0, 386
3051.87,12,52,0,2,112,0, 388
3052.42,12,52,0,1,111,0, 389
3059.02,12,52,0,1,110,0, 390
3061.937,12,52,0,2,108,0, 392
3062.337,12,52,0,1,107,0, 393
3063.904,12,52,0,1,106,0, 394
3065.954,12,52,0,1,105,0, 395
3067.37,12,52,0,1,104,0, 396
3078.654,12,52,1,0,105,0, 395
3083.07,12,52,1,0,106,0, 394
3086.42,12,53,0,0,0,0,250
3090.387,12,53,0,73,73,0, 177
3090.787,12,53,1,0,72,0, 178
3091.27,12,53,0,20,92,0, 158
3095.087,12,53,0,13,105,0, 145
3096.787,12,53,0,4,101,0, 149
3098.587,12,53,0,2,99,0, 151
3100.137,12,53,0,1,98,0, 152
3101.22,12,53,0,1,97,0, 153
3110.504,12,53,0,1,98,0, 152
3111.154,12,53,0,1,99,0, 151
3112.654,12,53,1,0,100,0, 150
3112.82,12,53,0,1,101,0, 149
3115.037,12,53,0,1,102,0, 148
3117.287,12,54,0,0,0,0,750
3121.22,12,54,0,144,144,0, 606
3126.47,12,54,0,29,173,0, 577
3128.937,12,54,0,11,162,0, 588
3129.737,12,54,0,1,161,0, 589
3130.32,12,54,1,0,162,0, 588
3130.487,12,54,0,19,143,0, 607
3131.454,12,54,0,3,140,0, 610
3132.137,12,54,0,7,133,0, 617
3132.77,12,54,0,3,130,0, 620
3134.87,12,54,0,20,110,0, 640
3135.887,12,54,0,5,105,0, 645
3140.904,12,54,0,1,104,0, 646
3142.354,12,54,0,1,103,0, 647
3146.47,12,54,1,0,104,0, 646
3169.904,12,55,0,0,0,0,250
3175.837,12,55,0,129,129,0, 121
3180.187,12,55,0,12,117,0, 133
3182.637,12,55,0,3,114,0, 136
3183.304,12,55,0,2,112,0, 138
3185.487,12,55,0,3,109,0, 141
3186.837,12,55,0,1,108,0, 142
3188.637,12,55,0,3,105,0, 145
3189.204,12,55,0,1,104,0, 146
3192.987,12,56,0,0,0,0,250
3196.987,12,56,0,97,97,0, 153
3198.57,12,56,0,10,107,0, 143
3199.654,12,56,0,20,127,0, 123
3202.904,12,56,0,2,125,0, 125
3204.754,12,56,0,3,122,0, 128
3205.27,12,56,0,6,116,0, 134
3205.837,12,56,1,0,115,0, 135
3207.004,12,56,0,3,112,0, 138
3207.587,12,56,0,1,111,0, 139
3208.77,12,56,0,4,107,0, 143
3210.12,12,56,0,3,104,0, 146
3216.004,12,57,0,0,0,0,500
3221.054,12,57,0,105,105,0, 395
3222.854,12,57,0,9,114,0, 386
3225.42,12,57,0,14,100,0, 400
3226.17,12,57,0,1,99,0, 401
3229.57,12,57,0,2,97,0, 403
3230.02,12,57,0,1,96,0, 404
3230.787,12,57,0,2,94,0, 406
3231.337,12,57,0,4,90,0, 410
3236.82,12,58,0,0,0,0,250
3243.387,12,58,0,113,113,0, 137
3244.32,12,58,0,2,115,0, 135
3247.57,12,58,0,1,114,0, 136
3248.12,12,58,0,1,113,0, 137
3248.604,12,58,0,3,110,0, 140
3250.687,12,58,0,1,109,0, 141
3254.154,12,58,0,3,106,0, 144
3255.654,12,58,0,2,104,0, 146
3256.754,12,59,0,0,0,0,500
3266.404,12,59,0,55,55,0, 445
3267.787,12,59,1,0,56,0, 444
3268.22,12,59,0,101,157,0, 343
3271.904,12,59,0,1,156,0, 344
3273.754,12,59,0,3,153,0, 347
3274.57,12,59,0,1,152,0, 348
3275.537,12,59,0,3,149,0, 351
3277.854,12,59,0,29,120,0, 380
3278.67,12,59,0,4,116,0, 384
3281.754,12,59,0,2,114,0, 386
3282.654,12,59,0,3,111,0, 389
3285.12,12,59,1,0,112,0, 388
3285.42,12,59,0,2,110,0, 390
3286.654,12,59,0,1,109,0, 391
3292.17,12,60,0,0,0,0,250
3296.354,12,60,0,103,103,0, 147
3299.654,12,60,0,3,106,0, 144
3303.887,12,60,0,3,103,0, 147
3304.887,12,60,0,3,100,0, 150
3308.287,12,60,0,1,99,0, 151
3309.237,12,60,0,1,98,0, 152
3316.337,12,60,1,0,99,0, 151
3316.92,12,60,1,0,100,0, 150
3318.337,12,61,0,0,0,0,750
3327.337,12,61,0,210,210,0, 540
3331.304,12,61,0,31,179,0, 571
3333.887,12,61,0,10,169,0, 581
3335.154,12,61,0,8,161,0, 589
3338.67,12,61,0,7,154,0, 596
3339.37,12,61,0,1,153,0, 597
3343.087,12,61,0,11,142,0, 608
3343.754,12,61,0,1,141,0, 609
3344.52,12,61,0,2,139,0, 611
3345.97,12,61,0,4,135,0, 615
3348.42,12,61,0,9,126,0, 624
3352.67,12,62,0,0,0,0,750
3358.854,12,62,0,148,148,0, 602
3364.654,12,62,0,20,128,0, 622
3367.004,12,62,0,2,126,0, 624
3367.72,12,62,0,3,123,0, 627
3374.037,12,62,1,0,124,0, 626
3377.637,12,62,1,0,125,0, 625
3378.021,12,62,1,0,126,0, 624
3382.587,12,63,0,0,0,0,250
3386.804,12,63,0,92,92,0, 158
3389.72,12,63,0,18,110,0, 140
3393.504,12,63,0,7,117,0, 133
3393.954,12,63,1,0,116,0, 134
3394.354,12,63,0,5,121,0, 129
3398.27,12,63,0,10,111,0, 139
3401.22,12,63,0,2,109,0, 141
3401.654,12,63,0,2,107,0, 143
3402.82,12,63,0,2,105,0, 145
3403.404,12,63,0,1,104,0, 146
3403.937,12,63,0,1,103,0, 147
3406.287,12,63,0,1,102,0, 148
3410.337,12,64,0,0,0,0,500
3416.804,12,64,0,90,90,0, 410
3417.987,12,64,0,1,91,0, 409
3418.254,12,64,1,0,90,0, 410
3418.62,12,64,0,6,96,0, 404
3419.387,12,64,0,22,118,0, 382
3420.37,12,64,0,32,150,0, 350
3424.57,12,64,0,50,100,0, 400
3427.27,12,64,0,3,97,0, 403
3440.387,12,65,0,0,0,0,750
3446.887,12,65,0,132,132,0, 618
3448.504,12,65,0,57,189,0, 561
3449.47,12,65,0,6,195,0, 555
3454.02,12,65,0,49,146,0, 604
3455.187,12,65,0,7,139,0, 611
3456.32,12,65,0,7,132,0, 618
3456.87,12,65,0,2,130,0, 620
3457.521,12,65,0,1,129,0, 621
3458.204,12,65,0,1,128,0, 622
3465.22,12,65,0,9,119,0, 631
3467.254,12,65,0,1,118,0, 632
3473.62,12,66,0,0,0,0,500
3477.187,12,66,0,58,58,0, 442
3479.804,12,66,0,39,97,0, 403
3480.47,12,66,0,12,109,0, 391
3481.154,12,66,0,5,114,0, 386
3485.354,12,66,0,28,86,0, 414
3492.32,12,66,0,1,85,0, 415
3494.837,12,67,0,0,0,0,750
3500.787,12,67,0,125,125,0, 625
3501.82,12,67,0,2,127,0, 623
3504.937,12,67,0,17,110,0, 640
3506.104,12,67,0,4,106,0, 644
3507.154,12,67,0,1,105,0, 645
3511.804,12,67,1,0,104,0, 646
3512.72,12,67,0,4,100,0, 650
3513.154,12,67,0,1,99,0, 651
3515.587,12,68,0,0,0,0,750
3521.304,12,68,1,0,1,0, 749
3521.804,12,68,0,87,88,0, 662
3524.521,12,68,0,7,95,0, 655
3525.504,12,68,0,8,103,0, 647
3526.17,12,68,1,0,102,0, 648
3526.42,12,68,0,4,106,0, 644
3527.104,12,68,0,1,107,0, 643
3527.487,12,68,1,0,106,0, 644
3527.837,12,68,0,9,115,0, 635
3531.771,12,68,0,23,92,0, 658
3534.754,12,68,1,0,93,0, 657
3535.32,12,68,1,0,94,0, 656
3536.154,12,68,1,0,95,0, 655
3536.737,12,68,1,0,96,0, 654
3537.27,12,68,1,0,97,0, 653
3538.604,12,68,1,0,98,0, 652
3542.204,12,68,1,0,99,0, 651
3542.687,12,68,1,0,100,0, 650
3545.62,12,69,0,0,0,0,250
3550.904,12,69,0,86,86,0, 164
3551.937,12,69,0,22,108,0, 142
3552.987,12,69,0,4,112,0, 138
3553.454,12,69,0,3,115,0, 135
3556.454,12,69,0,4,111,0, 139
3557.92,12,69,0,5,106,0, 144
3559.12,12,69,0,2,104,0, 146
3563.37,12,70,0,0,0,0,250
3566.137,12,70,0,33,33,0, 217
3567.07,12,70,0,8,41,0, 209
3567.837,12,70,0,7,48,0, 202
3568.604,12,70,0,32,80,0, 170
3569.47,12,70,0,19,99,0, 151
3570.521,12,70,0,12,111,0, 139
3570.837,12,70,0,1,112,0, 138
3573.904,12,70,1,0,113,0, 137
3575.854,12,70,0,3,110,0, 140
3576.954,12,70,0,7,103,0, 147
3579.87,12,70,0,1,102,0, 148
3580.987,12,70,0,1,101,0, 149
3584.754,12,70,0,2,103,0, 147
3585.271,12,70,0,1,104,0, 146
3591.42,12,71,0,0,0,0,500
3596.67,12,71,0,90,90,0, 410
3597.387,12,71,0,5,95,0, 405
3598.287,12,71,0,31,126,0, 374
3599.504,12,71,0,36,162,0, 338
3603.787,12,71,0,39,123,0, 377
3604.987,12,71,0,12,111,0, 389
3605.32,12,71,1,0,112,0, 388
3605.504,12,71,0,1,111,0, 389
3606.237,12,71,0,4,107,0, 393
3608.604,12,71,0,1,106,0, 394
3610.687,12,71,0,1,105,0, 395
3613.021,12,72,0,0,0,0,500
3617.771,12,72,0,71,71,0, 429
3618.487,12,72,0,7,78,0, 422
3619.104,12,72,0,1,79,0, 421
3621.787,12,72,0,16,95,0, 405
3622.97,12,72,0,29,124,0, 376
3624.087,12,72,0,6,130,0, 370
3626.271,12,72,0,14,116,0, 384
3629.654,12,72,0,20,96,0, 404
3631.42,12,72,0,1,95,0, 405
3634.654,12,72,0,1,94,0, 406
3635.587,12,72,0,1,93,0, 407
3643.021,12,72,0,4,97,0, 403
3643.72,12,72,0,1,98,0, 402
3644.354,12,72,0,2,100,0, 400
67.63657,13,1,0,0,0,0,250
81.7365,13,1,0,2,2,0, 248
95.31985,13,1,0,100,102,0, 148
100.0199,13,1,0,2,100,0, 150
101.5699,13,1,0,1,99,0, 151
110.5032,13,1,0,2,97,0, 153
123.0031,13,2,0,0,0,0,250
128.4865,13,2,0,123,123,0, 127
133.2031,13,2,0,2,121,0, 129
136.8203,13,2,0,4,117,0, 133
138.4031,13,2,0,4,113,0, 137
140.3365,13,2,0,3,110,0, 140
143.0865,13,2,0,4,106,0, 144
176.7031,13,3,0,0,0,0,500
191.1697,13,3,0,126,126,0, 374
194.6031,13,3,0,6,132,0, 368
200.203,13,3,0,2,130,0, 370
202.4863,13,3,0,15,115,0, 385
234.5696,13,4,0,0,0,0,750
256.7863,13,4,0,224,224,0, 526
262.5363,13,4,0,18,206,0, 544
270.2363,13,4,0,73,133,0, 617
272.2363,13,4,0,2,131,0, 619
277.3196,13,4,0,1,130,0, 620
281.9363,13,4,0,2,128,0, 622
288.7696,13,5,0,0,0,0,750
302.5029,13,5,0,150,150,0, 600
309.6029,13,5,0,15,135,0, 615
312.9862,13,5,0,20,115,0, 635
323.2695,13,5,0,111,4,0, 746
328.9695,13,5,0,164,168,0, 582
334.7529,13,5,0,7,161,0, 589
337.8029,13,5,0,29,132,0, 618
340.7195,13,5,0,3,129,0, 621
341.9862,13,5,0,4,125,0, 625
343.0362,13,5,0,3,122,0, 628
343.9862,13,5,0,1,121,0, 629
346.6361,13,5,0,1,120,0, 630
351.6362,13,6,0,0,0,0,750
370.1195,13,6,0,139,139,0, 611
374.7028,13,6,0,14,125,0, 625
377.2861,13,6,0,21,104,0, 646
378.7361,13,6,0,3,101,0, 649
381.7361,13,6,0,3,98,0, 652
382.8861,13,6,0,2,96,0, 654
385.9361,13,6,0,8,88,0, 662
391.5195,13,7,0,0,0,0,500
398.2694,13,7,0,115,115,0, 385
402.536,13,7,0,8,107,0, 393
405.7194,13,7,0,8,99,0, 401
410.036,13,7,0,6,93,0, 407
411.1028,13,7,0,3,90,0, 410
417.6527,13,8,0,0,0,0,250
441.2194,13,8,0,119,119,0, 131
444.3694,13,8,0,9,110,0, 140
445.8194,13,8,0,3,107,0, 143
447.0861,13,8,0,3,104,0, 146
451.8027,13,9,0,0,0,0,250
460.286,13,9,0,131,131,0, 119
465.2027,13,9,0,7,124,0, 126
466.4027,13,9,0,10,114,0, 136
467.9359,13,9,0,4,110,0, 140
468.736,13,9,0,1,109,0, 141
473.8027,13,10,0,0,0,0,750
485.2693,13,10,0,150,150,0, 600
489.6027,13,10,0,10,140,0, 610
493.1193,13,10,0,26,114,0, 636
496.8026,13,10,0,2,112,0, 638
500.386,13,10,0,1,111,0, 639
504.036,13,11,0,0,0,0,500
511.436,13,11,0,12,12,0, 488
513.6027,13,11,0,0,0,0, 500
519.3359,13,11,0,133,133,0, 367
527.8526,13,11,0,5,128,0, 372
529.8525,13,11,0,14,114,0, 386
597.8691,13,12,0,0,0,0,250
602.5859,13,12,0,123,123,0, 127
608.5192,13,12,0,14,109,0, 141
617.6692,13,13,0,0,0,0,500
619.1857,13,13,0,1,1,0, 499
624.7358,13,13,0,129,130,0, 370
628.6525,13,13,0,1,129,0, 371
630.0024,13,13,0,3,126,0, 374
631.4025,13,13,0,16,110,0, 390
634.6858,13,13,0,3,107,0, 393
638.5024,13,13,0,3,104,0, 396
639.5024,13,13,0,1,103,0, 397
643.0858,13,14,0,0,0,0,500
649.3691,13,14,0,130,130,0, 370
653.5024,13,14,0,8,122,0, 378
655.2191,13,14,0,20,102,0, 398
658.9358,13,14,0,2,100,0, 400
660.0524,13,14,0,1,99,0, 401
662.6191,13,14,0,2,97,0, 403
665.9191,13,14,0,2,95,0, 405
669.4524,13,15,0,0,0,0,500
676.9691,13,15,0,104,104,0, 396
678.1524,13,15,0,15,119,0, 381
682.9024,13,15,0,3,116,0, 384
684.6191,13,15,0,17,99,0, 401
687.0357,13,15,1,0,100,0, 400
687.5524,13,15,0,3,97,0, 403
689.4857,13,15,0,2,95,0, 405
690.8024,13,15,0,3,92,0, 408
693.3024,13,15,0,2,90,0, 410
696.0857,13,15,0,1,89,0, 411
697.2357,13,15,0,2,87,0, 413
703.319,13,15,1,0,88,0, 412
703.9357,13,15,0,3,91,0, 409
708.0857,13,15,0,1,90,0, 410
712.4524,13,16,0,0,0,0,750
720.9023,13,16,0,149,149,0, 601
725.8524,13,16,0,4,145,0, 605
726.2023,13,16,1,0,146,0, 604
727.169,13,16,0,2,144,0, 606
729.9357,13,16,0,28,116,0, 634
732.5857,13,16,0,1,115,0, 635
733.9023,13,16,0,2,113,0, 637
735.3857,13,16,1,0,114,0, 636
736.1857,13,16,0,7,107,0, 643
741.419,13,17,0,0,0,0,250
748.9525,13,17,0,122,122,0, 128
752.6023,13,17,0,7,115,0, 135
753.7023,13,17,0,2,113,0, 137
754.5856,13,17,0,1,112,0, 138
755.819,13,17,0,7,105,0, 145
757.0189,13,17,0,1,104,0, 146
758.1856,13,17,0,1,103,0, 147
758.9857,13,17,0,1,102,0, 148
761.1523,13,17,0,1,101,0, 149
763.4856,13,17,0,1,100,0, 150
768.5191,13,17,0,1,99,0, 151
769.7189,13,17,0,1,98,0, 152
772.2022,13,18,0,0,0,0,250
777.119,13,18,0,135,135,0, 115
780.6689,13,18,0,4,131,0, 119
782.6023,13,18,0,22,109,0, 141
784.2689,13,18,0,2,107,0, 143
785.0522,13,18,0,1,106,0, 144
785.9689,13,18,0,1,105,0, 145
786.8358,13,18,0,1,104,0, 146
788.5856,13,18,0,5,99,0, 151
791.3022,13,18,0,1,98,0, 152
792.2691,13,18,0,1,97,0, 153
794.7857,13,18,0,2,95,0, 155
798.0856,13,18,0,3,92,0, 158
801.0522,13,18,0,1,91,0, 159
825.9855,13,19,0,0,0,0,250
835.6022,13,19,0,80,80,0, 170
838.8022,13,19,0,16,96,0, 154
841.9355,13,19,0,7,103,0, 147
845.1855,13,19,0,12,115,0, 135
858.8522,13,20,0,0,0,0,250
859.5022,13,20,1,0,1,0, 249
864.5854,13,20,0,0,0,0, 250
872.4355,13,20,0,51,51,0, 199
873.7688,13,20,1,0,50,0, 200
874.3689,13,20,0,19,69,0, 181
876.4021,13,20,0,2,71,0, 179
881.8855,13,20,0,1,70,0, 180
883.2355,13,20,0,1,69,0, 181
884.7188,13,20,0,1,68,0, 182
891.7188,13,20,0,2,70,0, 180
892.3188,13,20,1,0,71,0, 179
893.6354,13,20,1,0,72,0, 178
894.2521,13,20,1,0,73,0, 177
899.9188,13,20,0,1,72,0, 178
907.9021,13,21,0,0,0,0,500
916.3854,13,21,0,105,105,0, 395
921.6521,13,21,0,8,113,0, 387
924.2354,13,21,1,0,114,0, 386
925.5187,13,21,0,11,125,0, 375
927.0187,13,21,0,3,128,0, 372
928.2687,13,21,0,3,131,0, 369
930.3687,13,21,0,2,129,0, 371
934.1354,13,21,0,1,128,0, 372
935.0023,13,21,0,1,127,0, 373
938.8021,13,21,0,1,126,0, 374
939.7187,13,21,0,1,125,0, 375
942.352,13,21,0,1,124,0, 376
954.8854,13,22,0,0,0,0,250
964.9854,13,22,0,74,74,0, 176
966.302,13,22,0,6,80,0, 170
967.552,13,22,0,2,82,0, 168
969.6687,13,22,0,6,88,0, 162
973.0187,13,22,0,2,90,0, 160
976.0353,13,22,0,2,88,0, 162
978.1686,13,22,1,0,87,0, 163
985.602,13,23,0,0,0,0,500
993.6853,13,23,0,95,95,0, 405
999.0853,13,23,0,7,102,0, 398
1002.185,13,23,0,5,97,0, 403
1006.052,13,23,0,1,96,0, 404
1019.169,13,24,0,0,0,0,250
1056.785,13,24,0,16,16,0, 234
1058.919,13,24,0,11,27,0, 223
1059.852,13,24,0,4,31,0, 219
1061.935,13,24,0,10,41,0, 209
1070.869,13,25,0,0,0,0,750
1086.419,13,25,0,99,99,0, 651
1089.869,13,25,0,42,141,0, 609
1093.002,13,25,0,2,139,0, 611
1093.919,13,25,0,1,138,0, 612
1094.668,13,25,0,1,137,0, 613
1096.935,13,25,0,1,136,0, 614
1097.669,13,25,0,1,135,0, 615
1098.769,13,25,0,1,134,0, 616
1102.302,13,25,1,0,135,0, 615
1103.469,13,25,1,0,134,0, 616
1104.152,13,25,1,0,135,0, 615
1108.635,13,25,0,1,136,0, 614
1114.002,13,26,0,0,0,0,750
1118.885,13,26,1,0,1,0, 749
1121.135,13,26,1,0,0,0, 750
1125.152,13,26,0,118,118,0, 632
1126.985,13,26,0,18,136,0, 614
1129.752,13,26,0,3,133,0, 617
1131.352,13,26,0,3,130,0, 620
1133.018,13,26,0,2,128,0, 622
1134.568,13,26,0,2,126,0, 624
1144.635,13,26,0,2,124,0, 626
1148.202,13,26,0,3,121,0, 629
1150.985,13,27,0,0,0,0,750
1158.935,13,27,0,73,73,0, 677
1161.435,13,27,0,1,74,0, 676
1162.685,13,27,0,10,84,0, 666
1171.102,13,28,0,0,0,0,500
1191.718,13,28,0,86,86,0, 414
1194.268,13,28,0,11,97,0, 403
1197.802,13,28,1,0,96,0, 404
1198.302,13,28,0,5,101,0, 399
1199.468,13,28,0,1,102,0, 398
1201.335,13,28,0,2,104,0, 396
1203.668,13,28,0,10,114,0, 386
1211.685,13,28,0,5,109,0, 391
1213.185,13,28,0,4,105,0, 395
1214.219,13,28,0,1,104,0, 396
1215.268,13,28,0,1,103,0, 397
1218.152,13,28,0,2,101,0, 399
1220.785,13,29,0,0,0,0,250
1227.902,13,29,0,65,65,0, 185
1230.835,13,29,0,33,98,0, 152
1233.818,13,29,0,10,108,0, 142
1305.402,13,30,0,0,0,0,750
1313.151,13,30,0,75,75,0, 675
1315.585,13,30,0,62,137,0, 613
1320.352,13,30,0,1,138,0, 612
1324.118,13,31,0,0,0,0,750
1332.568,13,31,0,121,121,0, 629
1335.651,13,31,0,9,130,0, 620
1338.118,13,31,0,2,128,0, 622
1339.168,13,31,0,2,126,0, 624
1341.601,13,31,0,2,124,0, 626
1345.702,13,31,0,6,118,0, 632
1347.418,13,31,0,2,116,0, 634
1351.385,13,31,1,0,115,0, 635
1357.052,13,31,0,1,114,0, 636
1359.351,13,32,0,0,0,0,500
1366.451,13,32,0,47,47,0, 453
1367.485,13,32,0,1,48,0, 452
1368.535,13,32,0,3,51,0, 449
1370.101,13,32,0,2,53,0, 447
1372.135,13,32,0,1,54,0, 446
1372.751,13,32,1,0,55,0, 445
1373.135,13,32,0,3,58,0, 442
1374.985,13,32,0,1,59,0, 441
1375.701,13,32,0,2,61,0, 439
1378.851,13,32,1,0,62,0, 438
1379.501,13,32,1,0,63,0, 437
1380.368,13,32,1,0,62,0, 438
1381.018,13,32,1,0,63,0, 437
1381.968,13,32,1,0,64,0, 436
1384.951,13,33,0,0,0,0,500
1391.885,13,33,0,107,107,0, 393
1393.985,13,33,0,1,108,0, 392
1397.618,13,34,0,0,0,0,250
1410.585,13,34,0,39,39,0, 211
1411.718,13,34,1,0,40,0, 210
1412.285,13,34,0,35,75,0, 175
1413.435,13,34,0,1,76,0, 174
1419.451,13,34,1,0,75,0, 175
1419.818,13,34,0,4,71,0, 179
1421.018,13,34,0,2,69,0, 181
1421.951,13,34,0,2,67,0, 183
1423.985,13,34,0,3,64,0, 186
1424.785,13,34,0,1,63,0, 187
1425.385,13,34,1,0,64,0, 186
1425.735,13,34,0,2,62,0, 188
1429.301,13,35,0,0,0,0,500
1438.801,13,35,0,98,98,0, 402
1441.451,13,35,0,2,96,0, 404
1443.101,13,35,0,3,93,0, 407
1444.301,13,35,0,1,92,0, 408
1444.701,13,35,1,0,93,0, 407
1445.435,13,35,0,1,92,0, 408
1446.218,13,35,0,1,91,0, 409
1447.535,13,35,0,3,88,0, 412
1449.268,13,35,0,1,87,0, 413
1452.035,13,35,0,3,84,0, 416
1453.085,13,35,0,2,82,0, 418
1453.968,13,35,0,1,81,0, 419
1455.351,13,35,0,1,80,0, 420
1456.785,13,35,1,0,79,0, 421
1457.335,13,35,0,1,78,0, 422
1458.535,13,35,0,1,77,0, 423
1459.885,13,35,0,1,76,0, 424
1461.368,13,35,0,2,74,0, 426
1463.935,13,35,0,1,73,0, 427
1465.718,13,35,0,1,72,0, 428
1467.518,13,36,0,0,0,0,250
1484.001,13,36,0,39,39,0, 211
1485.151,13,36,0,5,44,0, 206
1486.501,13,36,0,10,54,0, 196
1488.868,13,36,0,17,71,0, 179
1492.385,13,36,0,7,78,0, 172
1495.401,13,36,0,1,77,0, 173
1499.451,13,36,0,3,80,0, 170
1501.685,13,36,0,1,79,0, 171
1502.585,13,36,0,1,78,0, 172
1504.551,13,36,0,1,77,0, 173
1506.218,13,36,0,1,76,0, 174
1509.101,13,36,0,1,75,0, 175
1511.118,13,36,0,1,74,0, 176
1514.401,13,36,0,1,73,0, 177
1518.685,13,36,0,1,74,0, 176
1534.251,13,37,0,0,0,0,200
1541.835,13,37,0,98,98,0, 102
1544.468,13,37,0,1,99,0, 101
1550.551,13,37,0,101,99,101, 0
1562.135,13,38,0,0,0,0,200
1571.035,13,38,0,100,0,100, 100
1573.268,13,38,0,100,100,100, 0
1580.251,13,39,0,0,0,0,200
1587.951,13,39,0,92,92,0, 108
1589.601,13,39,0,7,99,0, 101
1591.468,13,39,0,2,101,0, 99
1595.284,13,39,0,5,99,5, 96
1599.518,13,39,0,90,99,95, 6
1600.618,13,39,0,5,99,100, 1
1601.601,13,39,0,1,99,101, 0
1621.818,13,40,0,0,0,0,200
1634.601,13,40,0,102,102,0, 98
1637.968,13,40,0,96,198,0, 2
1644.751,13,40,0,97,102,97, 1
1646.801,13,40,0,1,102,98, 0
1652.184,13,40,0,2,100,100, 0
1653.551,13,40,0,1,99,101, 0
1668.018,13,40,0,1,100,100, 0
1670.401,13,41,0,0,0,0,200
1675.818,13,41,0,98,0,98, 102
1678.434,13,41,0,102,102,98, 0
1681.584,13,42,0,0,0,0,200
1690.684,13,42,0,91,0,91, 109
1695.468,13,42,0,108,108,91, 1
1700.268,13,42,0,1,108,92, 0
1705.868,13,42,0,1,107,93, 0
1708.201,13,43,0,0,0,0,200
1717.351,13,43,0,99,99,0, 101
1719.568,13,43,0,1,100,0, 100
1722.534,13,43,0,103,96,103, 1
1723.518,13,43,0,1,96,104, 0
1726.651,13,43,0,1,95,105, 0
1728.851,13,43,0,1,94,106, 0
1732.801,13,44,0,0,0,0,200
1738.268,13,44,0,95,95,0, 105
1739.518,13,44,0,6,101,0, 99
1744.384,13,44,0,63,101,63, 36
1745.401,13,44,0,35,101,98, 1
1746.618,13,44,0,1,101,99, 0
1750.418,13,44,0,1,102,98, 0
1754.901,13,45,0,0,0,0,200
1762.068,13,45,0,98,98,0, 102
1763.084,13,45,0,3,101,0, 99
1766.018,13,45,0,83,101,83, 16
1768.484,13,45,0,15,101,98, 1
1769.718,13,45,0,1,101,99, 0
1774.118,13,46,0,0,0,0,200
1781.051,13,46,0,93,93,0, 107
1781.818,13,46,0,5,98,0, 102
1789.417,13,46,0,102,98,102, 0
1795.134,13,47,0,0,0,0,200
1803.018,13,47,0,90,90,0, 110
1808.251,13,47,0,100,90,100, 10
1811.768,13,47,0,8,98,100, 2
1814.184,13,47,0,2,100,100, 0
1889.484,13,48,0,0,0,0,200
1894.584,13,48,0,110,110,0, 90
1897.001,13,48,0,80,110,80, 10
1898.234,13,48,0,10,110,90, 0
1900.551,13,48,0,1,109,91, 0
1905.117,13,49,0,0,0,0,200
1910.317,13,49,0,99,99,0, 101
1916.334,13,49,0,99,99,99, 2
1917.001,13,49,1,0,99,98, 3
1917.767,13,49,0,3,99,101, 0
1923.701,13,49,0,1,100,100, 0
1924.817,13,49,0,2,102,98, 0
1932.284,13,50,0,0,0,0,200
1936.284,13,50,0,92,92,0, 108
1940.467,13,50,0,104,92,104, 4
1941.784,13,50,0,4,92,108, 0
1945.867,13,50,0,4,96,104, 0
1946.851,13,50,0,1,97,103, 0
1950.467,13,51,0,0,0,0,200
1954.534,13,51,0,94,0,94, 106
1958.917,13,51,0,106,106,94, 0
1963.717,13,51,0,1,105,95, 0
1967.117,13,52,0,0,0,0,200
1971.184,13,52,0,4,4,0, 196
1972.917,13,52,0,89,93,0, 107
1973.984,13,52,0,2,95,0, 105
1974.751,13,52,0,1,96,0, 104
1976.717,13,52,0,30,96,30, 74
1978.684,13,52,0,74,96,104, 0
1984.634,13,52,0,1,97,103, 0
1987.801,13,53,0,0,0,0,200
1992.234,13,53,0,98,0,98, 102
1995.067,13,53,0,101,101,98, 1
1996.017,13,53,0,1,102,98, 0
2001.301,13,53,0,1,101,99, 0
2004.017,13,54,0,0,0,0,200
2008.851,13,54,0,88,0,88, 112
2013.451,13,54,0,106,106,88, 6
2017.451,13,54,0,4,106,92, 2
2018.584,13,54,0,1,106,93, 1
2020.951,13,54,0,1,106,94, 0
2036.917,13,55,0,0,0,0,200
2044.951,13,55,0,45,0,45, 155
2047.301,13,55,0,46,0,91, 109
2048.651,13,55,0,6,0,97, 103
2050.651,13,55,0,1,0,98, 102
2054.234,13,55,0,18,18,98, 84
2054.884,13,55,0,1,19,98, 83
2056.551,13,55,0,50,69,98, 33
2058.317,13,55,0,26,95,98, 7
2059.834,13,55,0,1,96,98, 6
2060.534,13,55,0,1,97,98, 5
2062.467,13,55,0,3,100,98, 2
2073.334,13,56,0,0,0,0,200
2079.884,13,56,0,100,100,0, 100
2086.65,13,56,0,17,100,17, 83
2087.467,13,56,0,1,100,18, 82
2088.834,13,56,0,9,100,27, 73
2090.334,13,56,0,21,100,48, 52
2092.084,13,56,1,0,100,47, 53
2092.45,13,56,0,8,100,55, 45
2093.351,13,56,0,1,100,56, 44
2095.784,13,56,0,1,100,57, 43
2097.384,13,56,0,5,100,62, 38
2098.4,13,56,0,1,100,63, 37
2100.834,13,56,0,3,100,66, 34
2102.867,13,56,0,4,100,70, 30
2103.717,13,56,0,3,100,73, 27
2104.65,13,56,1,0,100,74, 26
2107.617,13,57,0,0,0,0,200
2112.034,13,57,0,44,44,0, 156
2112.967,13,57,0,11,55,0, 145
2117.167,13,57,0,43,98,0, 102
2118.384,13,57,0,2,100,0, 100
2119.051,13,57,0,2,102,0, 98
2120.7,13,57,0,1,103,0, 97
2122.65,13,57,0,2,105,0, 95
2125.65,13,57,0,5,110,0, 90
2129.851,13,57,0,4,106,4, 90
2130.4,13,57,0,1,105,5, 90
2131.584,13,57,0,3,105,8, 87
2132.634,13,57,0,3,105,11, 84
2134.734,13,57,0,11,105,22, 73
2136.234,13,57,0,7,105,29, 66
2137.934,13,57,0,21,105,50, 45
2140.034,13,57,0,6,105,56, 39
2141.534,13,57,0,3,105,59, 36
2142.784,13,57,0,1,105,60, 35
2144.801,13,57,0,15,105,75, 20
2145.4,13,57,0,1,105,76, 19
2146.7,13,57,0,1,105,77, 18
2147.35,13,57,0,1,105,78, 17
2149.2,13,57,0,1,105,79, 16
2154.034,13,58,0,0,0,0,200
2161.134,13,58,0,87,87,0, 113
2163.45,13,58,0,16,103,0, 97
2167.8,13,58,0,33,103,33, 64
2168.717,13,58,0,5,103,38, 59
2170.2,13,58,0,2,103,40, 57
2173.35,13,58,0,4,103,44, 53
2173.95,13,58,0,1,103,45, 52
2175.417,13,58,0,2,103,47, 50
2176.684,13,58,0,8,103,55, 42
2177.75,13,58,0,1,103,56, 41
2179.1,13,58,0,8,103,64, 33
2180.567,13,58,0,3,103,67, 30
2182.617,13,58,0,1,103,68, 29
2184,13,58,0,3,103,71, 26
2185.067,13,58,0,5,103,76, 21
2187.15,13,58,0,5,103,81, 16
2193.834,13,58,0,1,104,81, 15
2194.517,13,58,0,1,105,81, 14
2198.05,13,58,0,1,106,81, 13
2200.9,13,58,0,2,108,81, 11
2202.584,13,59,0,0,0,0,200
2216.734,13,59,0,90,90,0, 110
2218.6,13,59,0,2,92,0, 108
2220.667,13,59,0,4,96,0, 104
2221.467,13,59,0,1,97,0, 103
2225.067,13,59,1,0,98,0, 102
2225.434,13,59,0,1,99,0, 101
2227.417,13,59,0,2,101,0, 99
2230.534,13,59,0,43,101,43, 56
2232.084,13,59,0,12,101,55, 44
2232.7,13,59,0,1,101,56, 43
2234.117,13,59,0,1,101,57, 42
2236.25,13,59,0,1,101,58, 41
2240.184,13,59,0,9,101,67, 32
2241.45,13,59,0,3,101,70, 29
2243.084,13,59,0,9,101,79, 20
2244.217,13,59,0,6,101,85, 14
2245.867,13,59,0,3,101,88, 11
2247,13,59,1,0,101,87, 12
2247.4,13,59,0,2,101,89, 10
2248.984,13,59,0,1,101,90, 9
2251.5,13,59,0,1,101,91, 8
2257.017,13,60,0,0,0,0,200
2265.75,13,60,0,98,0,98, 102
2270.717,13,60,0,1,0,99, 101
2273.35,13,60,0,6,0,105, 95
2275.367,13,60,0,1,0,106, 94
2276.7,13,60,0,2,0,108, 92
2277.567,13,60,0,1,0,109, 91
2279.984,13,60,0,3,0,112, 88
2281.35,13,60,0,8,0,120, 80
2285.667,13,60,0,1,0,121, 79
2288.434,13,60,0,9,9,121, 70
2289.984,13,60,0,5,14,121, 65
2291.384,13,60,0,1,15,121, 64
2292.267,13,60,0,2,17,121, 62
2294.033,13,60,0,1,18,121, 61
2297.5,13,60,0,14,32,121, 47
2298.3,13,60,0,2,34,121, 45
2300.45,13,60,0,19,53,121, 26
2302.934,13,60,0,11,64,121, 15
2307.634,13,60,0,1,65,121, 14
2310.033,13,60,0,1,65,122, 13
2312.134,13,60,0,1,64,123, 13
2314.983,13,61,0,0,0,0,200
2323.784,13,61,0,94,94,0, 106
2325.65,13,61,0,6,100,0, 100
2329.317,13,61,0,44,100,44, 56
2332.417,13,61,0,27,100,71, 29
2334,13,61,0,3,100,74, 26
2335.1,13,61,0,2,100,76, 24
2337.017,13,61,0,10,100,86, 14
2338.65,13,61,0,8,100,94, 6
2339.75,13,61,0,1,100,95, 5
2342.733,13,61,0,2,100,97, 3
2347.233,13,62,0,0,0,0,200
2352.134,13,62,0,55,55,0, 145
2353.967,13,62,0,26,81,0, 119
2356.167,13,62,0,5,86,0, 114
2357.467,13,62,0,4,90,0, 110
2358.217,13,62,0,1,91,0, 109
2362.533,13,62,0,1,92,0, 108
2363.167,13,62,0,1,93,0, 107
2364.85,13,62,0,2,95,0, 105
2366.733,13,62,0,1,96,0, 104
2367.717,13,62,0,1,97,0, 103
2368.8,13,62,0,1,98,0, 102
2369.433,13,62,0,1,99,0, 101
2370.783,13,62,0,1,100,0, 100
2371.3,13,62,0,1,101,0, 99
2374.167,13,62,0,1,102,0, 98
2376.983,13,62,0,39,102,39, 59
2378,13,62,0,2,102,41, 57
2379.233,13,62,0,21,102,62, 36
2381.283,13,62,0,13,102,75, 23
2382.417,13,62,1,0,102,74, 24
2382.967,13,62,0,7,102,81, 17
2383.65,13,62,0,1,102,82, 16
2384.884,13,62,1,0,102,81, 17
2385.467,13,62,0,8,102,89, 9
2386.567,13,62,0,3,102,92, 6
2387.483,13,62,0,1,102,93, 5
2388.783,13,62,0,1,102,94, 4
2401.9,13,63,0,0,0,0,200
2413.117,13,63,0,57,57,0, 143
2417.517,13,63,0,36,93,0, 107
2418.8,13,63,0,11,104,0, 96
2420.1,13,63,0,1,105,0, 95
2425.383,13,63,0,45,105,45, 50
2426.533,13,63,1,0,105,44, 51
2427.217,13,63,0,20,104,64, 32
2428.717,13,63,0,5,104,69, 27
2430.067,13,63,0,3,104,72, 24
2432.15,13,63,0,4,104,76, 20
2433.2,13,63,0,1,104,77, 19
2434.433,13,63,0,2,104,79, 17
2437.15,13,63,0,7,102,86, 12
2438.4,13,63,0,1,102,87, 11
2439.083,13,63,0,1,102,88, 10
2443.5,13,64,0,0,0,0,200
2458.283,13,64,0,92,0,92, 108
2459.55,13,64,0,2,0,94, 106
2464.5,13,64,1,0,1,94, 105
2465.333,13,64,0,48,49,94, 57
2466.367,13,64,1,0,50,94, 56
2467.15,13,64,0,6,56,94, 50
2468.333,13,64,0,4,60,94, 46
2469.283,13,64,1,0,59,95, 46
2472.15,13,64,1,0,60,94, 46
2472.75,13,64,1,0,59,95, 46
2473.917,13,64,1,0,60,94, 46
2475.7,13,64,0,10,70,94, 36
2477.783,13,64,0,5,75,94, 31
2479.45,13,64,0,6,81,94, 25
2481.683,13,64,0,5,86,94, 20
2483.617,13,64,0,1,87,94, 19
2486.683,13,64,0,1,88,94, 18
2488.117,13,64,0,1,89,94, 17
2488.8,13,64,1,0,90,94, 16
2492.2,13,64,0,2,90,96, 14
2495.067,13,65,0,0,0,0,200
2504.9,13,65,0,95,95,0, 105
2507.95,13,65,0,12,107,0, 93
2512.817,13,65,0,13,107,13, 80
2514.6,13,65,0,28,107,41, 52
2515.917,13,65,0,2,107,43, 50
2517.15,13,65,1,0,107,42, 51
2517.65,13,65,0,16,107,58, 35
2519.15,13,65,0,3,107,61, 32
2520.367,13,65,0,3,107,64, 29
2521.25,13,65,0,1,107,65, 28
2523.55,13,65,0,5,107,70, 23
2526.25,13,65,0,4,107,74, 19
2528.883,13,65,0,1,107,75, 18
2530.567,13,65,0,2,107,77, 16
2662.433,13,66,0,0,0,0,200
2670.05,13,66,0,84,84,0, 116
2672.4,13,66,0,27,111,0, 89
2677.316,13,66,0,49,111,49, 40
2679.116,13,66,1,0,111,48, 41
2679.7,13,66,0,25,111,73, 16
2680.816,13,66,0,1,111,74, 15
2682.3,13,66,0,6,111,80, 9
2683.1,13,66,0,1,111,81, 8
2684.266,13,66,1,0,111,82, 7
2684.566,13,66,0,1,111,83, 6
2686.433,13,66,0,1,111,84, 5
2689.6,13,66,0,2,113,84, 3
2690.716,13,66,0,1,114,84, 2
2694.166,13,67,0,0,0,0,200
2700.083,13,67,0,32,0,32, 168
2701.1,13,67,1,0,0,31, 169
2701.7,13,67,0,7,0,38, 162
2702.616,13,67,0,1,0,39, 161
2703.9,13,67,1,0,0,40, 160
2704.45,13,67,0,26,0,66, 134
2705.366,13,67,0,2,0,68, 132
2706.699,13,67,0,7,0,75, 125
2707.633,13,67,0,1,0,76, 124
2710.816,13,67,0,71,71,76, 53
2711.066,13,67,1,0,70,77, 53
2711.75,13,67,0,2,72,76, 52
2712.716,13,67,0,5,77,76, 47
2715.533,13,67,0,15,92,76, 32
2716.583,13,67,0,14,106,76, 18
2718.266,13,67,0,1,107,76, 17
2719.05,13,67,0,2,109,76, 15
2720.916,13,67,0,2,111,76, 13
2723.983,13,67,0,1,112,76, 12
2726.583,13,67,0,7,112,83, 5
2728.616,13,67,0,2,112,85, 3
2732.85,13,68,0,0,0,0,200
2738.166,13,68,0,99,99,0, 101
2740.55,13,68,0,6,105,0, 95
2742.45,13,68,0,2,107,0, 93
2744.766,13,68,0,3,110,0, 90
2747.416,13,68,0,2,110,2, 88
2748.25,13,68,0,1,110,3, 87
2750.616,13,68,0,1,110,4, 86
2751.366,13,68,0,3,109,7, 84
2752.516,13,68,0,1,108,8, 84
2753.983,13,68,0,6,108,14, 78
2755.433,13,68,0,5,108,19, 73
2756.8,13,68,0,7,108,26, 66
2758.35,13,68,0,10,108,36, 56
2759.65,13,68,0,9,108,45, 47
2760.583,13,68,0,2,108,47, 45
2761.983,13,68,0,6,108,53, 39
2765.283,13,68,0,3,108,56, 36
2766.133,13,68,0,1,108,57, 35
2767.5,13,68,0,2,108,59, 33
2770.449,13,68,0,4,108,63, 29
2771.733,13,68,0,3,108,66, 26
2774.25,13,68,0,7,108,73, 19
2775.699,13,68,0,4,108,77, 15
2777.55,13,68,0,6,108,83, 9
2782.933,13,69,0,0,0,0,200
2789.35,13,69,0,73,73,0, 127
2791.1,13,69,0,1,74,0, 126
2792.8,13,69,0,2,76,0, 124
2793.783,13,69,0,1,77,0, 123
2794.699,13,69,0,3,80,0, 120
2796.916,13,69,0,6,86,0, 114
2798.449,13,69,0,2,88,0, 112
2799.666,13,69,0,1,89,0, 111
2800.933,13,69,0,4,93,0, 107
2803,13,69,0,2,95,0, 105
2807.133,13,69,0,1,96,0, 104
2809.75,13,69,0,44,96,44, 60
2811.333,13,69,0,5,96,49, 55
2813.233,13,69,0,40,96,89, 15
2815.899,13,69,0,9,96,98, 6
2816.716,13,69,0,2,96,100, 4
2819.949,13,70,0,0,0,0,200
2824.6,13,70,0,42,42,0, 158
2826.533,13,70,0,17,59,0, 141
2827.149,13,70,0,1,60,0, 140
2828.833,13,70,0,15,75,0, 125
2829.3,13,70,1,0,74,1, 125
2829.866,13,70,0,8,82,0, 118
2831.449,13,70,0,1,83,0, 117
2833.533,13,70,0,10,93,0, 107
2834.483,13,70,0,1,94,0, 106
2840.016,13,70,0,1,95,0, 105
2843.25,13,70,0,72,95,72, 33
2845.8,13,70,0,2,95,74, 31
2847.75,13,70,0,7,95,81, 24
2850.549,13,70,0,20,95,101, 4
2854.116,13,70,0,2,97,101, 2
2859.516,13,71,0,0,0,0,200
2864.833,13,71,0,29,29,0, 171
2865.799,13,71,1,0,28,1, 171
2866.599,13,71,0,9,37,1, 162
2867.516,13,71,0,1,38,0, 162
2868.483,13,71,1,0,39,0, 161
2868.949,13,71,0,1,40,0, 160
2869.716,13,71,0,2,42,0, 158
2871.583,13,71,0,1,43,0, 157
2874.533,13,71,1,0,44,0, 156
2874.983,13,71,0,3,47,0, 153
2875.883,13,71,0,1,48,0, 152
2879.483,13,71,0,54,48,54, 98
2880.816,13,71,0,9,48,63, 89
2881.216,13,71,1,0,48,62, 90
2881.683,13,71,0,1,48,63, 89
2882.666,13,71,0,4,48,67, 85
2884.099,13,71,0,7,48,74, 78
2885.883,13,71,0,6,48,80, 72
2887.366,13,71,0,3,48,83, 69
2891.483,13,71,0,9,57,83, 60
2893.649,13,71,0,5,62,83, 55
2896.349,13,71,0,4,66,83, 51
2897.733,13,71,0,4,70,83, 47
2898.883,13,71,0,1,71,83, 46
2903.233,13,71,0,5,76,83, 41
2904.166,13,71,1,0,77,83, 40
2904.533,13,71,0,4,81,83, 36
2905.549,13,71,1,0,80,84, 36
2905.833,13,71,0,2,82,83, 35
2906.516,13,71,0,1,83,83, 34
2912.183,13,71,0,9,83,92, 25
2914.416,13,71,0,9,83,101, 16
2915.633,13,71,0,1,83,102, 15
2917.266,13,71,0,2,83,104, 13
2918.633,13,71,0,2,83,106, 11
2920.749,13,71,0,1,83,107, 10
2923.216,13,71,0,1,83,108, 9
2927.966,13,72,0,0,0,0,200
2932.333,13,72,0,51,51,0, 149
2933.383,13,72,1,0,52,0, 148
2933.899,13,72,0,5,57,0, 143
2937.066,13,72,0,25,82,0, 118
2938.183,13,72,0,3,85,0, 115
2940.066,13,72,0,1,86,0, 114
2940.949,13,72,0,1,87,0, 113
2943.749,13,72,0,2,89,0, 111
2947.533,13,72,0,93,89,93, 18
2948.716,13,72,0,2,89,95, 16
2950.349,13,72,0,3,89,98, 13
2951.516,13,72,0,4,89,102, 9
2954.316,13,72,1,0,90,102, 8
2954.633,13,72,0,2,92,102, 6
2955.583,13,72,0,1,93,102, 5
46.13667,14,1,0,0,0,0,200
63.08667,14,1,1,0,1,0, 199
68.1533,14,1,1,0,2,0, 198
70.95332,14,1,1,0,3,0, 197
73.31995,14,1,1,0,2,1, 197
82.65328,14,1,1,0,3,1, 196
82.91999,14,1,1,0,2,2, 196
85.78663,14,1,1,0,3,2, 195
85.96997,14,1,1,0,2,3, 195
87.28664,14,1,1,0,3,3, 194
87.45328,14,1,1,0,2,4, 194
89.33657,14,1,1,0,3,4, 193
89.53664,14,1,1,0,2,5, 193
90.80327,14,1,1,0,3,5, 192
90.98663,14,1,1,0,2,6, 192
94.95328,14,1,1,0,3,6, 191
95.13655,14,1,1,0,2,7, 191
127.7866,14,1,1,0,3,7, 190
128.2032,14,1,1,0,2,8, 190
128.9532,14,1,1,0,3,8, 189
129.1366,14,1,1,0,2,9, 189
130.0033,14,1,1,0,3,9, 188
130.1532,14,1,1,0,2,10, 188
130.9366,14,1,1,0,3,10, 187
131.1366,14,1,1,0,2,11, 187
131.8032,14,1,1,0,3,11, 186
132.1866,14,1,1,0,2,12, 186
132.7532,14,1,1,0,3,12, 185
132.9366,14,1,1,0,2,13, 185
135.4199,14,1,1,0,2,14, 184
136.0032,14,1,1,0,2,15, 183
136.7032,14,1,1,0,2,16, 182
137.1699,14,1,1,0,2,17, 181
139.9032,14,1,1,0,2,18, 180
140.3032,14,1,1,0,2,19, 179
140.8033,14,1,1,0,2,20, 178
141.4866,14,1,1,0,2,21, 177
141.9865,14,1,1,0,2,22, 176
142.3366,14,1,1,0,2,23, 175
142.7032,14,1,1,0,2,24, 174
143.0366,14,1,1,0,2,25, 173
143.3699,14,1,1,0,2,26, 172
143.6699,14,1,1,0,2,27, 171
144.0199,14,1,1,0,2,28, 170
144.4032,14,1,1,0,2,29, 169
144.8199,14,1,1,0,2,30, 168
148.1532,14,1,1,0,2,31, 167
148.5032,14,1,1,0,2,32, 166
149.0365,14,1,1,0,2,33, 165
149.5199,14,1,1,0,2,32, 166
149.9866,14,1,1,0,2,33, 165
150.6199,14,1,1,0,2,32, 166
151.1532,14,1,1,0,2,33, 165
151.8866,14,1,1,0,2,34, 164
152.5699,14,1,1,0,2,35, 163
153.2532,14,1,1,0,2,36, 162
153.9366,14,1,1,0,2,37, 161
154.3699,14,1,1,0,2,38, 160
154.9532,14,1,1,0,2,39, 159
155.2699,14,1,1,0,2,40, 158
155.8865,14,1,1,0,2,41, 157
156.2032,14,1,1,0,2,42, 156
156.5532,14,1,1,0,2,43, 155
157.2866,14,1,1,0,2,44, 154
158.3199,14,1,1,0,2,45, 153
159.2366,14,1,1,0,2,46, 152
162.1865,14,1,1,0,2,47, 151
162.6698,14,1,1,0,2,48, 150
162.9698,14,1,1,0,2,49, 149
163.4032,14,1,1,0,2,50, 148
163.9032,14,1,1,0,2,51, 147
164.3365,14,1,1,0,2,52, 146
164.6532,14,1,1,0,2,53, 145
165.4866,14,1,1,0,2,54, 144
166.8532,14,1,1,0,2,55, 143
167.4698,14,1,1,0,2,56, 142
167.9699,14,1,1,0,2,57, 141
170.8365,14,1,1,0,2,58, 140
171.1865,14,1,1,0,2,59, 139
172.0865,14,1,1,0,2,58, 140
172.7533,14,1,1,0,2,57, 141
173.2532,14,1,1,0,2,58, 140
173.8199,14,1,1,0,2,59, 139
175.0699,14,1,1,0,2,60, 138
175.6365,14,1,1,0,2,61, 137
178.3199,14,1,1,0,2,62, 136
178.8365,14,1,1,0,2,63, 135
179.3365,14,1,1,0,2,64, 134
179.7365,14,1,1,0,2,65, 133
180.3699,14,1,1,0,2,66, 132
180.8532,14,1,1,0,2,67, 131
187.6532,14,1,1,0,2,68, 130
188.3365,14,1,1,0,2,69, 129
188.9532,14,1,1,0,2,70, 128
189.4365,14,1,1,0,2,71, 127
190.0198,14,1,1,0,2,72, 126
190.4032,14,1,1,0,2,73, 125
191.0698,14,1,1,0,2,74, 124
191.8532,14,1,1,0,2,75, 123
192.2199,14,1,1,0,2,76, 122
192.5699,14,1,1,0,2,77, 121
193.0365,14,1,1,0,2,78, 120
193.7699,14,1,1,0,2,79, 119
196.7032,14,1,1,0,2,80, 118
197.4532,14,1,1,0,2,81, 117
202.4698,14,1,1,0,2,82, 116
203.1531,14,1,1,0,2,83, 115
203.9865,14,1,1,0,2,82, 116
204.4032,14,1,1,0,2,83, 115
204.7865,14,1,1,0,2,84, 114
205.2365,14,1,1,0,2,85, 113
205.7032,14,1,1,0,2,86, 112
206.0865,14,1,1,0,2,85, 113
206.5865,14,1,1,0,2,86, 112
206.9698,14,1,1,0,2,87, 111
207.3531,14,1,1,0,2,88, 110
208.0031,14,1,1,0,2,89, 109
208.4031,14,1,1,0,2,90, 108
208.8865,14,1,1,0,2,91, 107
214.8698,14,1,1,0,2,92, 106
217.4865,14,1,1,0,2,93, 105
218.0365,14,1,1,0,2,94, 104
222.0031,14,1,1,0,2,95, 103
222.4865,14,1,1,0,2,96, 102
223.1532,14,1,1,0,2,97, 101
223.8531,14,1,1,0,2,98, 100
224.3531,14,1,1,0,2,99, 99
225.4531,14,1,1,0,2,100, 98
228.5531,14,1,1,0,2,101, 97
228.9365,14,1,1,0,2,102, 96
229.7865,14,1,1,0,2,103, 95
230.1531,14,1,1,0,2,104, 94
230.8031,14,1,1,0,2,105, 93
238.0198,14,1,1,0,1,106, 93
239.1531,14,1,1,0,1,105, 94
240.3531,14,1,1,0,0,106, 94
240.8364,14,1,1,0,0,105, 95
247.0198,14,2,0,0,0,0,200
262.6698,14,2,1,0,1,0, 199
263.553,14,2,1,0,2,0, 198
264.9531,14,2,1,0,3,0, 197
265.6031,14,2,1,0,4,0, 196
266.3531,14,2,1,0,5,0, 195
267.5031,14,2,1,0,6,0, 194
268.2698,14,2,1,0,7,0, 193
268.7531,14,2,1,0,8,0, 192
269.7198,14,2,1,0,9,0, 191
270.2031,14,2,1,0,8,1, 191
270.7531,14,2,1,0,9,1, 190
271.7364,14,2,1,0,10,0, 190
272.6864,14,2,1,0,11,0, 189
273.3531,14,2,1,0,12,0, 188
275.0864,14,2,1,0,13,0, 187
275.6697,14,2,1,0,14,0, 186
276.503,14,2,1,0,15,0, 185
277.3531,14,2,1,0,16,0, 184
278.0364,14,2,1,0,17,0, 183
278.8031,14,2,1,0,18,0, 182
279.6364,14,2,1,0,19,0, 181
280.4031,14,2,1,0,20,0, 180
281.7531,14,2,1,0,21,0, 179
282.3364,14,2,1,0,20,1, 179
282.8864,14,2,1,0,21,0, 179
283.8197,14,2,1,0,22,0, 178
284.7531,14,2,1,0,23,0, 177
285.3698,14,2,1,0,24,0, 176
285.9531,14,2,1,0,25,0, 175
286.9364,14,2,1,0,24,1, 175
287.5531,14,2,1,0,25,0, 175
288.0198,14,2,1,0,26,0, 174
288.9531,14,2,1,0,27,0, 173
289.8364,14,2,1,0,28,0, 172
290.5864,14,2,1,0,29,0, 171
291.2697,14,2,1,0,30,0, 170
291.9864,14,2,1,0,31,0, 169
292.4197,14,2,1,0,32,0, 168
293.1697,14,2,1,0,33,0, 167
293.9363,14,2,1,0,34,0, 166
294.9197,14,2,1,0,35,0, 165
295.6364,14,2,1,0,36,0, 164
301.903,14,2,0,62,98,0, 102
304.0364,14,2,1,0,99,0, 101
311.103,14,3,0,0,0,0,200
332.153,14,3,0,103,103,0, 97
339.7364,14,3,1,0,104,0, 96
350.6363,14,4,0,0,0,0,200
391.7196,14,4,0,44,0,44, 156
394.8196,14,4,1,0,0,45, 155
395.8696,14,4,1,0,0,46, 154
403.1363,14,4,0,31,0,77, 123
405.9196,14,4,0,9,0,86, 114
410.8196,14,4,1,0,0,87, 113
411.5029,14,4,1,0,0,88, 112
412.1696,14,4,1,0,0,89, 111
412.8363,14,4,1,0,0,90, 110
413.3529,14,4,1,0,0,91, 109
413.9696,14,4,1,0,0,92, 108
414.7363,14,4,1,0,0,93, 107
415.1363,14,4,1,0,0,94, 106
416.303,14,4,1,0,0,95, 105
416.6863,14,4,1,0,0,96, 104
417.0863,14,4,1,0,0,97, 103
418.7363,14,4,1,0,0,98, 102
420.9529,14,4,1,0,0,99, 101
421.8029,14,4,1,0,0,100, 100
423.6195,14,4,1,0,0,101, 99
426.6029,14,5,0,0,0,0,200
447.4195,14,5,0,99,99,0, 101
453.2696,14,6,0,0,0,0,200
481.3528,14,6,0,54,0,54, 146
487.4528,14,6,0,39,0,93, 107
489.6695,14,6,1,0,0,94, 106
490.6862,14,6,1,0,0,95, 105
491.4861,14,6,1,0,0,96, 104
491.8694,14,6,1,0,0,97, 103
493.0195,14,6,1,0,0,98, 102
494.0862,14,6,1,0,0,99, 101
498.5528,14,6,1,0,0,100, 100
501.3861,14,7,0,0,0,0,200
550.8694,14,7,0,97,97,0, 103
557.7028,14,7,1,0,98,0, 102
558.2693,14,7,1,0,99,0, 101
559.4861,14,7,1,0,100,0, 100
560.0027,14,7,1,0,101,0, 99
560.5861,14,7,1,0,102,0, 98
561.1194,14,7,1,0,103,0, 97
562.2028,14,7,1,0,104,0, 96
563.2361,14,7,1,0,105,0, 95
580.3527,14,7,1,0,106,0, 94
582.3527,14,8,0,0,0,0,200
606.936,14,8,0,78,0,78, 122
610.1194,14,8,0,1,0,79, 121
612.6694,14,8,0,20,0,99, 101
616.7693,14,9,0,0,0,0,200
657.336,14,9,0,99,0,99, 101
659.786,14,9,1,0,0,100, 100
660.3526,14,9,1,0,0,101, 99
661.1193,14,9,1,0,0,100, 100
663.136,14,9,1,0,0,101, 99
668.5526,14,9,1,0,0,102, 98
669.186,14,9,1,0,0,103, 97
671.4026,14,10,0,0,0,0,200
710.3693,14,10,0,68,0,68, 132
713.4692,14,10,0,6,0,74, 126
716.6526,14,10,0,21,0,95, 105
718.2859,14,10,1,0,0,96, 104
719.0026,14,10,1,0,0,97, 103
719.4359,14,10,1,0,0,98, 102
719.9526,14,10,1,0,0,99, 101
724.1526,14,10,1,0,0,98, 102
724.9193,14,10,0,4,0,102, 98
725.6526,14,10,1,0,0,101, 99
726.3526,14,10,0,1,0,102, 98
728.836,14,10,0,3,0,105, 95
730.7692,14,10,0,6,0,111, 89
736.8525,14,11,0,0,0,0,200
763.0025,14,11,0,84,84,0, 116
764.7525,14,11,0,5,89,0, 111
767.2525,14,11,0,7,96,0, 104
768.2859,14,11,1,0,97,0, 103
768.6692,14,11,1,0,98,0, 102
769.0858,14,11,1,0,99,0, 101
769.8692,14,11,1,0,100,0, 100
773.0692,14,11,1,0,101,0, 99
773.8692,14,11,1,0,102,0, 98
778.1192,14,11,1,0,103,0, 97
779.8024,14,11,1,0,102,1, 97
780.9858,14,11,1,0,103,0, 97
782.0025,14,11,1,0,102,1, 97
782.5026,14,11,1,0,103,0, 97
785.3025,14,11,1,0,102,0, 98
790.4692,14,11,1,0,103,0, 97
794.0191,14,11,1,0,104,0, 96
805.3358,14,12,0,0,0,0,200
833.9358,14,12,0,99,99,0, 101
838.5524,14,12,1,0,100,0, 100
841.1858,14,12,1,0,99,1, 100
842.6191,14,12,1,0,100,0, 100
845.2858,14,12,1,0,99,0, 101
851.9857,14,12,1,0,100,0, 100
854.6857,14,12,1,0,101,0, 99
856.9357,14,13,0,0,0,0,200
881.019,14,13,0,93,93,0, 107
882.519,14,13,1,0,94,0, 106
888.2357,14,13,1,0,95,0, 105
888.9024,14,13,1,0,96,0, 104
889.5023,14,13,1,0,97,0, 103
890.1357,14,13,1,0,98,0, 102
890.719,14,13,1,0,99,0, 101
891.269,14,13,1,0,100,0, 100
891.9191,14,13,1,0,101,0, 99
892.5524,14,13,1,0,102,0, 98
895.2023,14,13,1,0,103,0, 97
898.019,14,13,1,0,104,0, 96
900.6523,14,13,1,0,105,0, 95
903.019,14,14,0,0,0,0,200
978.5856,14,14,0,2,0,2, 198
981.4023,14,14,0,41,0,43, 157
983.4689,14,14,0,26,0,69, 131
984.5356,14,14,1,0,0,70, 130
985.0856,14,14,1,0,0,71, 129
985.6356,14,14,1,0,0,72, 128
986.2356,14,14,1,0,0,73, 127
986.6689,14,14,1,0,0,74, 126
987.4523,14,14,1,0,0,75, 125
988.3356,14,14,1,0,0,76, 124
988.7356,14,14,1,0,0,77, 123
989.2022,14,14,1,0,0,78, 122
989.8356,14,14,1,0,0,79, 121
990.9023,14,14,0,5,0,84, 116
991.819,14,14,1,0,0,85, 115
993.4856,14,14,1,0,0,84, 116
994.9689,14,14,1,0,0,85, 115
996.8356,14,14,1,0,0,86, 114
1000.286,14,14,1,0,0,87, 113
1002.852,14,14,1,0,0,88, 112
1009.952,14,14,1,0,0,87, 113
1011.019,14,14,1,0,0,86, 114
1014.769,14,15,0,0,0,0,200
1048.252,14,15,0,100,0,100, 100
1050.286,14,15,1,0,0,101, 99
1050.736,14,15,1,0,0,102, 98
1055.385,14,15,1,0,0,101, 99
1057.102,14,15,1,0,0,102, 98
1061.336,14,15,1,0,0,101, 99
1063.319,14,15,1,0,0,102, 98
1068.235,14,15,1,0,0,101, 99
1069.819,14,15,1,0,0,100, 100
1072.102,14,16,0,0,0,0,200
1092.019,14,16,0,98,0,98, 102
1093.552,14,16,1,0,0,99, 101
1093.985,14,16,1,0,0,100, 100
1097.369,14,16,1,0,0,99, 101
1100.469,14,16,1,0,0,100, 100
1102.419,14,16,1,0,0,99, 101
1108.786,14,17,0,0,0,0,200
1137.102,14,17,0,84,84,0, 116
1139.719,14,17,0,16,100,0, 100
1151.752,14,17,1,0,101,0, 99
1155.752,14,18,0,0,0,0,200
1181.769,14,18,1,0,1,0, 199
1182.885,14,18,0,62,63,0, 137
1185.869,14,18,0,25,88,0, 112
1188.569,14,18,1,0,89,0, 111
1188.935,14,18,1,0,90,0, 110
1189.902,14,18,1,0,91,0, 109
1190.385,14,18,1,0,92,0, 108
1190.819,14,18,1,0,93,0, 107
1191.302,14,18,0,1,94,0, 106
1192.002,14,18,1,0,95,0, 105
1192.935,14,18,1,0,96,0, 104
1194.485,14,18,1,0,97,0, 103
1195.252,14,18,1,0,98,0, 102
1196.919,14,18,1,0,99,0, 101
1197.869,14,18,1,0,100,0, 100
1219.302,14,19,0,0,0,0,200
1244.085,14,19,0,98,0,98, 102
1245.185,14,19,1,0,0,99, 101
1249.935,14,19,1,0,0,100, 100
1253.302,14,20,0,0,0,0,200
1261.452,14,20,0,80,80,0, 120
1263.719,14,20,0,17,97,0, 103
1265.052,14,20,1,0,98,0, 102
1266.802,14,20,1,0,99,0, 101
1268.019,14,20,1,0,100,0, 100
1270.652,14,21,0,0,0,0,200
1280.685,14,21,0,97,97,0, 103
1281.452,14,21,1,0,98,0, 102
1282.352,14,21,1,0,99,0, 101
1282.802,14,21,1,0,100,0, 100
1283.719,14,21,1,0,101,0, 99
1285.869,14,21,1,0,102,0, 98
1294.785,14,22,0,0,0,0,200
1331.052,14,22,0,93,93,0, 107
1333.269,14,22,1,0,94,0, 106
1334.235,14,22,1,0,95,0, 105
1336.852,14,23,0,0,0,0,200
1342.702,14,23,0,97,97,0, 103
1351.002,14,23,1,0,98,0, 102
1351.919,14,23,1,0,99,0, 101
1352.435,14,23,1,0,100,0, 100
1353.935,14,23,1,0,99,1, 100
1354.902,14,23,1,0,100,0, 100
1358.919,14,23,1,0,99,0, 101
1361.835,14,23,1,0,100,0, 100
1365.402,14,24,0,0,0,0,200
1379.335,14,24,0,96,0,96, 104
1386.619,14,24,0,8,0,104, 96
1387.702,14,24,1,0,0,105, 95
1392.869,14,24,1,0,0,104, 96
1393.418,14,24,1,0,0,105, 95
1397.502,14,24,1,0,0,106, 94
1401.152,14,25,0,0,0,0,200
1405.402,14,25,0,101,101,0, 99
1410.502,14,25,1,0,102,0, 98
1412.885,14,26,0,0,0,0,200
1419.552,14,26,0,100,100,0, 100
1423.402,14,27,0,0,0,0,200
1427.969,14,27,0,100,100,0, 100
1430.752,14,28,0,0,0,0,200
1437.535,14,28,0,80,80,0, 120
1446.952,14,28,0,4,84,0, 116
1452.485,14,28,0,1,85,0, 115
1455.635,14,28,0,3,88,0, 112
1459.752,14,28,1,0,89,0, 111
1460.685,14,28,1,0,90,0, 110
1461.268,14,28,1,0,91,0, 109
1463.768,14,28,1,0,92,0, 108
1464.385,14,28,1,0,93,0, 107
1468.168,14,29,0,0,0,0,200
1472.202,14,29,0,97,97,0, 103
1477.752,14,29,1,0,98,0, 102
1480.702,14,29,1,0,99,0, 101
1485.752,14,29,1,0,100,0, 100
1487.468,14,29,1,0,101,0, 99
1506.468,14,30,0,0,0,0,200
1517.018,14,30,0,99,99,0, 101
1518.252,14,30,1,0,100,0, 100
1519.152,14,30,1,0,101,0, 99
1527.602,14,30,1,0,100,1, 99
1528.435,14,30,1,0,101,0, 99
1534.402,14,30,1,0,100,0, 100
1535.052,14,30,1,0,99,0, 101
1536.802,14,30,1,0,98,0, 102
1538.135,14,30,1,0,97,0, 103
1542.668,14,30,1,0,98,0, 102
1546.885,14,30,1,0,99,0, 101
1549.752,14,31,0,0,0,0,200
1555.235,14,31,0,40,40,0, 160
1557.102,14,31,0,47,87,0, 113
1558.968,14,31,0,6,93,0, 107
1561.818,14,31,1,0,94,0, 106
1562.435,14,31,1,0,95,0, 105
1563.452,14,31,1,0,96,0, 104
1566.585,14,31,1,0,97,0, 103
1568.735,14,31,1,0,98,0, 102
1569.885,14,31,1,0,99,0, 101
1572.902,14,31,1,0,100,0, 100
1574.402,14,31,1,0,101,0, 99
1576.302,14,31,1,0,102,0, 98
1578.118,14,31,1,0,103,0, 97
1580.402,14,32,0,0,0,0,200
1585.635,14,32,0,97,97,0, 103
1588.702,14,32,1,0,98,0, 102
1590.902,14,32,1,0,99,0, 101
1591.518,14,32,1,0,100,0, 100
1596.135,14,32,1,0,101,0, 99
1598.552,14,32,1,0,102,0, 98
1601.552,14,33,0,0,0,0,200
1605.885,14,33,0,103,103,0, 97
1607.151,14,33,1,0,104,0, 96
1609.535,14,33,1,0,105,0, 95
1610.618,14,33,1,0,106,0, 94
1616.135,14,34,0,0,0,0,200
1621.668,14,34,0,99,99,0, 101
1623.468,14,34,1,0,100,0, 100
1624.335,14,34,1,0,101,0, 99
1627.752,14,34,1,0,100,1, 99
1628.335,14,34,1,0,101,0, 99
1632.151,14,34,1,0,100,0, 100
1634.218,14,34,1,0,101,0, 99
1638.085,14,35,0,0,0,0,200
1647.851,14,35,0,43,0,43, 157
1649.968,14,35,0,35,0,78, 122
1652.168,14,35,0,11,0,89, 111
1653.335,14,35,1,0,0,90, 110
1655.318,14,35,1,0,0,91, 109
1655.952,14,35,1,0,0,92, 108
1657.018,14,35,0,2,0,94, 106
1658.251,14,35,1,0,0,95, 105
1660.485,14,35,1,0,0,96, 104
1668.768,14,35,0,4,0,100, 100
1670.302,14,35,0,2,0,102, 98
1671.135,14,35,1,0,0,103, 97
1675.918,14,35,1,0,0,104, 96
1676.452,14,35,1,0,0,105, 95
1676.935,14,35,1,0,0,106, 94
1682.918,14,35,1,0,0,105, 95
1683.751,14,35,1,0,0,104, 96
1684.302,14,35,1,0,0,105, 95
1686.218,14,35,1,0,0,104, 96
1687.918,14,36,0,0,0,0,200
1700.951,14,36,0,97,97,0, 103
1706.668,14,36,0,2,99,0, 101
1708.501,14,36,0,1,100,0, 100
1710.201,14,36,1,0,101,0, 99
1714.318,14,36,0,2,103,0, 97
1719.118,14,36,0,3,106,0, 94
1734.001,14,37,0,0,0,0,250
1784.201,14,37,0,15,15,0, 235
1788.885,14,37,0,21,36,0, 214
1790.318,14,37,0,44,80,0, 170
1796.518,14,37,0,7,87,0, 163
1799.085,14,37,1,0,88,0, 162
1832.685,14,38,0,0,0,0,250
1846.451,14,38,0,132,132,0, 118
1851.168,14,38,0,2,134,0, 116
1866.318,14,39,0,0,0,0,500
1878.018,14,39,1,0,1,0, 499
1879.551,14,39,0,180,181,0, 319
1891.635,14,39,1,0,182,0, 318
1892.368,14,39,1,0,183,0, 317
1893.251,14,39,1,0,184,0, 316
1893.851,14,39,1,0,185,0, 315
1894.885,14,39,1,0,186,0, 314
1895.835,14,39,1,0,187,0, 313
1897.935,14,39,1,0,188,0, 312
1899.101,14,39,1,0,189,0, 311
1899.701,14,39,1,0,190,0, 310
1911.085,14,40,0,0,0,0,750
1938.084,14,40,0,130,130,0, 620
1952.984,14,40,0,25,105,0, 645
1954.868,14,40,1,0,104,0, 646
1962.868,14,40,1,0,105,0, 645
1963.534,14,40,1,0,106,0, 644
1964.368,14,40,1,0,107,0, 643
1965.301,14,40,1,0,108,0, 642
1966.084,14,40,1,0,109,0, 641
1967.351,14,40,1,0,110,0, 640
1969.684,14,40,1,0,111,0, 639
1970.334,14,40,1,0,112,0, 638
1971.968,14,40,1,0,113,0, 637
1982.434,14,40,0,5,108,0, 642
1984.251,14,40,0,3,105,0, 645
1991.101,14,40,1,0,104,0, 646
1991.801,14,40,1,0,105,0, 645
1992.551,14,40,1,0,106,0, 644
1993.268,14,40,1,0,107,0, 643
1993.784,14,40,1,0,108,0, 642
1994.851,14,40,1,0,109,0, 641
1996.501,14,40,1,0,110,0, 640
2000.384,14,41,0,0,0,0,500
2034.101,14,41,0,118,118,0, 382
2035.968,14,41,0,8,126,0, 374
2053.518,14,41,0,16,110,0, 390
2056.701,14,41,1,0,109,0, 391
2058.218,14,41,1,0,108,0, 392
2067.484,14,41,1,0,109,0, 391
2069.168,14,41,1,0,110,0, 390
2069.834,14,41,1,0,111,0, 389
2070.484,14,41,1,0,112,0, 388
2072.334,14,41,1,0,113,0, 387
2074.034,14,41,0,1,112,0, 388
2074.618,14,41,1,0,113,0, 387
2076.168,14,41,1,0,114,0, 386
2089.951,14,41,1,0,115,0, 385
2093.168,14,41,1,0,114,0, 386
2094.318,14,41,1,0,113,0, 387
2095.551,14,41,1,0,112,0, 388
2096.518,14,41,1,0,111,0, 389
2100.284,14,42,0,0,0,0,750
2127.651,14,42,0,182,182,0, 568
2138.434,14,42,1,0,181,0, 569
2139.068,14,42,1,0,180,0, 570
2139.668,14,42,1,0,179,0, 571
2152.118,14,42,0,15,194,0, 556
2158.667,14,42,0,52,142,0, 608
2160.451,14,42,1,0,141,0, 609
2161.167,14,42,1,0,140,0, 610
2162.368,14,42,1,0,139,0, 611
2162.951,14,42,1,0,138,0, 612
2163.484,14,42,1,0,139,0, 611
2180.117,14,42,0,13,126,0, 624
2184.568,14,42,1,0,127,0, 623
2186.084,14,42,1,0,128,0, 622
2187.284,14,42,1,0,129,0, 621
2195.917,14,42,1,0,128,0, 622
2196.968,14,42,1,0,129,0, 621
2198.068,14,42,1,0,130,0, 620
2199.068,14,42,1,0,131,0, 619
2199.634,14,42,1,0,132,0, 618
2200.667,14,42,1,0,133,0, 617
2201.251,14,42,1,0,134,0, 616
2207.917,14,42,0,10,124,0, 626
2209.301,14,42,0,1,123,0, 627
2210.851,14,42,0,2,121,0, 629
2228.268,14,43,0,0,0,0,250
2252.684,14,43,0,127,127,0, 123
2253.468,14,43,1,0,126,0, 124
2260.101,14,43,0,2,128,0, 122
2284.167,14,43,0,10,118,0, 132
2287.018,14,43,0,4,114,0, 136
2288.851,14,43,1,0,113,0, 137
2290.084,14,43,1,0,112,0, 138
2294.351,14,43,1,0,111,0, 139
2310.151,14,43,0,8,103,0, 147
2311.601,14,43,1,0,102,0, 148
2312.851,14,43,1,0,101,0, 149
2320.734,14,44,0,0,0,0,250
2351.301,14,44,0,130,130,0, 120
2352.151,14,44,1,0,129,0, 121
2357.634,14,44,0,6,135,0, 115
2381.351,14,44,0,16,119,0, 131
2385.851,14,44,0,3,116,0, 134
2386.751,14,44,1,0,117,0, 133
2387.151,14,44,1,0,116,0, 134
2387.784,14,44,1,0,115,0, 135
2388.384,14,44,1,0,114,0, 136
2397.067,14,44,1,0,113,0, 137
2398.667,14,44,1,0,114,0, 136
2404.234,14,45,0,0,0,0,500
2429.401,14,45,0,147,147,0, 353
2442.201,14,45,0,13,160,0, 340
2451.284,14,45,0,43,117,0, 383
2457.434,14,46,0,0,0,0,500
2485.484,14,46,0,132,132,0, 368
2498.884,14,46,0,17,149,0, 351
2504.784,14,46,0,38,111,0, 389
2513.717,14,46,0,3,108,0, 392
2515.9,14,46,0,4,104,0, 396
2518.534,14,47,0,0,0,0,750
2547.417,14,47,0,162,162,0, 588
2561.017,14,47,0,29,133,0, 617
2562.417,14,47,1,0,132,0, 618
2580.317,14,47,0,9,123,0, 627
2582.801,14,47,0,13,110,0, 640
2583.967,14,47,0,1,109,0, 641
2585.817,14,47,0,2,107,0, 643
2597.217,14,48,0,0,0,0,250
2616.517,14,48,0,110,110,0, 140
2630.5,14,48,0,1,111,0, 139
2636.067,14,48,0,7,104,0, 146
2636.95,14,48,1,0,103,0, 147
2638.167,14,48,1,0,102,0, 148
2648.184,14,48,1,0,103,0, 147
2649.7,14,48,1,0,104,0, 146
2657.034,14,49,0,0,0,0,500
2676.75,14,49,0,146,146,0, 354
2687.167,14,49,0,30,116,0, 384
2693.9,14,50,0,0,0,0,250
2706.35,14,50,0,115,115,0, 135
2712.234,14,50,1,0,116,0, 134
2713.267,14,50,1,0,117,0, 133
2726.15,14,50,0,12,105,0, 145
2730.417,14,51,0,0,0,0,500
2760.767,14,51,0,185,185,0, 315
2762.15,14,51,1,0,186,0, 314
2763.267,14,51,1,0,187,0, 313
2764.184,14,51,1,0,188,0, 312
2777.934,14,51,0,37,151,0, 349
2790.484,14,51,0,29,122,0, 378
2800.067,14,51,0,4,118,0, 382
2806.184,14,51,1,0,117,0, 383
2807.634,14,51,1,0,116,0, 384
2810.4,14,52,0,0,0,0,250
2825.083,14,52,0,116,116,0, 134
2842.283,14,52,0,5,121,0, 129
2844.25,14,52,0,0,0,0, 250
2857.6,14,52,0,123,123,0, 127
2863.733,14,52,1,0,122,0, 128
2876.617,14,52,0,15,107,0, 143
2878.884,14,53,0,0,0,0,750
2894.417,14,53,0,168,168,0, 582
2898.4,14,53,0,6,174,0, 576
2905.617,14,53,0,26,148,0, 602
2911.333,14,53,1,0,147,0, 603
2913.667,14,53,1,0,146,0, 604
2914.517,14,53,1,0,145,0, 605
2917.933,14,53,1,0,144,0, 606
2919.867,14,54,0,0,0,0,750
2931.633,14,54,0,147,147,0, 603
2939.733,14,54,0,30,117,0, 633
2943.233,14,54,0,4,113,0, 637
2948.667,14,54,0,19,94,0, 656
2956.75,14,54,1,0,95,0, 655
2957.667,14,54,1,0,96,0, 654
2970.2,14,55,0,0,0,0,250
2974.483,14,55,0,116,116,0, 134
2980.583,14,55,0,2,118,0, 132
2985.45,14,55,1,0,117,0, 133
2986.95,14,55,1,0,116,0, 134
2989.033,14,55,0,13,103,0, 147
2990.267,14,55,0,2,101,0, 149
2991.983,14,55,0,1,100,0, 150
3001.333,14,56,0,0,0,0,250
3006.717,14,56,0,108,108,0, 142
3009.483,14,56,1,0,107,0, 143
3012.833,14,56,1,0,106,0, 144
3022.833,14,56,0,4,102,0, 148
3023.85,14,56,0,1,101,0, 149
3024.9,14,56,0,1,100,0, 150
3031.15,14,57,0,0,0,0,500
3039.733,14,57,0,135,135,0, 365
3042.85,14,57,0,28,163,0, 337
3045.883,14,57,0,38,125,0, 375
3047.85,14,57,0,18,107,0, 393
3058.816,14,58,0,0,0,0,750
3066.933,14,58,0,148,148,0, 602
3071.283,14,58,0,16,164,0, 586
3075.183,14,58,0,42,122,0, 628
3076.233,14,58,0,3,119,0, 631
3078.167,14,58,0,12,107,0, 643
3081.8,14,59,0,0,0,0,500
3089.1,14,59,0,123,123,0, 377
3094.733,14,59,0,33,90,0, 410
3095.55,14,59,0,2,88,0, 412
3097.15,14,59,0,5,83,0, 417
3111.5,14,59,1,0,84,0, 416
3112.833,14,59,1,0,83,0, 417
3113.483,14,59,1,0,84,0, 416
3114.116,14,59,1,0,85,0, 415
3115.05,14,59,1,0,86,0, 414
3115.7,14,59,1,0,87,0, 413
3123.4,14,59,0,2,85,0, 415
3125.183,14,60,0,0,0,0,750
3134.116,14,60,0,116,116,0, 634
3141.583,14,60,0,12,104,0, 646
3146.333,14,60,0,3,101,0, 649
3148.467,14,60,0,8,93,0, 657
3151.033,14,60,1,0,92,0, 658
3154.95,14,61,0,0,0,0,500
3163.05,14,61,0,119,119,0, 381
3169.85,14,61,0,16,103,0, 397
3171.833,14,61,0,5,98,0, 402
3177.95,14,62,0,0,0,0,250
3182.266,14,62,0,110,110,0, 140
3187.6,14,62,0,2,108,0, 142
3188.35,14,62,0,1,107,0, 143
3189.616,14,62,0,3,104,0, 146
3193.316,14,62,1,0,103,0, 147
3196.733,14,63,0,0,0,0,500
3201.983,14,63,0,124,124,0, 376
3205.583,14,63,0,37,161,0, 339
3207.916,14,63,0,54,107,0, 393
3209.783,14,63,1,0,106,0, 394
3214.316,14,63,0,2,104,0, 396
3218.883,14,63,1,0,103,0, 397
3220.983,14,64,0,0,0,0,750
3227.9,14,64,0,127,127,0, 623
3235.583,14,64,0,58,185,0, 565
3238.583,14,64,0,70,115,0, 635
3240.75,14,64,0,23,92,0, 658
3250.216,14,65,0,0,0,0,500
3255.416,14,65,0,133,133,0, 367
3260.533,14,65,0,2,131,0, 369
3261.95,14,65,0,24,107,0, 393
3264.216,14,65,0,2,105,0, 395
3277.15,14,66,0,0,0,0,750
3285.966,14,66,0,132,132,0, 618
3291.066,14,66,0,9,123,0, 627
3291.633,14,66,1,0,124,0, 626
3292.116,14,66,0,6,118,0, 632
3293.45,14,66,0,1,117,0, 633
3296.366,14,66,0,28,89,0, 661
3297.75,14,66,1,0,88,0, 662
3300.916,14,66,0,2,86,0, 664
3307.883,14,67,0,0,0,0,250
3314.333,14,67,0,115,115,0, 135
3318.199,14,67,1,0,116,0, 134
3318.866,14,67,0,5,111,0, 139
3320.8,14,67,0,6,105,0, 145
3322.033,14,67,1,0,104,0, 146
3326.483,14,67,0,1,103,0, 147
3328.283,14,68,0,0,0,0,500
3335.016,14,68,0,115,115,0, 385
3339.983,14,68,0,14,101,0, 399
3342.3,14,68,0,9,92,0, 408
3347.833,14,69,0,0,0,0,250
3352.266,14,69,0,111,111,0, 139
3357,14,69,0,6,105,0, 145
3360.416,14,69,0,2,103,0, 147
3363.399,14,70,0,0,0,0,750
3372.05,14,70,0,126,126,0, 624
3377.05,14,70,0,14,112,0, 638
3379.25,14,70,0,15,97,0, 653
3383.399,14,70,1,0,96,0, 654
3387.05,14,71,0,0,0,0,250
3392.333,14,71,0,98,98,0, 152
3394.033,14,71,0,3,101,0, 149
3399.766,14,71,0,6,95,0, 155
3401.183,14,71,0,3,92,0, 158
3404.566,14,72,0,0,0,0,250
3412.533,14,72,0,98,98,0, 152
3418.683,14,72,0,5,93,0, 157
3423.5,14,72,1,0,92,0, 158
59.20341,15,1,0,0,0,0,250
81.3533,15,1,1,0,1,0, 249
81.93661,15,1,1,0,2,0, 248
82.40328,15,1,1,0,3,0, 247
83.06995,15,1,1,0,4,0, 246
83.46993,15,1,1,0,5,0, 245
84.21996,15,1,0,16,21,0, 229
86.06996,15,1,0,76,97,0, 153
95.73663,15,1,0,5,92,0, 158
97.96996,15,1,0,4,88,0, 162
100.0867,15,1,0,1,87,0, 163
115.4533,15,1,0,24,111,0, 139
121.5866,15,1,0,6,105,0, 145
123.9533,15,1,0,4,101,0, 149
136.4366,15,1,1,0,100,0, 150
137.0867,15,1,1,0,101,0, 149
137.4033,15,1,1,0,102,0, 148
138.3533,15,1,1,0,103,0, 147
138.9533,15,1,1,0,104,0, 146
142.3033,15,1,1,0,105,0, 145
142.67,15,1,1,0,106,0, 144
154.4366,15,2,0,0,0,0,250
166.2533,15,2,0,112,112,0, 138
172.3533,15,2,0,9,103,0, 147
176.4868,15,2,0,2,101,0, 149
179.7866,15,2,0,2,99,0, 151
188.17,15,3,0,0,0,0,500
200.8699,15,3,0,158,158,0, 342
205.17,15,3,0,8,150,0, 350
206.2533,15,3,0,9,141,0, 359
207.3367,15,3,0,14,127,0, 373
210.27,15,3,0,4,123,0, 377
216.72,15,3,0,3,120,0, 380
217.8533,15,3,1,0,119,0, 381
218.4366,15,3,1,0,118,0, 382
220.7867,15,3,1,0,117,0, 383
228.8033,15,3,1,0,118,0, 382
231.9366,15,3,1,0,119,0, 381
233.47,15,3,1,0,120,0, 380
238.17,15,3,1,0,121,0, 379
240.3033,15,3,1,0,122,0, 378
240.67,15,3,1,0,123,0, 377
251.0533,15,4,0,0,0,0,250
260.17,15,4,0,96,96,0, 154
264.52,15,4,1,0,97,0, 153
264.92,15,4,1,0,98,0, 152
268.1033,15,4,1,0,99,0, 151
268.6867,15,4,1,0,100,0, 150
273.8033,15,4,1,0,99,0, 151
276.1033,15,4,0,2,97,0, 153
276.8201,15,4,1,0,96,0, 154
278.32,15,4,1,0,95,0, 155
281.9199,15,4,1,0,94,0, 156
291.0867,15,4,1,0,95,0, 155
297.6201,15,4,1,0,96,0, 154
299.5867,15,4,1,0,97,0, 153
302.37,15,5,0,0,0,0,500
318.5533,15,5,0,123,123,0, 377
322.82,15,5,0,7,116,0, 384
324.7367,15,5,0,6,110,0, 390
329.87,15,5,0,12,98,0, 402
330.5534,15,5,1,0,97,0, 403
355.2701,15,6,0,0,0,0,500
366.4533,15,6,0,129,129,0, 371
374.47,15,6,0,23,106,0, 394
377.22,15,6,0,13,93,0, 407
379.5867,15,6,1,0,92,0, 408
379.9367,15,6,0,1,91,0, 409
381.1034,15,6,1,0,90,0, 410
382.1034,15,6,1,0,89,0, 411
392.8867,15,6,1,0,90,0, 410
396.22,15,6,1,0,91,0, 409
398.8867,15,6,1,0,92,0, 408
404.5867,15,6,1,0,93,0, 407
407.0534,15,6,1,0,94,0, 406
407.5701,15,6,1,0,95,0, 405
408.3701,15,6,1,0,96,0, 404
408.8701,15,6,1,0,97,0, 403
412.7701,15,7,0,0,0,0,500
420.9201,15,7,0,73,73,0, 427
422.5367,15,7,0,41,114,0, 386
427.9036,15,7,0,20,94,0, 406
430.0701,15,7,0,5,89,0, 411
430.9867,15,7,1,0,88,0, 412
432.9701,15,7,1,0,87,0, 413
434.6534,15,7,1,0,86,0, 414
435.32,15,7,1,0,85,0, 415
439.0033,15,7,0,2,83,0, 417
446.7701,15,7,1,0,84,0, 416
449.0867,15,7,0,7,91,0, 409
451.4034,15,7,0,4,87,0, 413
454.4034,15,7,1,0,88,0, 412
459.1034,15,7,1,0,89,0, 411
459.3867,15,7,1,0,90,0, 410
461.6867,15,7,1,0,91,0, 409
469.9034,15,7,1,0,90,0, 410
471.9534,15,8,0,0,0,0,250
482.0534,15,8,0,87,87,0, 163
486.0034,15,8,0,5,82,0, 168
491.3701,15,8,1,0,81,0, 169
495.9867,15,8,1,0,80,0, 170
503.5034,15,8,1,0,81,0, 169
505.6034,15,8,1,0,82,0, 168
505.8867,15,8,1,0,83,0, 167
508.8367,15,8,1,0,84,0, 166
515.4868,15,8,1,0,85,0, 165
516.1868,15,8,1,0,86,0, 164
516.4368,15,8,1,0,87,0, 163
517.1701,15,8,1,0,88,0, 162
521.5034,15,8,1,0,89,0, 161
523.6201,15,8,1,0,90,0, 160
528.9868,15,9,0,0,0,0,500
545.2701,15,9,0,135,135,0, 365
550.6868,15,9,0,21,114,0, 386
552.5701,15,9,0,6,108,0, 392
553.3368,15,9,1,0,107,0, 393
557.6201,15,9,1,0,106,0, 394
558.2534,15,9,1,0,105,0, 395
559.8701,15,9,1,0,104,0, 396
562.2201,15,9,0,2,102,0, 398
564.8368,15,9,1,0,101,0, 399
575.3535,15,10,0,0,0,0,750
585.4368,15,10,0,166,166,0, 584
589.2368,15,10,0,42,124,0, 626
592.5701,15,10,1,0,125,0, 625
593.3201,15,10,0,15,110,0, 640
594.8201,15,10,1,0,109,0, 641
596.7867,15,10,1,0,108,0, 642
600.9034,15,10,1,0,107,0, 643
601.5034,15,10,1,0,106,0, 644
601.7868,15,10,1,0,105,0, 645
602.5367,15,10,1,0,104,0, 646
603.3868,15,10,1,0,103,0, 647
609.3201,15,10,0,4,99,0, 651
611.7368,15,10,0,4,95,0, 655
618.3867,15,10,1,0,96,0, 654
619.0701,15,10,1,0,97,0, 653
619.7368,15,10,1,0,98,0, 652
620.0367,15,10,1,0,99,0, 651
620.5201,15,10,1,0,100,0, 650
623.3868,15,10,1,0,101,0, 649
623.6368,15,10,1,0,102,0, 648
626.9034,15,10,1,0,103,0, 647
627.2035,15,10,1,0,104,0, 646
635.4868,15,10,1,0,105,0, 645
637.5868,15,10,1,0,106,0, 644
638.0701,15,10,1,0,107,0, 643
643.2534,15,10,1,0,108,0, 642
649.8701,15,11,0,0,0,0,250
659.27,15,11,0,123,123,0, 127
664.3368,15,11,0,17,106,0, 144
664.9868,15,11,1,0,105,0, 145
667.1368,15,11,0,4,101,0, 149
668.3201,15,11,0,2,99,0, 151
674.4868,15,11,1,0,100,0, 150
686.3201,15,11,1,0,99,0, 151
691.5035,15,12,0,0,0,0,250
700.4034,15,12,0,113,113,0, 137
706.1701,15,12,0,1,112,0, 138
707.6035,15,12,0,16,96,0, 154
710.5701,15,12,1,0,95,0, 155
711.0701,15,12,1,0,94,0, 156
714.9036,15,12,1,0,93,0, 157
715.1535,15,12,1,0,92,0, 158
718.4702,15,12,1,0,93,0, 157
718.8868,15,12,1,0,94,0, 156
721.1035,15,12,1,0,93,0, 157
728.6868,15,12,1,0,94,0, 156
729.3535,15,12,1,0,95,0, 155
731.3535,15,12,1,0,94,0, 156
731.7035,15,12,1,0,93,0, 157
741.9368,15,12,1,0,94,0, 156
744.8201,15,13,0,0,0,0,750
760.2202,15,13,0,180,180,0, 570
765.4035,15,13,0,60,120,0, 630
768.4535,15,13,0,14,106,0, 644
769.9368,15,13,1,0,105,0, 645
773.6868,15,13,0,7,98,0, 652
776.4535,15,13,1,0,97,0, 653
784.5702,15,13,1,0,98,0, 652
785.1868,15,13,1,0,99,0, 651
791.5869,15,13,1,0,100,0, 650
791.8702,15,13,1,0,101,0, 649
792.5202,15,13,1,0,102,0, 648
796.3535,15,13,1,0,101,0, 649
796.7035,15,13,1,0,100,0, 650
797.6868,15,13,1,0,99,0, 651
797.9202,15,13,1,0,98,0, 652
798.7701,15,13,1,0,97,0, 653
799.1035,15,13,1,0,96,0, 654
800.1202,15,13,1,0,95,0, 655
817.8535,15,13,1,0,94,0, 656
818.2702,15,13,1,0,95,0, 655
818.6368,15,13,1,0,96,0, 654
818.9035,15,13,1,0,97,0, 653
824.1868,15,14,0,0,0,0,750
835.4035,15,14,0,140,140,0, 610
839.8369,15,14,0,34,106,0, 644
841.8868,15,14,0,10,96,0, 654
844.2869,15,14,1,0,95,0, 655
844.5368,15,14,1,0,94,0, 656
847.9368,15,14,0,1,95,0, 655
848.9536,15,14,1,0,94,0, 656
855.2701,15,14,1,0,95,0, 655
855.5703,15,14,1,0,96,0, 654
855.8202,15,14,1,0,97,0, 653
859.0702,15,14,1,0,98,0, 652
869.5369,15,14,1,0,99,0, 651
869.8535,15,14,1,0,100,0, 650
870.2701,15,14,1,0,101,0, 649
870.7369,15,14,1,0,102,0, 648
876.1368,15,14,0,6,96,0, 654
880.8035,15,14,1,0,97,0, 653
884.3369,15,14,1,0,96,0, 654
887.8035,15,15,0,0,0,0,750
896.6202,15,15,0,182,182,0, 568
901.1536,15,15,0,65,117,0, 633
903.5701,15,15,0,6,111,0, 639
906.0535,15,15,0,1,110,0, 640
907.8536,15,15,0,7,103,0, 647
909.2869,15,15,1,0,102,0, 648
911.4202,15,15,1,0,101,0, 649
912.0535,15,15,1,0,100,0, 650
913.5535,15,15,1,0,99,0, 651
917.6035,15,15,1,0,98,0, 652
918.2036,15,15,1,0,97,0, 653
926.0535,15,16,0,0,0,0,250
936.2369,15,16,0,124,124,0, 126
942.4704,15,16,0,13,111,0, 139
944.0202,15,16,0,7,104,0, 146
945.5535,15,16,0,2,102,0, 148
946.4036,15,16,0,4,98,0, 152
950.5202,15,16,0,2,96,0, 154
953.4036,15,16,1,0,95,0, 155
954.0869,15,16,1,0,94,0, 156
958.1369,15,16,1,0,93,0, 157
965.7535,15,16,0,5,88,0, 162
971.8869,15,16,1,0,87,0, 163
972.2202,15,16,1,0,86,0, 164
976.0703,15,16,1,0,87,0, 163
978.5203,15,16,1,0,88,0, 162
988.9036,15,16,1,0,89,0, 161
989.8702,15,16,1,0,90,0, 160
990.8869,15,16,1,0,91,0, 159
995.9202,15,17,0,0,0,0,500
1015.42,15,17,0,138,138,0, 362
1021.32,15,17,0,32,106,0, 394
1024.204,15,17,0,15,91,0, 409
1026.054,15,17,0,3,88,0, 412
1033.07,15,17,1,0,89,0, 411
1033.67,15,17,1,0,90,0, 410
1036.52,15,17,0,3,87,0, 413
1038.654,15,17,1,0,88,0, 412
1042.52,15,17,1,0,87,0, 413
1045.104,15,17,0,3,84,0, 416
1047.32,15,17,0,1,83,0, 417
1055.437,15,17,1,0,84,0, 416
1056.104,15,17,1,0,85,0, 415
1064.953,15,17,1,0,86,0, 414
1067.42,15,17,1,0,87,0, 413
1073.12,15,18,0,0,0,0,750
1078.854,15,18,0,188,188,0, 562
1083.337,15,18,0,44,144,0, 606
1085.054,15,18,0,7,137,0, 613
1085.587,15,18,1,0,138,0, 612
1086.237,15,18,0,3,135,0, 615
1087.154,15,18,0,2,133,0, 617
1090.47,15,18,0,22,111,0, 639
1099.354,15,18,0,5,106,0, 644
1101.387,15,18,0,1,105,0, 645
1102.12,15,18,1,0,104,0, 646
1106.037,15,18,0,1,103,0, 647
1107.037,15,18,0,2,101,0, 649
1113.004,15,18,1,0,102,0, 648
1113.67,15,18,1,0,103,0, 647
1117.054,15,18,1,0,104,0, 646
1120.004,15,18,1,0,105,0, 645
1122.037,15,18,1,0,106,0, 644
1132.27,15,18,1,0,107,0, 643
1135.604,15,18,1,0,108,0, 642
1137.787,15,18,1,0,107,0, 643
1156.37,15,19,0,0,0,0,250
1175.57,15,19,0,114,114,0, 136
1180.17,15,19,0,12,102,0, 148
1181.987,15,19,0,2,100,0, 150
1183.154,15,19,0,1,99,0, 151
1184.204,15,19,0,2,97,0, 153
1191.07,15,19,0,5,92,0, 158
1198.504,15,19,0,1,91,0, 159
1206.07,15,19,0,1,90,0, 160
1213.737,15,20,0,0,0,0,250
1219.32,15,20,0,117,117,0, 133
1223.454,15,20,0,2,115,0, 135
1225.304,15,20,0,2,113,0, 137
1228.787,15,20,0,5,108,0, 142
1230.454,15,20,1,0,107,0, 143
1232.804,15,20,0,4,103,0, 147
1234.104,15,20,0,1,102,0, 148
1235.954,15,20,0,1,101,0, 149
1241.67,15,20,0,3,98,0, 152
1243.77,15,20,1,0,97,0, 153
1244.104,15,20,1,0,96,0, 154
1249.487,15,21,0,0,0,0,500
1254.104,15,21,0,161,161,0, 339
1257.604,15,21,0,41,120,0, 380
1260.187,15,21,0,1,119,0, 381
1261.12,15,21,0,1,118,0, 382
1263.504,15,21,0,7,111,0, 389
1266.02,15,21,0,2,109,0, 391
1268.387,15,21,0,1,108,0, 392
1274.537,15,21,0,1,107,0, 393
1282.304,15,22,0,0,0,0,250
1286.22,15,22,0,102,102,0, 148
1289.104,15,22,0,3,99,0, 151
1291.087,15,22,0,10,89,0, 161
1292.354,15,22,1,0,88,0, 162
1297.854,15,23,0,0,0,0,750
1306.837,15,23,0,167,167,0, 583
1314.504,15,23,0,42,125,0, 625
1317.67,15,23,0,8,117,0, 633
1320.987,15,23,0,6,111,0, 639
1332.387,15,23,0,2,109,0, 641
1337.354,15,23,0,1,108,0, 642
1340.154,15,23,0,1,107,0, 643
1340.787,15,23,1,0,108,0, 642
1341.187,15,23,0,1,107,0, 643
1343.004,15,23,1,0,106,0, 644
1346.854,15,24,0,0,0,0,750
1354.137,15,24,0,139,139,0, 611
1357.304,15,24,0,7,132,0, 618
1359.004,15,24,0,34,98,0, 652
1363.604,15,24,0,4,94,0, 656
1372.604,15,24,1,0,95,0, 655
1372.954,15,24,0,2,93,0, 657
1373.754,15,24,1,0,92,0, 658
1377.887,15,25,0,0,0,0,750
1383.287,15,25,0,115,115,0, 635
1385.87,15,25,0,2,113,0, 637
1387.52,15,25,0,3,110,0, 640
1389.687,15,25,0,24,86,0, 664
1395.137,15,25,1,0,85,0, 665
1397.504,15,26,0,0,0,0,250
1402.32,15,26,0,97,97,0, 153
1405.62,15,26,0,1,96,0, 154
1407.004,15,26,0,5,91,0, 159
1411.354,15,26,1,0,90,0, 160
1412.487,15,26,1,0,89,0, 161
1414.32,15,26,1,0,88,0, 162
1424.47,15,26,1,0,89,0, 161
1425.237,15,26,1,0,90,0, 160
1426.82,15,27,0,0,0,0,500
1429.987,15,27,0,93,93,0, 407
1432.554,15,27,1,0,94,0, 406
1433.687,15,27,0,2,92,0, 408
1435.804,15,27,0,11,81,0, 419
1439.454,15,27,0,4,77,0, 423
1441.937,15,27,1,0,76,0, 424
1450.637,15,27,1,0,77,0, 423
1454.454,15,27,1,0,78,0, 422
1462.504,15,27,1,0,79,0, 421
1463.154,15,27,1,0,80,0, 420
1464.704,15,27,1,0,81,0, 419
1465.754,15,27,1,0,82,0, 418
1470.637,15,28,0,0,0,0,500
1474.37,15,28,0,101,101,0, 399
1477.57,15,28,0,2,99,0, 401
1479.287,15,28,0,3,96,0, 404
1482.037,15,28,0,14,82,0, 418
1487.504,15,28,1,0,81,0, 419
1509.404,15,28,1,0,82,0, 418
1509.804,15,28,1,0,83,0, 417
1510.104,15,28,1,0,84,0, 416
1510.387,15,28,1,0,85,0, 415
1510.987,15,28,1,0,86,0, 414
1520.87,15,29,0,0,0,0,500
1524.654,15,29,0,120,120,0, 380
1527.42,15,29,0,4,116,0, 384
1528.837,15,29,0,13,103,0, 397
1530.954,15,29,0,3,100,0, 400
1532.12,15,29,0,2,98,0, 402
1533.304,15,29,0,4,94,0, 406
1534.404,15,29,0,4,90,0, 410
1542.137,15,29,0,1,89,0, 411
1544.704,15,29,0,1,88,0, 412
1547.47,15,30,0,0,0,0,750
1556.904,15,30,0,161,161,0, 589
1560.504,15,30,0,8,153,0, 597
1562.304,15,30,0,36,117,0, 633
1562.937,15,30,0,1,116,0, 634
1569.537,15,30,0,6,110,0, 640
1570.97,15,30,0,3,107,0, 643
1578.454,15,30,0,1,106,0, 644
1579.154,15,30,1,0,105,0, 645
1580.137,15,30,1,0,104,0, 646
1585.27,15,30,0,2,102,0, 648
1590.087,15,30,0,1,101,0, 649
1595.187,15,30,0,1,100,0, 650
1595.837,15,30,1,0,99,0, 651
1597.354,15,31,0,0,0,0,750
1600.904,15,31,0,204,204,0, 546
1604.32,15,31,0,11,193,0, 557
1606.004,15,31,0,43,150,0, 600
1608.42,15,31,0,3,147,0, 603
1612.504,15,31,0,10,137,0, 613
1615.22,15,31,0,3,134,0, 616
1619.304,15,31,0,1,133,0, 617
1622.304,15,31,0,6,127,0, 623
1623.02,15,31,0,1,126,0, 624
1628.27,15,31,0,3,123,0, 627
1629.104,15,31,0,1,122,0, 628
1629.987,15,31,0,1,121,0, 629
1631.954,15,31,0,1,120,0, 630
1641.937,15,31,1,0,119,0, 631
1643.37,15,32,0,0,0,0,250
1647.504,15,32,0,108,108,0, 142
1650.804,15,32,0,2,106,0, 144
1652.254,15,32,0,6,100,0, 150
1653.004,15,32,0,1,99,0, 151
1659.287,15,32,1,0,98,0, 152
1660.587,15,32,1,0,97,0, 153
1662.654,15,32,1,0,96,0, 154
1664.254,15,33,0,0,0,0,250
1667.504,15,33,0,101,101,0, 149
1670.437,15,33,0,6,95,0, 155
1672.17,15,33,0,8,87,0, 163
1687.604,15,33,1,0,88,0, 162
1690.637,15,34,0,0,0,0,500
1692.67,15,34,1,0,1,0, 499
1693.17,15,34,0,106,107,0, 393
1696.32,15,34,0,6,101,0, 399
1698.72,15,34,0,9,92,0, 408
1705.87,15,34,1,0,91,0, 409
1706.554,15,34,1,0,90,0, 410
1707.37,15,34,1,0,89,0, 411
1713.12,15,35,0,0,0,0,500
1717.504,15,35,0,127,127,0, 373
1721.337,15,35,0,8,119,0, 381
1722.62,15,35,0,26,93,0, 407
1727.737,15,35,0,2,91,0, 409
1731.237,15,35,0,3,88,0, 412
1742.77,15,36,0,0,0,0,250
1745.52,15,36,0,121,121,0, 129
1748.704,15,36,0,9,112,0, 138
1750.037,15,36,0,8,104,0, 146
1751.954,15,36,0,4,100,0, 150
1753.271,15,36,0,2,98,0, 152
1753.837,15,36,1,0,97,0, 153
1777.104,15,37,0,0,0,0,200
1784.904,15,37,0,86,86,0, 114
1785.754,15,37,0,3,89,0, 111
1786.904,15,37,0,3,92,0, 108
1792.787,15,37,0,6,98,0, 102
1794.737,15,37,0,2,100,0, 100
1799.271,15,37,0,95,100,95, 5
1801.02,15,37,0,5,100,100, 0
1804.504,15,38,0,0,0,0,200
1810.687,15,38,0,101,101,0, 99
1815.537,15,38,0,77,101,77, 22
1816.987,15,38,0,9,101,86, 13
1818.204,15,38,0,12,101,98, 1
1818.87,15,38,1,0,101,99, 0
1825.67,15,39,0,0,0,0,200
1830.87,15,39,0,78,78,0, 122
1833.42,15,39,0,11,89,0, 111
1838.12,15,39,0,98,89,98, 13
1843.771,15,39,0,5,89,103, 8
1851.037,15,39,1,0,90,103, 7
1852.437,15,39,0,7,97,102, 1
1853.654,15,39,1,0,98,102, 0
1858.671,15,40,0,0,0,0,200
1864.27,15,40,0,98,98,0, 102
1872.97,15,40,0,99,97,99, 4
1873.704,15,40,1,0,97,100, 3
1874.271,15,40,1,0,97,101, 2
1875.254,15,40,0,2,97,103, 0
1877.404,15,41,0,0,0,0,200
1881.82,15,41,0,70,70,0, 130
1883.12,15,41,0,24,94,0, 106
1884.354,15,41,0,6,100,0, 100
1889.504,15,41,0,94,100,94, 6
1891.304,15,41,0,6,100,100, 0
1892.504,15,42,0,0,0,0,200
1900.154,15,42,0,58,58,0, 142
1902.487,15,42,0,7,65,0, 135
1908.12,15,42,0,75,65,75, 60
1910.054,15,42,0,10,65,85, 50
1911.171,15,42,0,12,65,97, 38
1912.97,15,42,0,9,65,106, 29
1921.82,15,42,0,22,87,106, 7
1922.921,15,42,0,3,90,106, 4
1923.654,15,42,0,1,91,106, 3
1924.171,15,42,1,0,92,106, 2
1924.787,15,42,1,0,93,106, 1
1926.97,15,42,1,0,93,107, 0
1930.087,15,43,0,0,0,0,200
1936.337,15,43,0,74,0,74, 126
1937.237,15,43,0,16,0,90, 110
1938.771,15,43,0,11,0,101, 99
1940.704,15,43,1,0,0,102, 98
1943.254,15,43,0,39,39,102, 59
1944.287,15,43,0,38,77,102, 21
1948.837,15,43,0,13,90,102, 8
1950.337,15,43,1,0,91,102, 7
1950.604,15,43,1,0,92,102, 6
1951.254,15,43,1,0,93,102, 5
1951.521,15,43,1,0,94,102, 4
1952.171,15,43,1,0,95,102, 3
1953.021,15,43,1,0,96,102, 2
1954.104,15,43,1,0,97,102, 1
1954.62,15,43,1,0,98,102, 0
1957.437,15,44,0,0,0,0,200
1962.304,15,44,0,86,0,86, 114
1963.804,15,44,0,11,0,97, 103
1966.537,15,44,1,0,0,98, 102
1970.271,15,44,0,102,102,98, 0
1971.454,15,45,0,0,0,0,200
1975.304,15,45,0,86,86,0, 114
1977.571,15,45,0,9,95,0, 105
1978.287,15,45,0,2,97,0, 103
1982.771,15,45,0,90,97,90, 13
1983.954,15,45,0,6,97,96, 7
1985.104,15,45,0,5,97,101, 2
1987.12,15,45,1,0,97,102, 1
1988.321,15,45,1,0,97,103, 0
1989.687,15,46,0,0,0,0,200
1993.854,15,46,0,81,81,0, 119
1995.721,15,46,0,10,91,0, 109
1997.271,15,46,1,0,92,0, 108
1998.004,15,46,1,0,93,0, 107
1998.37,15,46,1,0,94,0, 106
2002.704,15,46,0,95,94,95, 11
2004.304,15,46,1,0,94,96, 10
2005.004,15,46,1,0,94,97, 9
2009.587,15,46,1,0,94,98, 8
2011.937,15,46,0,3,97,98, 5
2013.137,15,46,0,3,100,98, 2
2014.154,15,46,1,0,101,98, 1
2017.037,15,46,1,0,101,99, 0
2018.12,15,47,0,0,0,0,200
2023.204,15,47,0,66,0,66, 134
2024.304,15,47,0,13,0,79, 121
2025.587,15,47,0,2,0,81, 119
2026.321,15,47,0,4,0,85, 115
2031.854,15,47,0,114,114,85, 1
2032.604,15,47,1,0,115,85, 0
2035.387,15,48,0,0,0,0,200
2041.354,15,48,0,92,92,0, 108
2045.904,15,48,0,106,90,106, 4
2047.404,15,48,1,0,90,107, 3
2047.754,15,48,1,0,90,108, 2
2048.504,15,48,1,0,90,109, 1
2048.821,15,48,1,0,90,110, 0
2056.504,15,49,0,0,0,0,200
2061.087,15,49,0,86,0,86, 114
2068.454,15,49,0,89,89,86, 25
2071.071,15,49,0,3,92,86, 22
2072.137,15,49,1,0,93,86, 21
2072.387,15,49,1,0,94,86, 20
2077.004,15,49,1,0,95,86, 19
2077.22,15,49,1,0,96,86, 18
2078.854,15,49,1,0,97,86, 17
2079.421,15,49,1,0,98,86, 16
2081.904,15,49,0,8,98,94, 8
2084.237,15,49,0,4,98,98, 4
2084.687,15,49,1,0,98,99, 3
2085.737,15,49,1,0,98,100, 2
2088.204,15,49,1,0,99,100, 1
2088.504,15,49,1,0,100,100, 0
2091.004,15,50,0,0,0,0,200
2094.871,15,50,0,98,98,0, 102
2098.321,15,50,0,74,98,74, 28
2099.287,15,50,0,16,98,90, 12
2100.037,15,50,0,11,98,101, 1
2100.921,15,50,0,1,98,102, 0
2104.804,15,51,0,0,0,0,200
2110.137,15,51,0,100,0,100, 100
2110.821,15,51,1,0,0,101, 99
2113.004,15,51,0,65,65,101, 34
2115.704,15,51,0,25,90,101, 9
2116.504,15,51,0,8,98,101, 1
2117.021,15,51,0,1,99,101, 0
2117.771,15,52,0,0,0,0,200
2123.537,15,52,0,47,47,0, 153
2126.004,15,52,0,2,49,0, 151
2129.187,15,52,0,34,83,0, 117
2130.754,15,52,0,7,90,0, 110
2135.337,15,52,0,107,90,107, 3
2136.587,15,52,0,3,90,110, 0
2139.171,15,53,0,0,0,0,200
2146.871,15,53,0,87,87,0, 113
2150.804,15,53,0,111,87,111, 2
2153.437,15,53,1,0,88,111, 1
2154.804,15,53,1,0,89,111, 0
2158.221,15,54,0,0,0,0,200
2162.521,15,54,0,98,98,0, 102
2165.904,15,54,0,96,98,96, 6
2168.104,15,54,1,0,99,96, 5
2168.404,15,54,1,0,100,96, 4
2168.771,15,54,1,0,101,96, 3
2169.254,15,54,1,0,102,96, 2
2170.204,15,54,1,0,103,96, 1
2170.571,15,54,1,0,104,96, 0
2182.904,15,55,0,0,0,0,200
2186.287,15,55,0,98,98,0, 102
2188.904,15,55,0,99,98,99, 3
2189.921,15,55,0,3,98,102, 0
2194.321,15,56,0,0,0,0,200
2198.47,15,56,0,98,98,0, 102
2203.404,15,56,0,102,98,102, 0
2206.354,15,57,0,0,0,0,200
2209.637,15,57,0,94,94,0, 106
2214.154,15,57,0,102,94,102, 4
2214.904,15,57,1,0,94,103, 3
2215.471,15,57,1,0,93,104, 3
2216.604,15,57,1,0,93,105, 2
2217.837,15,57,1,0,93,106, 1
2218.171,15,57,1,0,93,107, 0
2221.554,15,57,1,0,94,106, 0
2223.154,15,57,1,0,95,105, 0
2230.454,15,58,0,0,0,0,200
2238.821,15,58,0,91,0,91, 109
2239.637,15,58,0,1,0,92, 108
2242.404,15,58,0,108,108,92, 0
2243.771,15,59,0,0,0,0,200
2250.637,15,59,0,48,0,48, 152
2251.837,15,59,0,30,0,78, 122
2253.421,15,59,0,2,0,80, 120
2254.787,15,59,0,2,0,82, 118
2256.154,15,59,1,0,0,83, 117
2258.037,15,59,1,0,0,84, 116
2260.871,15,59,0,98,98,84, 18
2262.321,15,59,0,5,103,84, 13
2262.954,15,59,1,0,104,84, 12
2265.971,15,59,0,6,110,84, 6
2268.821,15,59,0,3,110,87, 3
2269.771,15,59,1,0,110,88, 2
2270.687,15,59,1,0,110,89, 1
2274.421,15,59,0,1,111,89, 0
2275.254,15,60,0,0,0,0,200
2278.654,15,60,0,88,88,0, 112
2279.787,15,60,0,5,93,0, 107
2280.687,15,60,0,2,95,0, 105
2284.737,15,60,0,79,95,79, 26
2288.054,15,60,0,26,93,105, 2
2290.587,15,60,1,0,93,106, 1
2291.687,15,60,1,0,93,107, 0
2296.354,15,61,0,0,0,0,200
2300.154,15,61,0,71,71,0, 129
2305.971,15,61,0,8,79,0, 121
2308.987,15,61,0,64,79,64, 57
2311.221,15,61,0,1,79,65, 56
2312.804,15,61,0,17,79,82, 39
2314.104,15,61,0,6,79,88, 33
2318.304,15,61,0,3,82,88, 30
2321.037,15,61,0,3,85,88, 27
2322.654,15,61,0,7,92,88, 20
2324.387,15,61,1,0,93,88, 19
2325.087,15,61,1,0,94,88, 18
2325.604,15,61,1,0,95,88, 17
2331.904,15,61,0,6,101,88, 11
2332.454,15,61,1,0,102,88, 10
2332.871,15,61,1,0,103,88, 9
2333.587,15,61,1,0,104,88, 8
2334.121,15,61,1,0,105,88, 7
2334.454,15,61,1,0,106,88, 6
2335.021,15,61,1,0,107,88, 5
2338.471,15,61,1,0,107,89, 4
2339.571,15,61,1,0,107,90, 3
2340.787,15,61,0,2,107,92, 1
2344.171,15,61,1,0,107,91, 2
2344.604,15,61,1,0,107,92, 1
2345.071,15,61,1,0,107,93, 0
2346.721,15,62,0,0,0,0,200
2349.637,15,62,0,84,84,0, 116
2350.887,15,62,0,4,88,0, 112
2352.971,15,62,0,3,91,0, 109
2356.454,15,62,0,106,91,106, 3
2357.287,15,62,1,0,91,107, 2
2358.271,15,62,1,0,91,108, 1
2359.254,15,62,1,0,91,109, 0
2360.587,15,63,0,0,0,0,200
2363.771,15,63,0,98,98,0, 102
2367.021,15,63,0,101,98,101, 1
2368.921,15,63,1,0,99,101, 0
2371.471,15,64,0,0,0,0,200
2375.071,15,64,0,90,90,0, 110
2380.371,15,64,0,112,88,112, 0
2385.154,15,65,0,0,0,0,200
2387.854,15,65,0,100,100,0, 100
2390.887,15,65,1,0,101,0, 99
2394.354,15,65,0,81,101,81, 18
2395.904,15,65,0,17,101,98, 1
2396.771,15,65,1,0,101,99, 0
2399.137,15,66,0,0,0,0,200
2405.454,15,66,0,88,88,0, 112
2407.771,15,66,0,8,96,0, 104
2410.721,15,66,0,69,96,69, 35
2411.821,15,66,0,18,96,87, 17
2414.087,15,66,0,17,96,104, 0
2416.554,15,67,0,0,0,0,200
2420.271,15,67,0,100,100,0, 100
2424.187,15,67,0,98,100,98, 2
2425.571,15,67,0,2,100,100, 0
2428.204,15,68,0,0,0,0,200
2431.487,15,68,0,100,100,0, 100
2435.121,15,68,1,0,101,0, 99
2435.687,15,68,1,0,102,0, 98
2439.137,15,68,0,94,102,94, 4
2440.187,15,68,0,4,102,98, 0
2441.787,15,69,0,0,0,0,200
2445.154,15,69,0,96,96,0, 104
2446.904,15,69,0,3,99,0, 101
2449.637,15,69,0,101,99,101, 0
2451.021,15,70,0,0,0,0,200
2453.621,15,70,0,77,77,0, 123
2457.004,15,70,0,123,200,0, 0
2459.471,15,70,0,116,84,116, 0
2465.287,15,71,0,0,0,0,200
2467.854,15,71,0,90,90,0, 110
2470.804,15,71,1,0,91,0, 109
2473.154,15,71,0,104,91,104, 5
2474.487,15,71,1,0,91,105, 4
2476.854,15,71,1,0,92,105, 3
2477.137,15,71,1,0,93,105, 2
2478.121,15,71,1,0,94,105, 1
2478.771,15,71,1,0,95,105, 0
2480.937,15,72,0,0,0,0,200
2484.154,15,72,0,92,92,0, 108
2484.787,15,72,1,0,93,0, 107
2485.854,15,72,1,0,94,0, 106
2486.804,15,72,1,0,95,0, 105
2487.104,15,72,1,0,96,0, 104
2487.737,15,72,1,0,97,0, 103
2489.921,15,72,1,0,98,0, 102
2490.371,15,72,1,0,99,0, 101
2490.887,15,72,1,0,100,0, 100
2495.121,15,72,0,86,100,86, 14
2499.304,15,72,0,4,100,90, 10
2499.837,15,72,1,0,100,91, 9
2500.521,15,72,1,0,100,92, 8
2501.037,15,72,1,0,100,93, 7
2501.604,15,72,1,0,100,94, 6
2502.271,15,72,1,0,100,95, 5
2502.837,15,72,1,0,100,96, 4
2503.471,15,72,1,0,100,97, 3
2504.504,15,72,1,0,100,98, 2
2504.854,15,72,1,0,100,99, 1
2505.721,15,72,1,0,100,100, 0
117.7367,16,1,0,0,0,0,200
153.07,16,1,1,0,1,0, 199
155.22,16,1,1,0,2,0, 198
156.1867,16,1,0,25,27,0, 173
157.4867,16,1,0,47,74,0, 126
158.9867,16,1,0,15,89,0, 111
160.5867,16,1,0,7,96,0, 104
161.4034,16,1,0,1,97,0, 103
170.7868,16,1,0,95,97,95, 8
172.3867,16,1,0,7,97,102, 1
173.1534,16,1,0,1,97,103, 0
184.3536,16,2,0,0,0,0,200
197.02,16,2,0,100,100,0, 100
201.4867,16,2,0,100,100,100, 0
207.4034,16,3,0,0,0,0,200
215.1867,16,3,0,85,85,0, 115
216.6867,16,3,0,1,86,0, 114
218.8701,16,3,0,6,92,0, 108
221.2867,16,3,0,9,101,0, 99
222.6034,16,3,0,9,110,0, 90
231.2367,16,3,0,49,110,49, 41
232.8201,16,3,0,29,110,78, 12
236.4867,16,3,1,0,110,79, 11
237.3367,16,3,1,0,110,80, 10
237.7534,16,3,1,0,110,81, 9
238.8367,16,3,0,7,110,88, 2
239.52,16,3,0,1,110,89, 1
240.1201,16,3,1,0,110,88, 2
240.5534,16,3,0,1,110,89, 1
241.5867,16,3,1,0,110,90, 0
242.4869,16,3,1,0,109,91, 0
243.1867,16,3,1,0,108,92, 0
243.7534,16,3,1,0,107,93, 0
290.8367,16,4,0,0,0,0,200
311.0534,16,4,0,76,76,0, 124
312.7534,16,4,0,9,85,0, 115
313.8701,16,4,0,2,87,0, 113
315.3034,16,4,0,5,92,0, 108
316.6367,16,4,1,0,91,1, 108
316.9868,16,4,0,3,94,1, 105
317.7701,16,4,0,1,95,1, 104
318.2868,16,4,1,0,94,2, 104
318.4701,16,4,0,1,95,1, 104
319.5201,16,4,1,0,96,0, 104
321.9701,16,4,0,1,97,0, 103
323.4868,16,4,0,2,99,0, 101
329.8034,16,4,0,61,99,61, 40
333.1367,16,4,0,16,99,77, 24
336.2368,16,4,1,0,99,76, 25
336.8034,16,4,0,11,99,87, 14
337.2868,16,4,1,0,99,86, 15
337.5201,16,4,0,1,99,87, 14
338.3867,16,4,1,0,99,86, 15
339.0867,16,4,0,6,99,92, 9
343.9534,16,4,1,0,99,93, 8
345.1034,16,4,0,6,99,99, 2
345.7868,16,4,1,0,99,100, 1
346.8868,16,4,1,0,99,101, 0
359.4701,16,5,0,0,0,0,200
363.6034,16,5,0,96,96,0, 104
364.9534,16,5,0,5,101,0, 99
367.8868,16,5,0,89,101,89, 10
369.1701,16,5,0,8,101,97, 2
370.1368,16,5,0,2,101,99, 0
373.6201,16,6,0,0,0,0,200
378.3534,16,6,0,95,95,0, 105
380.0868,16,6,0,5,100,0, 100
382.7034,16,6,1,0,101,0, 99
386.7201,16,6,1,0,100,1, 99
387.8535,16,6,0,98,100,99, 1
388.9535,16,6,0,1,100,100, 0
391.1868,16,6,1,0,101,99, 0
394.2368,16,7,0,0,0,0,200
409.5534,16,7,0,97,97,0, 103
410.7201,16,7,0,1,98,0, 102
415.9368,16,7,0,59,98,59, 43
417.2201,16,7,0,1,98,60, 42
418.9201,16,7,0,20,98,80, 22
419.8034,16,7,0,1,98,81, 21
420.5534,16,7,0,1,98,82, 20
422.5701,16,7,0,10,98,92, 10
428.787,16,7,0,2,98,94, 8
433.3201,16,7,0,5,103,94, 3
437.2701,16,7,1,0,102,95, 3
437.9368,16,7,1,0,102,96, 2
438.3701,16,7,1,0,102,97, 1
439.0034,16,7,1,0,102,98, 0
448.1035,16,8,0,0,0,0,200
455.4201,16,8,0,83,83,0, 117
457.7701,16,8,0,4,87,0, 113
461.1201,16,8,0,10,97,0, 103
461.8201,16,8,0,1,98,0, 102
464.0201,16,8,0,1,99,0, 101
467.8035,16,8,0,81,99,81, 20
468.9534,16,8,0,2,99,83, 18
469.8035,16,8,0,4,99,87, 14
470.2035,16,8,1,0,99,86, 15
470.5701,16,8,0,9,99,95, 6
471.3035,16,8,0,2,99,97, 4
472.1701,16,8,0,3,99,100, 1
473.0868,16,8,0,1,99,101, 0
477.3034,16,9,0,0,0,0,200
487.8201,16,9,0,68,68,0, 132
488.3201,16,9,1,0,67,1, 132
489.1201,16,9,0,7,74,1, 125
490.4201,16,9,0,7,81,0, 119
492.1534,16,9,0,1,82,0, 118
493.0869,16,9,0,4,86,0, 114
493.5535,16,9,1,0,87,0, 113
497.9535,16,9,0,22,87,22, 91
501.1701,16,9,0,54,87,76, 37
501.9868,16,9,0,2,87,78, 35
504.3201,16,9,0,5,87,83, 30
506.2867,16,9,0,22,87,105, 8
507.7868,16,9,0,4,87,109, 4
508.4035,16,9,0,2,87,111, 2
510.1701,16,9,1,0,87,112, 1
510.8535,16,9,1,0,87,113, 0
518.2701,16,10,0,0,0,0,200
523.3035,16,10,0,98,98,0, 102
524.3201,16,10,0,2,100,0, 100
530.4368,16,10,0,100,100,100, 0
534.4035,16,11,0,0,0,0,200
540.2035,16,11,0,71,71,0, 129
541.5701,16,11,0,23,94,0, 106
542.9868,16,11,0,4,98,0, 102
544.187,16,11,0,4,102,0, 98
550.2535,16,11,0,82,102,82, 16
550.9368,16,11,0,1,102,83, 15
552.2535,16,11,0,11,102,94, 4
554.6368,16,11,1,0,102,95, 3
555.0702,16,11,1,0,102,96, 2
557.2036,16,11,0,2,102,98, 0
563.3868,16,11,1,0,101,99, 0
564.3368,16,11,1,0,100,100, 0
609.7701,16,12,0,0,0,0,200
621.0535,16,12,0,91,91,0, 109
622.6202,16,12,0,2,93,0, 107
625.4034,16,12,0,4,97,0, 103
630.9368,16,12,0,78,97,78, 25
634.2035,16,12,0,11,97,89, 14
635.6368,16,12,0,3,97,92, 11
636.3868,16,12,1,0,97,93, 10
636.987,16,12,0,4,97,97, 6
638.2535,16,12,0,3,97,100, 3
639.1035,16,12,0,2,97,102, 1
639.8035,16,12,1,0,97,103, 0
645.1202,16,13,0,0,0,0,200
648.9702,16,13,0,90,90,0, 110
650.6368,16,13,0,7,97,0, 103
653.1368,16,13,0,3,100,0, 100
654.2869,16,13,0,3,103,0, 97
660.4368,16,13,0,72,103,72, 25
661.6868,16,13,0,25,103,97, 0
667.7202,16,13,1,0,102,98, 0
668.5035,16,13,1,0,101,99, 0
673.1702,16,14,0,0,0,0,200
680.3535,16,14,0,99,99,0, 101
685.8535,16,14,0,101,99,101, 0
690.5869,16,15,0,0,0,0,200
697.5202,16,15,0,53,53,0, 147
698.5869,16,15,0,33,86,0, 114
702.1534,16,15,0,10,96,0, 104
704.5702,16,15,0,2,98,0, 102
706.8702,16,15,0,2,100,0, 100
708.8369,16,15,1,0,99,1, 100
709.0202,16,15,0,2,101,0, 99
711.8369,16,15,1,0,102,0, 98
717.9535,16,15,0,96,102,96, 2
719.4368,16,15,1,0,102,97, 1
719.9869,16,15,1,0,102,98, 0
729.7369,16,16,0,0,0,0,200
735.8536,16,16,0,98,0,98, 102
736.9869,16,16,0,2,0,100, 100
737.6702,16,16,0,1,0,101, 99
739.0369,16,16,1,0,0,102, 98
744.1038,16,16,0,98,98,102, 0
753.4202,16,16,1,0,99,101, 0
756.2203,16,17,0,0,0,0,200
769.0703,16,17,0,98,98,0, 102
772.7036,16,17,0,102,98,102, 0
777.1202,16,18,0,0,0,0,200
787.3869,16,18,0,99,99,0, 101
788.7369,16,18,0,3,102,0, 98
793.5202,16,18,0,78,102,78, 20
795.9203,16,18,0,10,102,88, 10
799.6202,16,18,0,6,102,94, 4
800.1536,16,18,1,0,102,93, 5
800.8369,16,18,0,4,102,97, 1
801.2704,16,18,1,0,102,96, 2
801.5536,16,18,0,1,102,97, 1
802.7869,16,18,0,1,102,98, 0
809.9536,16,18,1,0,101,99, 0
874.3203,16,19,0,0,0,0,200
883.4869,16,19,0,99,99,0, 101
888.3036,16,19,0,98,99,98, 3
889.1536,16,19,0,3,99,101, 0
894.2869,16,20,0,0,0,0,200
909.2703,16,20,0,95,95,0, 105
910.4703,16,20,0,3,98,0, 102
911.3702,16,20,0,5,103,0, 97
915.3203,16,20,0,97,103,97, 0
918.5036,16,21,0,0,0,0,200
924.4036,16,21,0,85,85,0, 115
925.9371,16,21,0,14,99,0, 101
927.7869,16,21,0,6,105,0, 95
943.1369,16,22,0,0,0,0,200
951.7869,16,22,0,47,47,0, 153
952.8371,16,22,0,1,48,0, 152
953.7869,16,22,0,47,95,0, 105
961.9536,16,22,0,1,96,0, 104
968.0703,16,22,1,0,97,0, 103
968.7203,16,22,1,0,98,0, 102
969.3869,16,22,1,0,99,0, 101
970.9536,16,22,1,0,100,0, 100
979.3203,16,23,0,0,0,0,200
987.537,16,23,0,63,63,0, 137
989.3536,16,23,0,26,89,0, 111
990.7369,16,23,0,6,95,0, 105
994.4705,16,23,0,6,101,0, 99
994.9036,16,23,1,0,102,0, 98
995.1202,16,23,0,2,104,0, 96
1000.87,16,23,1,0,105,0, 95
1002.22,16,23,1,0,106,0, 94
1012.52,16,23,1,0,107,0, 93
1013.537,16,23,1,0,108,0, 92
1018.604,16,24,0,0,0,0,200
1028.054,16,24,0,99,99,0, 101
1029.42,16,24,0,1,100,0, 100
1032.07,16,24,0,1,101,0, 99
1046.37,16,24,1,0,100,0, 100
1050.537,16,25,0,0,0,0,200
1062.304,16,25,0,95,95,0, 105
1064.204,16,25,0,4,99,0, 101
1071.354,16,25,1,0,100,0, 100
1099.054,16,25,1,0,101,0, 99
1101.237,16,26,0,0,0,0,200
1107.72,16,26,0,89,89,0, 111
1109.12,16,26,0,11,100,0, 100
1117.337,16,26,1,0,101,0, 99
1122.72,16,27,0,0,0,0,200
1134.437,16,27,0,93,93,0, 107
1135.487,16,27,0,3,96,0, 104
1136.62,16,27,0,1,97,0, 103
1145.57,16,27,0,2,99,0, 101
1152.854,16,27,0,1,100,0, 100
1158.354,16,27,1,0,99,0, 101
1162.554,16,28,0,0,0,0,200
1169.27,16,28,0,78,78,0, 122
1170.52,16,28,0,23,101,0, 99
1170.954,16,28,1,0,100,1, 99
1171.204,16,28,0,2,102,0, 98
1189.754,16,29,0,0,0,0,200
1197.887,16,29,0,91,91,0, 109
1199.004,16,29,0,10,101,0, 99
1199.487,16,29,0,1,102,0, 98
1220.97,16,29,1,0,101,0, 99
1245.237,16,30,0,0,0,0,200
1254.237,16,30,0,29,29,0, 171
1255.07,16,30,0,28,57,0, 143
1256.037,16,30,0,7,64,0, 136
1257.037,16,30,0,21,85,0, 115
1259.154,16,30,0,7,92,0, 108
1263.954,16,30,1,0,91,1, 108
1265.387,16,30,0,2,93,0, 107
1267.204,16,30,0,1,94,0, 106
1269.937,16,30,1,0,95,0, 105
1276.62,16,30,1,0,94,0, 106
1277.904,16,30,1,0,93,0, 107
1280.82,16,30,1,0,92,0, 108
1282.554,16,31,0,0,0,0,200
1290.62,16,31,0,117,117,0, 83
1295.804,16,31,1,0,118,0, 82
1299.287,16,32,0,0,0,0,200
1304.787,16,32,0,99,99,0, 101
1307.887,16,32,1,0,100,0, 100
1310.854,16,33,0,0,0,0,200
1320.47,16,33,0,102,102,0, 98
1322.037,16,33,0,1,103,0, 97
1323.52,16,33,0,5,108,0, 92
1331.17,16,33,1,0,107,0, 93
1339.854,16,34,0,0,0,0,200
1353.287,16,34,0,93,0,93, 107
1354.32,16,34,0,2,0,95, 105
1355.154,16,34,0,3,0,98, 102
1355.72,16,34,0,1,0,99, 101
1356.57,16,34,0,1,0,100, 100
1357.854,16,34,0,2,0,102, 98
1358.387,16,34,0,1,0,103, 97
1359.22,16,34,1,0,0,104, 96
1364.37,16,34,1,0,0,103, 97
1372.954,16,34,1,0,0,102, 98
1375.07,16,35,0,0,0,0,200
1382.92,16,35,0,20,0,20, 180
1384.004,16,35,0,82,0,102, 98
1390.537,16,36,0,0,0,0,200
1397.137,16,36,0,92,0,92, 108
1399.037,16,36,1,0,0,93, 107
1399.554,16,36,1,0,0,94, 106
1400.17,16,36,1,0,0,95, 105
1400.437,16,36,1,0,0,96, 104
1404.47,16,36,1,0,0,97, 103
1447.32,16,37,0,0,0,0,250
1475.637,16,37,0,58,58,0, 192
1476.404,16,37,0,16,74,0, 176
1477.604,16,37,0,7,81,0, 169
1482.02,16,37,0,6,87,0, 163
1482.554,16,37,1,0,86,0, 164
1482.937,16,37,0,16,102,0, 148
1484.137,16,37,1,0,101,0, 149
1484.537,16,37,0,5,106,0, 144
1485.604,16,37,0,2,108,0, 142
1490.037,16,37,1,0,109,0, 141
1493.104,16,37,1,0,110,0, 140
1500.37,16,37,0,2,108,0, 142
1501.304,16,37,0,2,106,0, 144
1502.187,16,37,0,1,105,0, 145
1504.337,16,37,0,1,104,0, 146
1516.687,16,38,0,0,0,0,250
1521.37,16,38,0,77,77,0, 173
1523.687,16,38,0,49,126,0, 124
1527.387,16,38,0,13,113,0, 137
1528.32,16,38,0,3,110,0, 140
1528.92,16,38,1,0,111,0, 139
1529.504,16,38,0,2,109,0, 141
1530.27,16,38,0,1,108,0, 142
1530.837,16,38,0,1,107,0, 143
1534.17,16,38,0,3,104,0, 146
1534.887,16,38,0,1,103,0, 147
1536.554,16,38,0,2,101,0, 149
1537.954,16,38,0,2,99,0, 151
1540.021,16,38,0,1,98,0, 152
1541.271,16,38,0,1,97,0, 153
1543.07,16,38,0,1,96,0, 154
1552.42,16,39,0,0,0,0,500
1566.854,16,39,0,121,121,0, 379
1574.154,16,39,0,63,184,0, 316
1581.537,16,39,0,4,188,0, 312
1584.654,16,39,0,20,208,0, 292
1587.937,16,39,0,9,199,0, 301
1588.62,16,39,0,18,181,0, 319
1589.554,16,39,0,10,171,0, 329
1591.537,16,39,0,17,154,0, 346
1593.92,16,39,0,11,143,0, 357
1595.554,16,39,0,1,142,0, 358
1596.754,16,39,0,6,136,0, 364
1597.554,16,39,0,8,128,0, 372
1598.204,16,39,0,1,127,0, 373
1598.837,16,39,0,1,126,0, 374
1600.437,16,39,0,2,124,0, 376
1602.654,16,39,0,2,122,0, 378
1605.804,16,39,0,2,120,0, 380
1607.004,16,39,0,2,118,0, 382
1607.604,16,39,0,3,115,0, 385
1623.787,16,40,0,0,0,0,500
1631.604,16,40,0,68,68,0, 432
1633.337,16,40,0,138,206,0, 294
1635.187,16,40,0,86,292,0, 208
1636.737,16,40,0,68,360,0, 140
1637.754,16,40,0,6,366,0, 134
1638.437,16,40,0,2,368,0, 132
1640.887,16,40,0,15,383,0, 117
1643.737,16,40,0,3,386,0, 114
1646.57,16,40,0,7,393,0, 107
1647.704,16,40,0,1,394,0, 106
1655.687,16,40,1,0,393,0, 107
1656.354,16,40,1,0,392,0, 108
1657.304,16,40,1,0,391,0, 109
1657.97,16,40,1,0,390,0, 110
1669.771,16,40,1,0,391,0, 109
1676.104,16,41,0,0,0,0,250
1679.604,16,41,0,39,39,0, 211
1680.204,16,41,0,10,49,0, 201
1681.437,16,41,0,22,71,0, 179
1683.554,16,41,0,17,88,0, 162
1684.087,16,41,1,0,87,0, 163
1684.537,16,41,0,4,91,0, 159
1685.454,16,41,0,5,96,0, 154
1687.07,16,41,0,2,98,0, 152
1691.554,16,41,1,0,99,0, 151
1698.254,16,41,0,2,101,0, 149
1707.187,16,41,1,0,102,0, 148
1710.554,16,41,1,0,103,0, 147
1712.271,16,41,1,0,104,0, 146
1717.487,16,41,0,3,101,0, 149
1718.171,16,41,0,1,100,0, 150
1720.604,16,41,0,1,99,0, 151
1721.271,16,41,0,1,98,0, 152
1723.204,16,41,0,1,97,0, 153
1725.337,16,41,0,1,96,0, 154
1726.137,16,41,0,1,95,0, 155
1734.72,16,42,0,0,0,0,250
1739.32,16,42,0,89,89,0, 161
1740.32,16,42,1,0,90,0, 160
1741.104,16,42,0,20,110,0, 140
1743.604,16,42,0,2,112,0, 138
1744.987,16,42,0,2,114,0, 136
1750.304,16,42,0,5,119,0, 131
1751.987,16,42,0,1,120,0, 130
1757.354,16,42,0,8,112,0, 138
1760.037,16,42,0,7,105,0, 145
1762.637,16,42,0,2,103,0, 147
1765.154,16,42,0,2,101,0, 149
1771.854,16,43,0,0,0,0,250
1775.62,16,43,0,116,116,0, 134
1782.354,16,43,1,0,117,0, 133
1784.721,16,43,0,3,114,0, 136
1786.737,16,43,0,6,108,0, 142
1789.504,16,43,0,1,107,0, 143
1794.654,16,43,0,1,106,0, 144
1797.454,16,44,0,0,0,0,750
1804.72,16,44,0,177,177,0, 573
1812.737,16,44,0,38,215,0, 535
1818.037,16,44,0,30,185,0, 565
1819.387,16,44,0,22,163,0, 587
1820.387,16,44,0,8,155,0, 595
1821.054,16,44,0,1,154,0, 596
1821.987,16,44,0,1,153,0, 597
1822.887,16,44,0,6,147,0, 603
1823.97,16,44,0,1,146,0, 604
1824.604,16,44,0,2,144,0, 606
1826.754,16,44,0,13,131,0, 619
1830.104,16,44,0,1,130,0, 620
1830.887,16,44,0,1,129,0, 621
1833.571,16,44,0,1,128,0, 622
1837.97,16,44,0,1,127,0, 623
1840.187,16,44,1,0,128,0, 622
1840.921,16,44,0,1,127,0, 623
1841.737,16,44,0,1,126,0, 624
1846.671,16,44,0,1,125,0, 625
1850.154,16,45,0,0,0,0,500
1854.237,16,45,0,128,128,0, 372
1859.154,16,45,1,0,129,0, 371
1860.104,16,45,0,52,181,0, 319
1864.554,16,45,0,24,157,0, 343
1865.47,16,45,0,12,145,0, 355
1866.521,16,45,0,8,137,0, 363
1868.437,16,45,1,0,136,0, 364
1868.771,16,45,0,3,133,0, 367
1870.087,16,45,0,1,132,0, 368
1872.404,16,45,0,9,123,0, 377
1875.137,16,45,0,12,111,0, 389
1876.154,16,45,1,0,112,0, 388
1876.687,16,45,0,1,111,0, 389
1877.387,16,45,0,1,110,0, 390
1878.321,16,45,0,1,109,0, 391
1879.104,16,45,0,2,107,0, 393
1882.137,16,45,0,1,106,0, 394
1885.821,16,45,0,1,105,0, 395
1889.571,16,45,0,1,104,0, 396
1892.337,16,46,0,0,0,0,750
1897.721,16,46,0,161,161,0, 589
1899.921,16,46,0,60,221,0, 529
1908.821,16,46,0,28,193,0, 557
1909.971,16,46,0,14,179,0, 571
1910.354,16,46,1,0,180,0, 570
1910.821,16,46,0,13,167,0, 583
1912.154,16,46,0,8,159,0, 591
1913.071,16,46,0,5,154,0, 596
1914.721,16,46,0,6,148,0, 602
1915.737,16,46,0,1,147,0, 603
1918.754,16,46,0,2,145,0, 605
1919.687,16,46,0,2,143,0, 607
1920.421,16,46,0,2,141,0, 609
1923.554,16,46,0,2,139,0, 611
1924.604,16,46,0,4,135,0, 615
1926.287,16,46,0,3,132,0, 618
1926.987,16,46,0,1,131,0, 619
1927.804,16,46,0,2,129,0, 621
1930.354,16,46,0,2,127,0, 623
1933.937,16,46,0,1,126,0, 624
1936.021,16,46,0,4,122,0, 628
1937.421,16,46,0,2,120,0, 630
1939.104,16,46,1,0,121,0, 629
1939.337,16,46,0,2,119,0, 631
1940.321,16,46,0,2,117,0, 633
1941.787,16,46,0,1,116,0, 634
1942.737,16,46,0,1,115,0, 635
1948.987,16,47,0,0,0,0,750
1952.721,16,47,0,115,115,0, 635
1959.621,16,47,0,55,170,0, 580
1964.304,16,47,0,66,236,0, 514
1966.737,16,47,0,48,188,0, 562
1968.854,16,47,0,11,177,0, 573
1972.171,16,47,0,15,162,0, 588
1973.287,16,47,0,5,157,0, 593
1974.171,16,47,0,5,152,0, 598
1975.204,16,47,0,9,143,0, 607
1977.521,16,47,0,2,141,0, 609
1978.187,16,47,0,1,140,0, 610
1980.704,16,47,0,6,134,0, 616
1985.404,16,47,0,13,121,0, 629
1986.787,16,47,0,3,118,0, 632
1987.521,16,47,0,1,117,0, 633
1988.571,16,47,1,0,116,0, 634
1992.237,16,47,0,2,114,0, 636
1995.804,16,47,1,0,113,0, 637
1996.287,16,47,1,0,112,0, 638
1997.854,16,47,1,0,111,0, 639
2005.321,16,47,0,1,110,0, 640
2048.571,16,48,0,0,0,0,250
2051.871,16,48,0,116,116,0, 134
2057.554,16,48,1,0,117,0, 133
2060.937,16,48,0,1,116,0, 134
2062.987,16,48,0,9,107,0, 143
2064.771,16,48,0,3,104,0, 146
2073.104,16,49,0,0,0,0,500
2075.821,16,49,1,0,1,0, 499
2076.571,16,49,0,118,119,0, 381
2081.687,16,49,0,7,112,0, 388
2083.771,16,49,0,1,111,0, 389
2084.204,16,49,0,1,110,0, 390
2085.604,16,49,0,1,109,0, 391
2088.987,16,49,0,1,108,0, 392
2091.121,16,49,0,2,106,0, 394
2092.621,16,49,0,1,105,0, 395
2094.504,16,49,0,1,104,0, 396
2096.437,16,49,0,1,103,0, 397
2099.137,16,49,0,1,102,0, 398
2101.671,16,49,1,0,103,0, 397
2101.871,16,49,0,1,102,0, 398
2102.887,16,49,0,1,101,0, 399
2106.054,16,49,0,1,100,0, 400
2111.421,16,49,0,2,98,0, 402
2112.621,16,49,0,1,97,0, 403
2122.271,16,50,0,0,0,0,500
2138.937,16,50,0,157,157,0, 343
2148.154,16,50,0,20,137,0, 363
2151.521,16,50,0,10,127,0, 373
2153.621,16,50,0,1,126,0, 374
2154.437,16,50,0,1,125,0, 375
2157.237,16,50,0,3,122,0, 378
2158.721,16,50,0,1,121,0, 379
2160.404,16,50,0,1,120,0, 380
2167.721,16,50,0,2,118,0, 382
2170.121,16,50,0,2,116,0, 384
2172.037,16,50,0,2,114,0, 386
2178.271,16,50,1,0,113,0, 387
2178.821,16,50,1,0,112,0, 388
2180.137,16,50,1,0,111,0, 389
2182.471,16,51,0,0,0,0,750
2186.537,16,51,0,63,63,0, 687
2187.204,16,51,0,25,88,0, 662
2187.821,16,51,0,16,104,0, 646
2188.454,16,51,0,9,113,0, 637
2189.304,16,51,0,21,134,0, 616
2190.204,16,51,0,3,137,0, 613
2191.087,16,51,0,1,138,0, 612
2198.521,16,51,0,15,123,0, 627
2200.221,16,51,0,3,120,0, 630
2201.804,16,51,0,10,110,0, 640
2206.871,16,51,0,9,101,0, 649
2220.104,16,51,1,0,102,0, 648
2222.987,16,51,1,0,103,0, 647
2223.771,16,51,1,0,104,0, 646
2232.987,16,51,1,0,105,0, 645
2237.571,16,52,0,0,0,0,750
2245.604,16,52,0,58,58,0, 692
2246.821,16,52,0,29,87,0, 663
2247.354,16,52,1,0,88,0, 662
2247.654,16,52,0,17,105,0, 645
2248.687,16,52,0,2,107,0, 643
2257.487,16,52,0,7,114,0, 636
2259.371,16,52,1,0,113,0, 637
2259.654,16,52,0,10,123,0, 627
2260.687,16,52,0,11,134,0, 616
2263.637,16,52,0,12,146,0, 604
2267.487,16,52,0,57,203,0, 547
2273.371,16,52,0,49,154,0, 596
2274.421,16,52,0,13,141,0, 609
2275.887,16,52,1,0,142,0, 608
2276.121,16,52,0,12,130,0, 620
2277.854,16,52,0,3,127,0, 623
2280.304,16,52,0,1,126,0, 624
2281.171,16,52,0,2,124,0, 626
2282.321,16,52,0,3,121,0, 629
2284.704,16,52,0,3,118,0, 632
2289.371,16,52,0,3,115,0, 635
2290.271,16,52,0,1,114,0, 636
2292.004,16,52,1,0,113,0, 637
2300.554,16,53,0,0,0,0,500
2304.221,16,53,0,123,123,0, 377
2305.221,16,53,0,2,125,0, 375
2310.404,16,53,0,87,212,0, 288
2314.121,16,53,0,89,123,0, 377
2315.954,16,53,1,0,124,0, 376
2316.404,16,53,0,4,120,0, 380
2317.137,16,53,0,1,119,0, 381
2318.821,16,53,0,10,109,0, 391
2320.504,16,53,0,3,106,0, 394
2323.137,16,53,0,1,105,0, 395
2327.671,16,53,1,0,106,0, 394
2336.537,16,53,1,0,107,0, 393
2341.321,16,54,0,0,0,0,250
2345.904,16,54,0,110,110,0, 140
2356.654,16,54,0,10,100,0, 150
2359.288,16,54,0,1,99,0, 151
2361.271,16,54,0,1,98,0, 152
2363.571,16,54,0,1,97,0, 153
2366.004,16,54,0,1,96,0, 154
2370.654,16,54,1,0,95,0, 155
2371.488,16,54,1,0,94,0, 156
2375.937,16,54,1,0,93,0, 157
2378.438,16,54,1,0,92,0, 158
2391.287,16,55,0,0,0,0,250
2402.621,16,55,0,91,91,0, 159
2403.554,16,55,0,6,97,0, 153
2407.304,16,55,0,2,99,0, 151
2408.187,16,55,0,2,101,0, 149
2408.887,16,55,0,2,103,0, 147
2411.954,16,55,0,2,105,0, 145
2412.454,16,55,1,0,106,0, 144
2413.154,16,55,1,0,107,0, 143
2417.354,16,55,0,1,106,0, 144
2426.537,16,55,0,3,103,0, 147
2431.354,16,55,1,0,104,0, 146
2450.487,16,56,0,0,0,0,250
2456.287,16,56,0,17,17,0, 233
2456.604,16,56,1,0,18,0, 232
2456.871,16,56,0,15,33,0, 217
2457.737,16,56,0,21,54,0, 196
2458.454,16,56,0,1,55,0, 195
2461.204,16,56,0,50,105,0, 145
2463.304,16,56,0,11,116,0, 134
2467.404,16,56,0,1,115,0, 135
2469.254,16,56,0,8,107,0, 143
2472.537,16,56,0,1,106,0, 144
2475.671,16,56,0,1,105,0, 145
2482.137,16,56,0,1,104,0, 146
2487.121,16,57,0,0,0,0,500
2494.771,16,57,0,139,139,0, 361
2501.071,16,57,0,20,119,0, 381
2501.671,16,57,0,7,112,0, 388
2503.921,16,57,0,4,108,0, 392
2504.954,16,57,0,1,107,0, 393
2505.554,16,57,0,1,106,0, 394
2506.154,16,57,0,1,105,0, 395
2511.171,16,57,1,0,104,0, 396
2511.987,16,57,1,0,103,0, 397
2513.887,16,57,1,0,102,0, 398
2527.654,16,58,0,0,0,0,750
2539.204,16,58,0,170,170,0, 580
2540.438,16,58,0,11,181,0, 569
2550.154,16,58,0,12,193,0, 557
2554.938,16,58,0,5,188,0, 562
2555.887,16,58,0,1,187,0, 563
2556.387,16,58,0,1,186,0, 564
2557.771,16,58,0,5,181,0, 569
2560.571,16,58,0,24,157,0, 593
2563.754,16,58,0,25,132,0, 618
2564.554,16,58,0,1,131,0, 619
2569.421,16,58,0,4,127,0, 623
2574.371,16,58,0,1,126,0, 624
2577.037,16,58,0,1,125,0, 625
2577.804,16,58,0,1,124,0, 626
2584.438,16,59,0,0,0,0,500
2597.071,16,59,0,198,198,0, 302
2599.038,16,59,0,20,178,0, 322
2599.938,16,59,0,9,169,0, 331
2600.754,16,59,0,2,167,0, 333
2601.404,16,59,0,4,163,0, 337
2602.221,16,59,0,2,161,0, 339
2604.204,16,59,0,5,156,0, 344
2605.304,16,59,0,2,154,0, 346
2610.421,16,59,0,1,153,0, 347
2613.054,16,59,0,17,136,0, 364
2613.837,16,59,1,0,137,0, 363
2614.271,16,59,0,6,131,0, 369
2614.954,16,59,0,2,129,0, 371
2615.988,16,59,0,1,128,0, 372
2620.938,16,59,0,6,122,0, 378
2621.654,16,59,0,2,120,0, 380
2628.021,16,59,1,0,119,0, 381
2631.537,16,59,1,0,118,0, 382
2633.354,16,59,1,0,117,0, 383
2635.921,16,59,1,0,116,0, 384
2636.471,16,59,1,0,115,0, 385
2647.037,16,59,1,0,114,0, 386
2650.804,16,60,0,0,0,0,250
2660.221,16,60,0,115,115,0, 135
2666.104,16,60,0,14,101,0, 149
2667.421,16,60,0,3,98,0, 152
2670.454,16,60,1,0,97,0, 153
2670.571,16,60,0,1,96,0, 154
2673.488,16,60,0,1,95,0, 155
2684.537,16,60,1,0,94,0, 156
2686.337,16,60,1,0,93,0, 157
2689.587,16,60,1,0,92,0, 158
2693.821,16,60,1,0,91,0, 159
2696.387,16,61,0,0,0,0,500
2702.921,16,61,0,119,119,0, 381
2713.438,16,61,0,65,184,0, 316
2714.387,16,61,0,7,191,0, 309
2722.488,16,61,0,41,150,0, 350
2724.571,16,61,0,1,149,0, 351
2726.571,16,61,0,3,146,0, 354
2729.288,16,61,0,2,144,0, 356
2731.421,16,61,0,1,143,0, 357
2732.938,16,61,0,6,137,0, 363
2733.921,16,61,0,1,136,0, 364
2736.904,16,61,0,5,131,0, 369
2740.087,16,61,0,13,118,0, 382
2746.521,16,61,0,4,114,0, 386
2747.421,16,61,0,1,113,0, 387
2748.354,16,61,0,1,112,0, 388
2750.188,16,61,0,1,111,0, 389
2759.571,16,61,0,3,108,0, 392
2760.121,16,61,0,1,107,0, 393
2763.037,16,61,0,1,106,0, 394
2764.938,16,61,0,2,104,0, 396
2770.521,16,61,1,0,103,0, 397
2772.904,16,61,1,0,102,0, 398
2776.621,16,62,0,0,0,0,250
2782.721,16,62,0,129,129,0, 121
2789.921,16,62,0,3,126,0, 124
2791.538,16,62,0,9,117,0, 133
2792.587,16,62,0,7,110,0, 140
2793.738,16,62,0,4,106,0, 144
2796.788,16,62,0,4,102,0, 148
2798.821,16,62,0,4,98,0, 152
2805.421,16,62,0,1,97,0, 153
2809.921,16,62,1,0,98,0, 152
2814.921,16,63,0,0,0,0,750
2831.738,16,63,0,203,203,0, 547
2838.421,16,63,0,56,147,0, 603
2841.421,16,63,0,4,143,0, 607
2842.371,16,63,0,7,136,0, 614
2846.421,16,63,0,3,133,0, 617
2847.621,16,63,0,1,132,0, 618
2850.738,16,63,0,5,127,0, 623
2853.354,16,63,0,10,117,0, 633
2854.754,16,63,0,1,116,0, 634
2856.637,16,63,0,2,114,0, 636
2858.754,16,63,0,1,113,0, 637
2863.371,16,63,0,2,111,0, 639
2864.021,16,63,0,1,110,0, 640
2869.554,16,63,1,0,111,0, 639
2870.088,16,63,1,0,112,0, 638
2874.154,16,63,1,0,111,0, 639
2874.721,16,63,1,0,110,0, 640
2875.254,16,63,1,0,109,0, 641
2877.671,16,63,1,0,108,0, 642
2884.421,16,63,1,0,107,0, 643
2887.121,16,63,1,0,106,0, 644
2887.704,16,63,1,0,105,0, 645
2889.454,16,63,1,0,104,0, 646
2891.954,16,64,0,0,0,0,750
2914.204,16,64,0,198,198,0, 552
2920.571,16,64,0,48,150,0, 600
2921.604,16,64,0,8,142,0, 608
2923.921,16,64,0,4,138,0, 612
2926.454,16,64,0,2,136,0, 614
2931.271,16,64,0,10,126,0, 624
2933.154,16,64,0,1,125,0, 625
2934.121,16,64,0,4,121,0, 629
2938.637,16,64,0,3,118,0, 632
2939.421,16,64,0,1,117,0, 633
2940.121,16,64,0,3,114,0, 636
2944.571,16,64,0,3,111,0, 639
2947.938,16,64,0,3,108,0, 642
2957.371,16,64,0,1,107,0, 643
2958.004,16,64,1,0,108,0, 642
2958.121,16,64,0,1,107,0, 643
2959.171,16,64,0,1,106,0, 644
2961.321,16,64,0,1,105,0, 645
2963.137,16,64,0,1,104,0, 646
2964.637,16,64,0,1,103,0, 647
2973.204,16,64,1,0,104,0, 646
2973.788,16,64,1,0,105,0, 645
2976.104,16,65,0,0,0,0,750
2984.554,16,65,0,176,176,0, 574
2989.238,16,65,0,7,169,0, 581
2990.521,16,65,1,0,170,0, 580
2990.771,16,65,0,1,169,0, 581
2991.488,16,65,0,1,168,0, 582
2992.054,16,65,0,1,167,0, 583
2994.821,16,65,0,33,134,0, 616
2997.804,16,65,0,4,130,0, 620
2999.821,16,65,0,2,128,0, 622
3003.188,16,65,0,16,112,0, 638
3004.538,16,65,0,3,109,0, 641
3006.488,16,65,0,1,108,0, 642
3035.738,16,66,0,0,0,0,500
3050.304,16,66,0,143,143,0, 357
3059.354,16,66,0,9,134,0, 366
3061.388,16,66,0,7,127,0, 373
3062.871,16,66,0,6,121,0, 379
3064.754,16,66,0,2,119,0, 381
3067.038,16,66,0,1,118,0, 382
3067.571,16,66,0,1,117,0, 383
3070.321,16,66,0,4,113,0, 387
3073.021,16,66,0,1,112,0, 388
3078.754,16,66,0,4,108,0, 392
3079.938,16,66,0,1,107,0, 393
3083.788,16,66,0,1,106,0, 394
3090.938,16,66,0,1,105,0, 395
3092.604,16,66,0,1,104,0, 396
3093.071,16,66,0,1,103,0, 397
3094.654,16,66,0,1,102,0, 398
3098.954,16,66,0,1,101,0, 399
3101.571,16,66,0,1,100,0, 400
3105.188,16,66,0,1,99,0, 401
3106.771,16,67,0,0,0,0,250
3120.654,16,67,0,115,115,0, 135
3126.154,16,67,1,0,116,0, 134
3126.538,16,67,0,1,115,0, 135
3128.971,16,67,0,3,112,0, 138
3130.804,16,67,0,1,111,0, 139
3133.971,16,67,0,1,110,0, 140
3136.504,16,67,0,1,109,0, 141
3137.438,16,67,0,1,108,0, 142
3144.004,16,67,0,2,106,0, 144
3146.871,16,67,0,2,104,0, 146
3147.838,16,67,0,1,103,0, 147
3148.871,16,67,0,2,101,0, 149
3159.954,16,68,0,0,0,0,750
3170.604,16,68,0,184,184,0, 566
3171.571,16,68,1,0,185,0, 565
3171.821,16,68,0,13,198,0, 552
3177.771,16,68,1,0,199,0, 551
3178.621,16,68,0,74,125,0, 625
3181.488,16,68,0,2,123,0, 627
3182.738,16,68,0,6,117,0, 633
3188.571,16,68,0,2,115,0, 635
3191.254,16,68,0,2,113,0, 637
3192.438,16,68,0,1,112,0, 638
3197.754,16,68,0,3,109,0, 641
3205.254,16,68,1,0,110,0, 640
3205.404,16,68,0,2,108,0, 642
3213.554,16,68,0,2,106,0, 644
3215.421,16,68,1,0,105,0, 645
3219.388,16,69,0,0,0,0,250
3224.121,16,69,0,112,112,0, 138
3231.054,16,69,0,1,111,0, 139
3232.088,16,69,0,2,109,0, 141
3234.504,16,69,0,4,105,0, 145
3235.238,16,69,0,1,104,0, 146
3238.471,16,69,0,3,101,0, 149
3240.271,16,69,0,1,100,0, 150
3244.988,16,69,0,1,99,0, 151
3257.371,16,69,0,1,98,0, 152
3270.304,16,70,0,0,0,0,500
3281.438,16,70,0,148,148,0, 352
3285.388,16,70,0,5,143,0, 357
3285.921,16,70,0,2,141,0, 359
3288.438,16,70,0,1,140,0, 360
3289.454,16,70,0,4,136,0, 364
3291.604,16,70,0,4,132,0, 368
3292.888,16,70,0,6,126,0, 374
3293.538,16,70,0,1,125,0, 375
3296.004,16,70,0,2,123,0, 377
3297.488,16,70,0,4,119,0, 381
3299.438,16,70,0,1,118,0, 382
3301.588,16,70,1,0,117,0, 383
3301.771,16,70,0,2,115,0, 385
3307.154,16,70,0,2,113,0, 387
3307.904,16,70,0,1,112,0, 388
3308.671,16,70,0,1,111,0, 389
3309.254,16,70,0,1,110,0, 390
3312.338,16,70,0,2,108,0, 392
3325.204,16,71,0,0,0,0,250
3335.504,16,71,0,113,113,0, 137
3339.954,16,71,0,2,111,0, 139
3343.788,16,71,1,0,110,0, 140
3346.071,16,71,0,4,106,0, 144
3346.654,16,71,0,1,105,0, 145
3347.388,16,71,0,1,104,0, 146
3351.788,16,71,0,1,103,0, 147
3357.671,16,71,1,0,102,0, 148
3360.821,16,71,1,0,101,0, 149
3371.404,16,71,1,0,100,0, 150
3374.271,16,71,1,0,99,0, 151
3376.471,16,72,0,0,0,0,500
3381.104,16,72,0,99,99,0, 401
3383.171,16,72,0,13,112,0, 388
3388.838,16,72,0,23,135,0, 365
3394.638,16,72,1,0,136,0, 364
3395.371,16,72,1,0,137,0, 363
3397.521,16,72,1,0,138,0, 362
3401.921,16,72,0,3,135,0, 365
3402.654,16,72,0,1,134,0, 366
3405.388,16,72,0,4,130,0, 370
3409.538,16,72,0,18,112,0, 388
3411.154,16,72,0,2,110,0, 390
3411.488,16,72,1,0,111,0, 389
3411.838,16,72,0,3,108,0, 392
3413.388,16,72,0,1,107,0, 393
3413.921,16,72,0,1,106,0, 394
3415.738,16,72,0,1,105,0, 395
3421.604,16,72,0,1,104,0, 396
3440.654,16,72,1,0,105,0, 395
3441.221,16,72,1,0,106,0, 394
73.72005,17,1,0,0,0,0,250
144.4201,17,2,0,0,0,0,250
231.2868,17,2,0,2,2,0, 248
235.8369,17,2,0,1,3,0, 247
237.4535,17,2,1,0,2,0, 248
238.5535,17,2,1,0,1,0, 249
238.6368,17,2,0,1,2,0, 248
239.5868,17,2,1,0,1,0, 249
240.6868,17,2,1,0,0,0, 250
242.4869,17,2,1,0,1,0, 249
243.2701,17,2,1,0,2,0, 248
243.9369,17,2,1,0,3,0, 247
245.0535,17,2,1,0,4,0, 246
245.6035,17,2,1,0,5,0, 245
246.0368,17,2,1,0,6,0, 244
246.5368,17,2,1,0,7,0, 243
247.5702,17,2,1,0,8,0, 242
248.0035,17,2,1,0,9,0, 241
248.5535,17,2,1,0,10,0, 240
248.8702,17,2,1,0,11,0, 239
249.3035,17,2,1,0,12,0, 238
249.7035,17,2,1,0,13,0, 237
250.5368,17,2,1,0,14,0, 236
250.9369,17,2,1,0,15,0, 235
251.2869,17,2,1,0,16,0, 234
252.7203,17,2,1,0,17,0, 233
253.3535,17,2,1,0,18,0, 232
254.0202,17,2,1,0,19,0, 231
257.6869,17,3,0,0,0,0,500
310.4036,17,3,0,149,149,0, 351
314.6536,17,3,1,0,148,0, 352
315.2869,17,3,1,0,147,0, 353
316.0369,17,3,1,0,146,0, 354
317.9202,17,3,1,0,145,0, 355
323.8869,17,3,1,0,144,0, 356
324.2369,17,3,1,0,143,0, 357
324.5869,17,3,1,0,142,0, 358
325.7703,17,3,1,0,141,0, 359
326.0536,17,3,1,0,140,0, 360
326.8869,17,3,1,0,139,0, 361
327.7536,17,3,1,0,138,0, 362
328.2036,17,3,1,0,137,0, 363
328.9203,17,3,1,0,136,0, 364
330.2369,17,3,1,0,135,0, 365
331.0036,17,3,1,0,134,0, 366
332.9036,17,3,1,0,133,0, 367
333.4203,17,3,1,0,132,0, 368
334.1203,17,3,1,0,131,0, 369
335.9369,17,3,1,0,130,0, 370
336.5369,17,3,1,0,129,0, 371
336.9036,17,3,1,0,128,0, 372
337.6202,17,3,1,0,127,0, 373
338.0536,17,3,1,0,126,0, 374
338.5703,17,3,1,0,125,0, 375
338.9869,17,3,1,0,124,0, 376
340.0703,17,3,1,0,123,0, 377
340.6869,17,3,1,0,122,0, 378
343.2202,17,3,1,0,121,0, 379
345.3536,17,3,1,0,120,0, 380
346.387,17,3,1,0,119,0, 381
346.9536,17,3,1,0,118,0, 382
347.9869,17,3,1,0,117,0, 383
348.6703,17,3,1,0,116,0, 384
349.3203,17,3,1,0,115,0, 385
350.4203,17,3,1,0,114,0, 386
351.1703,17,3,1,0,113,0, 387
352.1369,17,3,1,0,112,0, 388
352.8036,17,3,1,0,111,0, 389
354.4203,17,3,1,0,110,0, 390
355.5536,17,3,1,0,109,0, 391
362.0869,17,3,1,0,108,0, 392
362.6036,17,3,1,0,107,0, 393
363.2703,17,3,1,0,106,0, 394
364.5703,17,3,1,0,105,0, 395
366.7369,17,3,1,0,104,0, 396
368.7203,17,3,1,0,105,0, 395
370.1203,17,3,1,0,104,0, 396
370.5036,17,3,1,0,103,0, 397
371.0869,17,3,1,0,102,0, 398
376.9536,17,3,1,0,103,0, 397
384.7036,17,3,1,0,102,0, 398
387.387,17,3,1,0,101,0, 399
388.2203,17,3,1,0,100,0, 400
390.3536,17,3,1,0,99,0, 401
391.3703,17,3,1,0,98,0, 402
396.4203,17,3,1,0,97,0, 403
396.937,17,3,1,0,96,0, 404
397.587,17,3,1,0,95,0, 405
397.987,17,3,1,0,94,0, 406
399.3036,17,3,1,0,95,0, 405
401.3203,17,3,1,0,94,0, 406
406.787,17,3,1,0,93,0, 407
411.8036,17,3,1,0,92,0, 408
412.337,17,3,1,0,91,0, 409
413.1036,17,3,1,0,90,0, 410
429.487,17,3,1,0,89,0, 411
430.0036,17,3,1,0,88,0, 412
433.637,17,3,1,0,87,0, 413
444.137,17,3,1,0,86,0, 414
447.7704,17,3,1,0,87,0, 413
501.437,17,4,0,0,0,0,750
533.5871,17,4,0,16,16,0, 734
536.4705,17,4,1,0,15,0, 735
537.2204,17,4,1,0,14,0, 736
537.9204,17,4,1,0,13,0, 737
538.6371,17,4,1,0,12,0, 738
539.2538,17,4,1,0,11,0, 739
546.8038,17,4,0,5,16,0, 734
547.9371,17,4,1,0,17,0, 733
548.5704,17,4,1,0,18,0, 732
549.4371,17,4,1,0,19,0, 731
549.8038,17,4,1,0,20,0, 730
550.1871,17,4,1,0,21,0, 729
550.7038,17,4,1,0,22,0, 728
553.5538,17,4,1,0,21,0, 729
554.1371,17,4,1,0,20,0, 730
554.2038,17,4,0,1,21,0, 729
554.6705,17,4,1,0,20,0, 730
555.3371,17,4,1,0,19,0, 731
556.0204,17,4,1,0,18,0, 732
558.7038,17,4,1,0,19,0, 731
559.037,17,4,1,0,20,0, 730
560.6205,17,4,1,0,21,0, 729
567.5204,17,4,1,0,22,0, 728
567.9037,17,4,1,0,23,0, 727
568.2704,17,4,1,0,24,0, 726
572.7704,17,4,1,0,25,0, 725
573.1537,17,4,1,0,26,0, 724
573.4038,17,4,1,0,27,0, 723
574.3204,17,4,1,0,28,0, 722
574.6205,17,4,1,0,29,0, 721
574.9538,17,4,1,0,30,0, 720
575.2871,17,4,1,0,31,0, 719
583.0038,17,4,1,0,30,0, 720
584.3205,17,4,1,0,29,0, 721
597.0038,17,4,1,0,28,0, 722
597.5205,17,4,1,0,29,0, 721
597.9205,17,4,1,0,28,0, 722
599.0538,17,4,1,0,27,0, 723
601.8038,17,4,1,0,26,0, 724
602.3204,17,4,1,0,25,0, 725
623.2205,17,4,1,0,24,0, 726
623.6872,17,4,1,0,23,0, 727
625.6205,17,4,1,0,22,0, 728
725.0205,17,4,1,0,23,0, 727
727.6539,17,4,1,0,24,0, 726
728.5872,17,4,1,0,23,0, 727
728.9373,17,4,1,0,22,0, 728
761.504,17,4,1,0,23,0, 727
761.8539,17,4,1,0,24,0, 726
762.2039,17,4,1,0,25,0, 725
762.8206,17,4,1,0,26,0, 724
763.2873,17,4,1,0,27,0, 723
765.9206,17,4,1,0,28,0, 722
766.2873,17,4,1,0,29,0, 721
766.7706,17,4,1,0,30,0, 720
770.6206,17,4,1,0,31,0, 719
770.9706,17,4,1,0,32,0, 718
771.7372,17,4,1,0,33,0, 717
772.1039,17,4,1,0,34,0, 716
772.804,17,4,1,0,35,0, 715
779.1707,17,4,1,0,36,0, 714
779.4873,17,4,1,0,37,0, 713
779.7873,17,4,1,0,38,0, 712
780.054,17,4,1,0,39,0, 711
780.9039,17,4,1,0,40,0, 710
781.3373,17,4,1,0,41,0, 709
786.554,17,4,1,0,42,0, 708
787.9206,17,4,1,0,43,0, 707
789.7373,17,4,1,0,44,0, 706
796.5873,17,4,1,0,45,0, 705
797.0706,17,4,1,0,46,0, 704
797.6039,17,4,1,0,47,0, 703
799.9873,17,4,1,0,48,0, 702
800.6039,17,4,1,0,49,0, 701
801.454,17,4,1,0,50,0, 700
805.804,17,4,1,0,51,0, 699
826.054,17,4,1,0,52,0, 698
844.3373,17,4,1,0,53,0, 697
891.6207,17,5,0,0,0,0,500
903.9374,17,5,1,0,1,0, 499
904.4041,17,5,1,0,2,0, 498
904.7874,17,5,1,0,3,0, 497
905.1541,17,5,1,0,4,0, 496
906.004,17,5,1,0,5,0, 495
906.504,17,5,1,0,6,0, 494
906.7874,17,5,1,0,5,0, 495
907.2207,17,5,1,0,6,0, 494
907.5874,17,5,1,0,7,0, 493
909.4207,17,5,1,0,8,0, 492
909.7874,17,5,1,0,9,0, 491
910.1374,17,5,1,0,10,0, 490
910.6873,17,5,1,0,9,0, 491
911.3207,17,5,1,0,10,0, 490
911.6541,17,5,1,0,11,0, 489
913.3041,17,5,1,0,12,0, 488
913.6374,17,5,1,0,13,0, 487
913.9874,17,5,1,0,14,0, 486
914.7374,17,5,1,0,15,0, 485
916.7541,17,5,1,0,16,0, 484
917.104,17,5,1,0,17,0, 483
917.4707,17,5,1,0,18,0, 482
917.7708,17,5,1,0,19,0, 481
919.2708,17,5,1,0,20,0, 480
919.804,17,5,1,0,21,0, 479
920.204,17,5,1,0,22,0, 478
920.8374,17,5,1,0,23,0, 477
926.5541,17,5,1,0,24,0, 476
927.4708,17,5,1,0,25,0, 475
927.7374,17,5,1,0,26,0, 474
928.1207,17,5,1,0,27,0, 473
928.7874,17,5,1,0,28,0, 472
929.1374,17,5,1,0,29,0, 471
929.3874,17,5,1,0,30,0, 470
929.6541,17,5,1,0,31,0, 469
931.6874,17,5,1,0,32,0, 468
932.1207,17,5,1,0,33,0, 467
932.6541,17,5,0,1,34,0, 466
933.304,17,5,1,0,35,0, 465
935.1207,17,5,1,0,36,0, 464
936.7374,17,5,0,5,41,0, 459
939.7874,17,5,0,1,42,0, 458
941.704,17,5,1,0,41,0, 459
941.9708,17,5,0,2,43,0, 457
948.9708,17,5,1,0,44,0, 456
949.2374,17,5,0,1,45,0, 455
949.704,17,5,1,0,46,0, 454
950.5541,17,5,1,0,45,0, 455
951.6874,17,5,0,1,46,0, 454
952.2208,17,5,1,0,47,0, 453
952.8041,17,5,1,0,48,0, 452
953.4374,17,5,1,0,49,0, 451
953.7374,17,5,1,0,50,0, 450
957.7374,17,5,1,0,49,0, 451
959.5707,17,5,1,0,48,0, 452
961.4041,17,5,1,0,47,0, 453
963.8375,17,5,1,0,46,0, 454
966.6874,17,5,1,0,47,0, 453
969.5875,17,5,1,0,46,0, 454
972.0874,17,5,1,0,47,0, 453
973.8708,17,5,1,0,48,0, 452
987.4041,17,5,1,0,49,0, 451
1002.554,17,5,0,3,52,0, 448
1003.271,17,5,1,0,53,0, 447
1004.104,17,5,1,0,54,0, 446
1004.454,17,5,1,0,55,0, 445
1005.104,17,5,1,0,56,0, 444
1005.521,17,5,1,0,57,0, 443
1005.821,17,5,1,0,58,0, 442
1006.454,17,5,1,0,59,0, 441
1006.804,17,5,1,0,60,0, 440
1007.154,17,5,1,0,61,0, 439
1007.704,17,5,1,0,62,0, 438
1016.137,17,5,1,0,63,0, 437
1019.487,17,5,1,0,64,0, 436
1041.021,17,5,1,0,63,0, 437
1043.338,17,5,1,0,62,0, 438
1045.821,17,5,1,0,61,0, 439
1051.721,17,5,1,0,62,0, 438
1056.671,17,5,1,0,63,0, 437
1066.554,17,5,1,0,64,0, 436
1078.888,17,5,1,0,63,0, 437
1085.171,17,5,1,0,64,0, 436
1085.954,17,5,1,0,65,0, 435
1088.804,17,5,1,0,66,0, 434
1097.788,17,5,1,0,67,0, 433
1098.304,17,5,1,0,68,0, 432
1101.404,17,5,1,0,67,0, 433
1116.221,17,6,0,0,0,0,250
1124.071,17,6,1,0,1,0, 249
1124.954,17,6,0,32,33,0, 217
1126.104,17,6,0,3,36,0, 214
1126.771,17,6,0,5,41,0, 209
1128.471,17,6,0,1,42,0, 208
1130.321,17,6,0,10,52,0, 198
1133.088,17,6,0,37,89,0, 161
1134.288,17,6,0,6,95,0, 155
1135.121,17,6,0,1,96,0, 154
1135.904,17,6,0,1,97,0, 153
1138.788,17,6,1,0,96,0, 154
1142.221,17,6,1,0,95,0, 155
1146.021,17,6,1,0,94,0, 156
1155.354,17,6,0,1,95,0, 155
1158.088,17,6,0,4,99,0, 151
1158.821,17,6,0,1,100,0, 150
1160.988,17,6,1,0,99,0, 151
1169.154,17,6,0,1,100,0, 150
1173.921,17,6,1,0,101,0, 149
1220.538,17,7,0,0,0,0,750
1284.688,17,7,0,178,178,0, 572
1289.604,17,7,1,0,177,0, 573
1290.638,17,7,1,0,176,0, 574
1292.254,17,7,1,0,175,0, 575
1292.721,17,7,1,0,174,0, 576
1293.988,17,7,1,0,173,0, 577
1294.704,17,7,1,0,172,0, 578
1302.471,17,7,1,0,171,0, 579
1303.121,17,7,1,0,170,0, 580
1303.938,17,7,1,0,169,0, 581
1304.271,17,7,1,0,168,0, 582
1304.971,17,7,1,0,167,0, 583
1305.438,17,7,1,0,166,0, 584
1306.304,17,7,1,0,165,0, 585
1307.204,17,7,1,0,164,0, 586
1308.321,17,7,1,0,163,0, 587
1309.688,17,7,1,0,162,0, 588
1310.638,17,7,1,0,163,0, 587
1311.554,17,7,1,0,162,0, 588
1311.921,17,7,1,0,161,0, 589
1313.504,17,7,1,0,160,0, 590
1314.038,17,7,1,0,159,0, 591
1315.554,17,7,1,0,158,0, 592
1317.288,17,7,1,0,157,0, 593
1319.304,17,7,1,0,156,0, 594
1320.371,17,7,1,0,155,0, 595
1321.854,17,7,1,0,156,0, 594
1322.404,17,7,1,0,155,0, 595
1323.238,17,7,1,0,154,0, 596
1324.054,17,7,1,0,153,0, 597
1325.038,17,7,1,0,152,0, 598
1325.871,17,7,1,0,151,0, 599
1326.854,17,7,1,0,150,0, 600
1328.621,17,7,1,0,149,0, 601
1329.321,17,7,1,0,148,0, 602
1330.371,17,7,1,0,149,0, 601
1331.404,17,7,1,0,148,0, 602
1331.971,17,7,1,0,147,0, 603
1332.888,17,7,1,0,146,0, 604
1333.638,17,7,1,0,145,0, 605
1335.421,17,7,1,0,144,0, 606
1336.571,17,7,1,0,143,0, 607
1337.304,17,7,1,0,142,0, 608
1338.288,17,7,1,0,141,0, 609
1341.538,17,7,1,0,140,0, 610
1342.154,17,7,1,0,139,0, 611
1342.838,17,7,1,0,138,0, 612
1345.421,17,7,1,0,137,0, 613
1346.471,17,7,1,0,136,0, 614
1347.104,17,7,1,0,135,0, 615
1347.871,17,7,1,0,134,0, 616
1348.804,17,7,1,0,133,0, 617
1349.571,17,7,1,0,132,0, 618
1352.721,17,7,1,0,131,0, 619
1359.021,17,7,1,0,130,0, 620
1359.454,17,7,1,0,129,0, 621
1360.504,17,7,1,0,128,0, 622
1360.988,17,7,1,0,127,0, 623
1365.004,17,7,1,0,126,0, 624
1365.454,17,7,1,0,125,0, 625
1367.104,17,7,1,0,124,0, 626
1367.938,17,7,1,0,123,0, 627
1370.638,17,7,1,0,122,0, 628
1371.121,17,7,1,0,121,0, 629
1372.004,17,7,1,0,120,0, 630
1374.521,17,7,1,0,119,0, 631
1378.971,17,7,1,0,118,0, 632
1379.454,17,7,1,0,117,0, 633
1397.888,17,7,1,0,116,0, 634
1414.754,17,7,1,0,115,0, 635
1418.304,17,7,1,0,114,0, 636
1424.054,17,7,1,0,113,0, 637
1430.604,17,7,1,0,112,0, 638
1432.721,17,7,1,0,111,0, 639
1437.138,17,7,1,0,110,0, 640
1439.238,17,7,1,0,109,0, 641
1441.788,17,7,1,0,108,0, 642
1457.521,17,7,1,0,107,0, 643
1465.338,17,7,1,0,106,0, 644
1468.821,17,7,1,0,105,0, 645
1469.438,17,7,1,0,104,0, 646
1472.821,17,7,1,0,103,0, 647
1478.538,17,7,1,0,102,0, 648
1485.104,17,7,1,0,103,0, 647
1494.954,17,8,0,0,0,0,250
1507.771,17,8,0,126,126,0, 124
1510.788,17,8,1,0,125,0, 125
1511.388,17,8,1,0,124,0, 126
1512.405,17,8,1,0,123,0, 127
1513.638,17,8,1,0,122,0, 128
1514.421,17,8,1,0,121,0, 129
1516.588,17,8,1,0,120,0, 130
1517.305,17,8,1,0,119,0, 131
1520.088,17,8,1,0,118,0, 132
1520.755,17,8,1,0,117,0, 133
1521.205,17,8,1,0,116,0, 134
1521.571,17,8,1,0,115,0, 135
1522.371,17,8,1,0,114,0, 136
1522.988,17,8,1,0,113,0, 137
1523.071,17,8,0,1,114,0, 136
1524.371,17,8,1,0,113,0, 137
1525.438,17,8,1,0,112,0, 138
1526.621,17,8,1,0,111,0, 139
1527.655,17,8,1,0,110,0, 140
1528.205,17,8,1,0,109,0, 141
1529.288,17,8,1,0,108,0, 142
1531.604,17,8,1,0,107,0, 143
1532.171,17,8,1,0,106,0, 144
1535.171,17,8,1,0,105,0, 145
1536.205,17,8,1,0,104,0, 146
1538.555,17,8,1,0,103,0, 147
1541.238,17,8,1,0,102,0, 148
1543.871,17,8,1,0,101,0, 149
1544.771,17,8,1,0,100,0, 150
1546.205,17,8,1,0,99,0, 151
1547.138,17,8,1,0,98,0, 152
1550.288,17,8,1,0,99,0, 151
1553.688,17,8,1,0,100,0, 150
1556.021,17,8,1,0,99,0, 151
1560.805,17,8,1,0,100,0, 150
1577.805,17,9,0,0,0,0,750
1600.071,17,9,0,189,189,0, 561
1618.121,17,9,0,39,150,0, 600
1619.371,17,9,0,1,149,0, 601
1620.071,17,9,0,1,148,0, 602
1623.171,17,9,0,9,139,0, 611
1625.405,17,9,0,15,124,0, 626
1627.721,17,9,1,0,125,0, 625
1628.605,17,9,0,4,121,0, 629
1634.955,17,9,0,1,120,0, 630
1635.771,17,9,0,1,119,0, 631
1639.405,17,9,0,2,117,0, 633
1640.721,17,9,0,2,115,0, 635
1646.021,17,9,0,1,114,0, 636
1647.088,17,9,0,3,111,0, 639
1653.971,17,9,0,3,108,0, 642
1659.021,17,9,0,2,106,0, 644
1662.088,17,9,0,1,105,0, 645
1662.821,17,9,1,0,106,0, 644
1663.055,17,9,0,1,105,0, 645
1668.038,17,9,0,1,104,0, 646
1673.638,17,9,1,0,103,0, 647
1674.405,17,9,1,0,102,0, 648
1680.105,17,9,1,0,101,0, 649
1683.505,17,9,1,0,100,0, 650
1684.405,17,9,1,0,99,0, 651
1690.205,17,9,1,0,98,0, 652
1691.138,17,9,1,0,97,0, 653
1691.855,17,9,1,0,96,0, 654
1707.338,17,9,1,0,95,0, 655
1714.938,17,10,0,0,0,0,250
1723.038,17,10,0,122,122,0, 128
1729.171,17,10,0,5,117,0, 133
1731.155,17,10,0,1,116,0, 134
1733.705,17,10,0,9,107,0, 143
1736.638,17,10,0,2,105,0, 145
1737.555,17,10,0,3,102,0, 148
1740.721,17,10,0,1,101,0, 149
1743.288,17,10,0,2,99,0, 151
1752.671,17,10,1,0,100,0, 150
1765.121,17,10,1,0,99,0, 151
1766.505,17,10,1,0,98,0, 152
1771.405,17,10,1,0,97,0, 153
1774.105,17,10,1,0,96,0, 154
1775.138,17,10,1,0,95,0, 155
1775.888,17,10,1,0,94,0, 156
1785.021,17,11,0,0,0,0,500
1801.338,17,11,0,135,135,0, 365
1807.171,17,11,0,34,101,0, 399
1814.055,17,11,1,0,100,0, 400
1816.588,17,11,1,0,99,0, 401
1823.888,17,11,1,0,100,0, 400
1829.905,17,11,1,0,101,0, 399
1837.505,17,11,1,0,100,0, 400
1838.271,17,11,1,0,99,0, 401
1848.105,17,11,1,0,98,0, 402
1868.821,17,11,1,0,97,0, 403
1882.072,17,11,1,0,96,0, 404
1886.005,17,11,1,0,95,0, 405
2020.372,17,12,0,0,0,0,250
2032.872,17,12,0,112,112,0, 138
2037.938,17,12,0,3,115,0, 135
2041.422,17,12,0,1,116,0, 134
2045.938,17,12,1,0,117,0, 133
2053.788,17,12,0,14,103,0, 147
2056.038,17,12,0,1,102,0, 148
2061.705,17,12,0,3,99,0, 151
2066.005,17,12,0,8,107,0, 143
2071.205,17,12,1,0,108,0, 142
2073.905,17,12,1,0,107,0, 143
2093.038,17,12,1,0,106,0, 144
2097.205,17,12,1,0,105,0, 145
2099.372,17,12,1,0,104,0, 146
2101.272,17,12,1,0,103,0, 147
2103.655,17,12,1,0,102,0, 148
2119.205,17,13,0,0,0,0,500
2131.572,17,13,0,159,159,0, 341
2136.888,17,13,0,36,123,0, 377
2138.922,17,13,0,9,114,0, 386
2143.505,17,13,0,3,111,0, 389
2147.805,17,13,0,1,110,0, 390
2150.155,17,13,0,1,109,0, 391
2157.072,17,13,1,0,108,0, 392
2160.122,17,13,1,0,107,0, 393
2166.172,17,13,1,0,106,0, 394
2179.472,17,13,1,0,105,0, 395
2186.272,17,13,1,0,104,0, 396
2191.505,17,13,1,0,103,0, 397
2198.005,17,13,1,0,102,0, 398
2201.922,17,14,0,0,0,0,500
2212.588,17,14,0,155,155,0, 345
2216.872,17,14,0,38,193,0, 307
2218.855,17,14,0,0,0,0, 500
2222.455,17,14,0,169,169,0, 331
2224.322,17,14,0,0,0,0, 500
2227.172,17,14,0,164,164,0, 336
2230.838,17,14,0,36,128,0, 372
2234.772,17,14,0,5,123,0, 377
2235.755,17,14,0,1,122,0, 378
2236.638,17,14,0,1,121,0, 379
2237.288,17,14,0,1,120,0, 380
2238.872,17,14,0,2,118,0, 382
2241.422,17,14,0,1,117,0, 383
2242.255,17,14,0,2,115,0, 385
2244.805,17,14,0,2,113,0, 387
2245.705,17,14,0,1,112,0, 388
2253.039,17,14,0,3,109,0, 391
2258.272,17,14,0,1,108,0, 392
2263.739,17,14,0,2,106,0, 394
2270.438,17,14,0,2,104,0, 396
2275.138,17,14,0,1,103,0, 397
2275.989,17,14,0,1,102,0, 398
2282.405,17,14,0,4,98,0, 402
2283.388,17,14,0,2,96,0, 404
2290.638,17,14,0,1,95,0, 405
2298.405,17,15,0,0,0,0,750
2336.239,17,15,0,189,189,0, 561
2339.688,17,15,0,50,139,0, 611
2340.605,17,15,0,3,136,0, 614
2342.972,17,15,0,11,125,0, 625
2343.972,17,15,0,1,124,0, 626
2348.322,17,15,1,0,123,0, 627
2354.505,17,15,1,0,122,0, 628
2355.305,17,15,1,0,121,0, 629
2359.138,17,15,1,0,120,0, 630
2367.405,17,15,1,0,119,0, 631
2369.572,17,15,1,0,118,0, 632
2384.472,17,15,1,0,117,0, 633
2388.972,17,15,1,0,116,0, 634
2394.388,17,15,1,0,117,0, 633
2394.822,17,15,1,0,116,0, 634
2395.622,17,15,1,0,117,0, 633
2396.005,17,15,1,0,116,0, 634
2397.022,17,15,1,0,115,0, 635
2406.772,17,15,1,0,114,0, 636
2412.405,17,16,0,0,0,0,500
2418.839,17,16,0,144,144,0, 356
2423.272,17,16,0,15,129,0, 371
2424.272,17,16,0,1,128,0, 372
2426.005,17,16,0,11,117,0, 383
2428.989,17,16,0,4,113,0, 387
2430.922,17,16,0,1,112,0, 388
2431.755,17,16,0,1,111,0, 389
2433.455,17,16,0,1,110,0, 390
2434.622,17,16,0,2,108,0, 392
2436.189,17,16,0,2,106,0, 394
2439.822,17,16,0,1,105,0, 395
2444.705,17,16,0,1,104,0, 396
2445.872,17,16,0,2,102,0, 398
2459.139,17,16,0,1,101,0, 399
2466.122,17,16,0,1,100,0, 400
2498.022,17,16,1,0,99,0, 401
2509.705,17,17,0,0,0,0,250
2513.405,17,17,0,122,122,0, 128
2517.089,17,17,0,2,120,0, 130
2519.805,17,17,0,18,102,0, 148
2521.889,17,17,0,1,101,0, 149
2523.705,17,17,0,1,100,0, 150
2524.872,17,17,0,2,98,0, 152
2529.755,17,17,1,0,99,0, 151
2530.005,17,17,0,1,98,0, 152
2530.722,17,17,0,1,97,0, 153
2531.472,17,17,0,1,96,0, 154
2533.805,17,17,0,1,95,0, 155
2535.205,17,17,0,2,93,0, 157
2538.289,17,17,1,0,94,0, 156
2545.472,17,17,0,1,93,0, 157
2559.589,17,17,0,1,92,0, 158
2566.972,17,17,0,1,91,0, 159
2572.439,17,18,0,0,0,0,750
2587.072,17,18,0,190,190,0, 560
2590.605,17,18,0,0,0,0, 750
2594.939,17,18,0,257,257,0, 493
2598.605,17,18,0,73,184,0, 566
2601.172,17,18,0,25,159,0, 591
2602.555,17,18,0,1,158,0, 592
2605.172,17,18,0,5,153,0, 597
2609.072,17,18,0,1,152,0, 598
2612.839,17,18,0,7,145,0, 605
2614.039,17,18,0,3,142,0, 608
2616.539,17,18,0,1,141,0, 609
2619.439,17,18,0,2,139,0, 611
2621.022,17,18,0,1,138,0, 612
2625.139,17,18,0,3,135,0, 615
2629.639,17,18,0,2,133,0, 617
2631.839,17,18,0,2,131,0, 619
2634.739,17,18,0,3,128,0, 622
2638.672,17,18,0,1,127,0, 623
2659.572,17,18,0,1,126,0, 624
2671.239,17,18,0,2,124,0, 626
2674.406,17,18,0,1,123,0, 627
2676.072,17,18,0,1,122,0, 628
2686.589,17,18,0,1,121,0, 629
2706.989,17,19,0,0,0,0,250
2740.622,17,19,0,106,106,0, 144
2745.555,17,19,0,4,110,0, 140
2751.956,17,19,0,2,112,0, 138
2758.122,17,19,0,2,110,0, 140
2763.506,17,19,0,1,109,0, 141
2764.222,17,19,0,1,108,0, 142
2766.372,17,19,0,1,107,0, 143
2767.139,17,19,0,1,106,0, 144
2770.422,17,19,0,1,105,0, 145
2772.355,17,19,0,1,104,0, 146
2779.055,17,19,0,1,103,0, 147
2783.689,17,19,0,1,102,0, 148
2800.839,17,19,0,1,101,0, 149
2804.222,17,19,0,1,100,0, 150
2812.072,17,19,0,1,99,0, 151
2816.072,17,20,0,0,0,0,250
2828.839,17,20,0,142,142,0, 108
2830.122,17,20,0,1,143,0, 107
2835.139,17,20,0,1,142,0, 108
2835.639,17,20,0,1,141,0, 109
2840.355,17,20,1,0,142,0, 108
2840.972,17,20,1,0,143,0, 107
2844.422,17,20,0,14,129,0, 121
2847.789,17,20,0,7,122,0, 128
2849.872,17,20,0,2,120,0, 130
2850.672,17,20,0,1,119,0, 131
2851.272,17,20,0,1,118,0, 132
2852.355,17,20,0,2,116,0, 134
2855.406,17,20,1,0,117,0, 133
2855.656,17,20,0,2,115,0, 135
2856.422,17,20,0,1,114,0, 136
2857.306,17,20,0,2,112,0, 138
2859.806,17,20,0,1,111,0, 139
2861.256,17,20,0,1,110,0, 140
2863.139,17,20,0,1,109,0, 141
2863.972,17,20,0,1,108,0, 142
2866.289,17,20,1,0,109,0, 141
2866.956,17,20,1,0,110,0, 140
2867.656,17,20,1,0,111,0, 139
2870.839,17,20,0,1,110,0, 140
2875.522,17,20,1,0,111,0, 139
2917.939,17,21,0,0,0,0,500
2931.072,17,21,0,142,142,0, 358
2937.339,17,21,0,14,128,0, 372
2938.289,17,21,0,3,125,0, 375
2938.856,17,21,0,2,123,0, 377
2939.639,17,21,0,1,122,0, 378
2940.356,17,21,0,5,117,0, 383
2941.006,17,21,0,1,116,0, 384
2941.789,17,21,0,3,113,0, 387
2942.489,17,21,0,1,112,0, 388
2943.322,17,21,0,1,111,0, 389
2963.572,17,21,0,3,114,0, 386
2964.889,17,21,1,0,115,0, 385
2969.172,17,21,1,0,116,0, 384
2971.372,17,21,1,0,117,0, 383
2971.689,17,21,1,0,116,0, 384
2979.539,17,21,1,0,115,0, 385
2982.056,17,21,1,0,114,0, 386
2989.256,17,21,1,0,115,0, 385
2993.472,17,21,1,0,114,0, 386
2994.706,17,21,1,0,113,0, 387
2998.922,17,21,1,0,112,0, 388
3001.206,17,21,1,0,111,0, 389
3011.839,17,21,1,0,110,0, 390
3021.606,17,21,1,0,111,0, 389
3021.956,17,21,1,0,112,0, 388
3022.572,17,21,1,0,113,0, 387
3025.806,17,21,1,0,112,0, 388
3059.206,17,22,0,0,0,0,250
3071.789,17,22,0,114,114,0, 136
3076.606,17,22,0,4,110,0, 140
3080.039,17,22,0,1,109,0, 141
3081.739,17,22,0,1,108,0, 142
3082.356,17,22,0,1,107,0, 143
3083.089,17,22,0,1,106,0, 144
3085.772,17,22,0,1,105,0, 145
3087.856,17,22,0,1,104,0, 146
3110.106,17,22,1,0,103,0, 147
3113.506,17,22,1,0,102,0, 148
3129.689,17,23,0,0,0,0,500
3137.756,17,23,0,173,173,0, 327
3143.306,17,23,0,35,138,0, 362
3145.456,17,23,0,10,128,0, 372
3148.339,17,23,0,1,127,0, 373
3149.256,17,23,0,3,124,0, 376
3151.123,17,23,0,4,120,0, 380
3152.706,17,23,0,1,119,0, 381
3154.239,17,23,0,1,118,0, 382
3155.506,17,23,0,1,117,0, 383
3157.406,17,23,0,1,116,0, 384
3161.323,17,23,0,1,115,0, 385
3164.323,17,23,1,0,116,0, 384
3164.522,17,23,0,1,115,0, 385
3166.406,17,23,0,1,114,0, 386
3169.022,17,23,0,1,113,0, 387
3173.039,17,23,0,1,112,0, 388
3175.673,17,23,0,1,111,0, 389
3181.472,17,23,0,1,110,0, 390
3186.989,17,23,0,1,109,0, 391
3189.639,17,23,0,1,108,0, 392
3190.406,17,23,0,1,107,0, 393
3192.639,17,23,0,1,106,0, 394
3204.522,17,24,0,0,0,0,750
3222.073,17,24,0,210,210,0, 540
3227.489,17,24,0,44,166,0, 584
3230.656,17,24,0,12,154,0, 596
3233.606,17,24,0,4,150,0, 600
3235.506,17,24,0,6,144,0, 606
3237.306,17,24,0,8,136,0, 614
3239.506,17,24,0,1,135,0, 615
3240.356,17,24,0,1,134,0, 616
3244.556,17,24,0,1,133,0, 617
3251.706,17,24,0,4,129,0, 621
3252.423,17,24,0,1,128,0, 622
3254.289,17,24,0,1,127,0, 623
3254.739,17,24,1,0,128,0, 622
3254.939,17,24,0,2,126,0, 624
3256.239,17,24,0,1,125,0, 625
3260.356,17,24,0,1,124,0, 626
3261.039,17,24,0,1,123,0, 627
3264.073,17,24,0,1,122,0, 628
3267.123,17,24,0,1,121,0, 629
3269.456,17,24,0,1,120,0, 630
3275.489,17,24,0,1,119,0, 631
3277.939,17,24,0,1,118,0, 632
3281.856,17,24,0,1,117,0, 633
3288.339,17,24,0,1,116,0, 634
3298.789,17,25,0,0,0,0,750
3309.823,17,25,0,199,199,0, 551
3314.706,17,25,0,13,186,0, 564
3316.639,17,25,0,4,182,0, 568
3318.756,17,25,0,5,177,0, 573
3319.706,17,25,0,12,165,0, 585
3321.589,17,25,1,0,166,0, 584
3322.639,17,25,0,4,162,0, 588
3323.539,17,25,0,2,160,0, 590
3324.239,17,25,0,1,159,0, 591
3325.089,17,25,0,2,157,0, 593
3326.589,17,25,0,3,154,0, 596
3329.689,17,25,0,12,142,0, 608
3332.589,17,25,0,2,140,0, 610
3334.523,17,25,0,2,138,0, 612
3337.089,17,25,0,2,136,0, 614
3340.006,17,25,0,1,135,0, 615
3342.606,17,25,0,1,134,0, 616
3344.289,17,25,0,1,133,0, 617
3345.089,17,25,0,2,131,0, 619
3348.573,17,25,0,1,130,0, 620
3353.539,17,25,0,4,126,0, 624
3356.589,17,25,0,1,125,0, 625
3358.173,17,25,0,1,124,0, 626
3360.406,17,25,0,1,123,0, 627
3369.639,17,25,0,1,122,0, 628
3383.139,17,26,0,0,0,0,750
3389.689,17,26,1,0,1,0, 749
3390.739,17,26,0,159,160,0, 590
3398.806,17,26,0,48,112,0, 638
3400.256,17,26,0,1,111,0, 639
3400.823,17,26,0,1,110,0, 640
3403.306,17,26,0,1,109,0, 641
3403.706,17,26,1,0,110,0, 640
3404.173,17,26,0,3,107,0, 643
3404.939,17,26,0,1,106,0, 644
3412.806,17,26,1,0,107,0, 643
3413.256,17,26,1,0,108,0, 642
3417.556,17,26,1,0,109,0, 641
3429.873,17,26,1,0,108,0, 642
3431.439,17,26,1,0,107,0, 643
3432.039,17,26,1,0,108,0, 642
3432.556,17,26,1,0,107,0, 643
3433.589,17,26,1,0,108,0, 642
3433.806,17,26,0,1,107,0, 643
3435.173,17,26,0,1,106,0, 644
3436.506,17,26,0,1,105,0, 645
3439.589,17,26,0,1,104,0, 646
3444.256,17,26,0,1,103,0, 647
3446.106,17,26,0,1,102,0, 648
3448.306,17,26,0,2,100,0, 650
3452.023,17,27,0,0,0,0,750
3463.756,17,27,0,161,161,0, 589
3468.756,17,27,0,5,156,0, 594
3470.306,17,27,0,1,155,0, 595
3471.573,17,27,0,1,154,0, 596
3472.223,17,27,0,1,153,0, 597
3472.906,17,27,0,1,152,0, 598
3480.206,17,27,0,8,144,0, 606
3480.956,17,27,0,2,142,0, 608
3481.539,17,27,0,4,138,0, 612
3482.106,17,27,0,1,137,0, 613
3482.639,17,27,0,1,136,0, 614
3483.49,17,27,0,2,134,0, 616
3484.456,17,27,0,1,133,0, 617
3485.089,17,27,0,1,132,0, 618
3485.99,17,27,0,3,129,0, 621
3486.856,17,27,0,3,126,0, 624
3487.656,17,27,0,2,124,0, 626
3489.74,17,27,0,2,122,0, 628
3490.523,17,27,1,0,121,0, 629
3491.006,17,27,1,0,120,0, 630
3494.106,17,27,0,2,118,0, 632
3496.806,17,27,1,0,117,0, 633
3502.806,17,27,0,1,116,0, 634
3506.023,17,27,0,1,115,0, 635
3507.073,17,27,0,1,114,0, 636
3537.506,17,27,1,0,113,0, 637
3540.206,17,27,1,0,112,0, 638
3542.623,17,27,1,0,111,0, 639
3555.506,17,27,1,0,110,0, 640
3561.223,17,28,0,0,0,0,250
3567.24,17,28,0,107,107,0, 143
3570.856,17,28,0,5,112,0, 138
3577.09,17,28,0,1,111,0, 139
3577.79,17,28,0,1,110,0, 140
3580.54,17,28,0,5,105,0, 145
3581.84,17,28,0,1,104,0, 146
3582.923,17,28,0,2,102,0, 148
3583.506,17,28,0,1,101,0, 149
3586.54,17,28,0,1,100,0, 150
3587.073,17,28,0,1,99,0, 151
3587.756,17,28,0,1,98,0, 152
3588.306,17,28,0,1,97,0, 153
3600.606,17,28,1,0,96,0, 154
3607.29,17,28,0,2,94,0, 156
3611.423,17,28,0,1,93,0, 157
3614.889,17,28,0,1,92,0, 158
3616.573,17,29,0,0,0,0,500
3630.156,17,29,0,104,104,0, 396
3631.773,17,29,0,38,142,0, 358
3639.04,17,29,0,7,135,0, 365
3639.823,17,29,0,2,133,0, 367
3640.439,17,29,0,2,131,0, 369
3641.14,17,29,0,1,130,0, 370
3644.923,17,29,0,9,121,0, 379
3646.14,17,29,0,7,114,0, 386
3647.306,17,29,0,5,109,0, 391
3648.806,17,29,0,1,108,0, 392
3650.74,17,29,0,2,106,0, 394
3652.506,17,29,0,1,105,0, 395
3653.29,17,29,0,2,103,0, 397
3654.806,17,29,0,2,101,0, 399
3690.356,17,29,1,0,102,0, 398
3695.04,17,29,1,0,103,0, 397
3695.806,17,29,1,0,102,0, 398
3696.573,17,29,1,0,103,0, 397
3698.423,17,29,1,0,104,0, 396
3706.023,17,29,0,1,103,0, 397
3712.373,17,29,1,0,104,0, 396
3840.423,17,30,0,0,0,0,500
3883.273,17,30,0,150,150,0, 350
3887.69,17,30,0,15,135,0, 365
3889.456,17,30,0,9,126,0, 374
3890.823,17,30,0,1,125,0, 375
3897.073,17,30,0,1,124,0, 376
3899.023,17,30,0,1,123,0, 377
3904.856,17,30,0,2,121,0, 379
3908.556,17,30,0,3,118,0, 382
3913.04,17,30,0,4,114,0, 386
3914.556,17,30,0,1,113,0, 387
3916.506,17,30,0,1,112,0, 388
3924.69,17,30,0,2,110,0, 390
3928.457,17,30,0,1,109,0, 391
3933.106,17,30,0,1,108,0, 392
3933.756,17,30,0,1,107,0, 393
3939.273,17,30,1,0,106,0, 394
3943.873,17,31,0,0,0,0,500
3952.556,17,31,0,157,157,0, 343
3953.29,17,31,1,0,156,0, 344
3960.573,17,31,0,22,134,0, 366
3961.34,17,31,0,2,132,0, 368
3962.207,17,31,0,3,129,0, 371
3964.223,17,31,0,2,127,0, 373
3965.606,17,31,0,2,125,0, 375
3966.306,17,31,0,2,123,0, 377
3968.156,17,31,0,2,121,0, 379
3968.74,17,31,0,1,120,0, 380
3970.44,17,31,0,1,119,0, 381
3972.856,17,31,0,2,117,0, 383
3974.34,17,31,0,1,116,0, 384
3975.473,17,31,0,1,115,0, 385
3976.29,17,31,0,1,114,0, 386
3985.423,17,31,0,3,111,0, 389
3995.89,17,32,0,0,0,0,250
4007.023,17,32,0,119,119,0, 131
4010.806,17,32,0,1,118,0, 132
4014.873,17,32,0,5,113,0, 137
4015.806,17,32,0,3,110,0, 140
4017.256,17,32,1,0,111,0, 139
4017.507,17,32,0,4,107,0, 143
4018.623,17,32,0,2,105,0, 145
4019.707,17,32,0,1,104,0, 146
4021.023,17,32,0,1,103,0, 147
4021.707,17,32,0,1,102,0, 148
4025.09,17,32,0,1,101,0, 149
4025.84,17,32,0,1,100,0, 150
4033.24,17,32,1,0,101,0, 149
4034.007,17,32,1,0,102,0, 148
4038.123,17,32,0,1,101,0, 149
4040.39,17,32,0,1,100,0, 150
4050.023,17,32,0,1,99,0, 151
4061.84,17,32,0,1,98,0, 152
4062.606,17,32,0,1,97,0, 153
4085.606,17,32,1,0,96,0, 154
4108.723,17,32,0,1,95,0, 155
4110.006,17,32,1,0,96,0, 154
4111.807,17,33,0,0,0,0,750
4120.223,17,33,0,167,167,0, 583
4131.756,17,33,1,0,168,0, 582
4132.223,17,33,0,11,157,0, 593
4133.723,17,33,0,1,156,0, 594
4136.54,17,33,0,38,118,0, 632
4139.707,17,33,0,3,115,0, 635
4140.506,17,33,0,1,114,0, 636
4141.106,17,33,0,1,113,0, 637
4143.64,17,33,0,3,110,0, 640
4145.34,17,33,0,1,109,0, 641
4150.407,17,33,0,1,108,0, 642
4150.957,17,33,0,1,107,0, 643
4155.356,17,33,0,1,106,0, 644
4157.757,17,33,0,1,105,0, 645
4162.99,17,33,0,3,102,0, 648
4163.856,17,33,0,1,101,0, 649
4170.257,17,34,0,0,0,0,500
4186.173,17,34,0,155,155,0, 345
4187.973,17,34,0,23,178,0, 322
4195.624,17,34,0,4,174,0, 326
4198.057,17,34,0,19,155,0, 345
4199.523,17,34,0,14,141,0, 359
4202.873,17,34,0,4,137,0, 363
4203.856,17,34,0,4,133,0, 367
4206.473,17,34,0,5,128,0, 372
4208.257,17,34,0,4,124,0, 376
4209.24,17,34,0,5,119,0, 381
4211.207,17,34,0,1,118,0, 382
4212.907,17,34,0,2,116,0, 384
4213.673,17,34,0,1,115,0, 385
4215.757,17,34,0,1,114,0, 386
4216.457,17,34,0,1,113,0, 387
4220.874,17,34,0,1,112,0, 388
4221.44,17,34,0,1,111,0, 389
4224.507,17,34,0,1,110,0, 390
4227.64,17,34,0,2,108,0, 392
4231.773,17,34,0,1,107,0, 393
4236.29,17,35,0,0,0,0,250
4243.023,17,35,0,130,130,0, 120
4251.606,17,35,0,10,120,0, 130
4253.507,17,35,0,2,118,0, 132
4255.073,17,35,0,4,114,0, 136
4255.907,17,35,0,2,112,0, 138
4257.84,17,35,0,4,108,0, 142
4262.39,17,35,0,1,107,0, 143
4267.39,17,35,0,1,106,0, 144
4286.807,17,35,1,0,105,0, 145
4287.423,17,35,1,0,104,0, 146
4289.09,17,35,1,0,103,0, 147
4295.74,17,35,1,0,102,0, 148
4298.09,17,35,1,0,101,0, 149
4305.79,17,36,0,0,0,0,250
4311.007,17,36,0,121,121,0, 129
4314.857,17,36,0,1,120,0, 130
4318.24,17,36,0,16,104,0, 146
4319.19,17,36,0,1,103,0, 147
4320.64,17,36,0,1,102,0, 148
4321.64,17,36,0,1,101,0, 149
4328.974,17,36,1,0,102,0, 148
4334.857,17,36,1,0,103,0, 147
4336.807,17,36,1,0,104,0, 146
4338.057,17,36,1,0,105,0, 145
4338.74,17,36,1,0,106,0, 144
4390.724,17,37,0,0,0,0,200
4396.757,17,37,0,95,95,0, 105
4398.273,17,37,0,1,96,0, 104
4401.257,17,37,0,102,96,102, 2
4402.607,17,37,0,1,96,103, 1
4410.507,17,37,0,1,97,103, 0
4411.49,17,37,0,2,99,101, 0
4413.207,17,37,0,1,100,100, 0
4419.923,17,38,0,0,0,0,200
4426.34,17,38,0,96,96,0, 104
4428.607,17,38,0,2,98,0, 102
4430.507,17,38,0,1,99,0, 101
4435.94,17,38,0,97,99,97, 4
4437.574,17,38,0,1,99,98, 3
4438.74,17,38,0,1,99,99, 2
4443.724,17,38,0,1,99,100, 1
4445.79,17,38,0,1,100,100, 0
4447.99,17,39,0,0,0,0,200
4452.407,17,39,0,100,100,0, 100
4455.624,17,39,0,97,100,97, 3
4460.907,17,39,1,0,101,97, 2
4467.807,17,39,1,0,101,98, 1
4473.257,17,39,1,0,102,98, 0
4477.457,17,40,0,0,0,0,200
4485.34,17,40,0,84,84,0, 116
4487.39,17,40,0,9,93,0, 107
4525.99,17,40,0,12,105,0, 95
4528.957,17,40,0,95,105,95, 0
4535.407,17,40,1,0,104,96, 0
4537.174,17,40,1,0,103,97, 0
4544.574,17,41,0,0,0,0,200
4552.207,17,41,0,100,100,0, 100
4555.14,17,41,0,100,100,100, 0
4558.074,17,42,0,0,0,0,200
4572.673,17,42,0,99,99,0, 101
4575.94,17,42,0,101,99,101, 0
4579.64,17,43,0,0,0,0,200
4583.474,17,43,0,100,100,0, 100
4584.307,17,43,0,1,101,0, 99
4587.074,17,43,0,99,101,99, 0
4591.507,17,44,0,0,0,0,200
4601.407,17,44,0,105,105,0, 95
4604.857,17,44,0,3,102,0, 98
4606.907,17,44,1,0,103,0, 97
4614.807,17,44,0,97,103,97, 0
4617.857,17,45,0,0,0,0,200
4625.807,17,45,0,94,94,0, 106
4628.424,17,45,0,106,94,106, 0
4634.074,17,45,0,6,100,100, 0
4639.874,17,46,0,0,0,0,200
4658.523,17,46,0,99,99,0, 101
4659.541,17,46,0,1,100,0, 100
4662.541,17,46,0,100,100,100, 0
4668.174,17,47,0,0,0,0,200
4681.524,17,47,0,89,89,0, 111
4685.074,17,47,0,112,88,112, 0
4895.024,17,48,0,0,0,0,200
4911.257,17,48,0,97,97,0, 103
4914.69,17,48,0,102,97,102, 1
4921.357,17,48,0,3,100,99, 1
4923.657,17,48,1,0,101,99, 0
4927.274,17,48,1,0,102,98, 0
4930.374,17,49,0,0,0,0,200
4952.574,17,49,0,93,93,0, 107
4958.674,17,49,0,3,96,0, 104
4960.224,17,49,0,4,100,0, 100
4964.491,17,49,0,102,97,102, 1
4969.007,17,49,1,0,98,102, 0
4971.007,17,50,0,0,0,0,200
4988.357,17,50,0,100,100,0, 100
4989.457,17,50,0,1,101,0, 99
4992.424,17,50,0,99,101,99, 0
4994.657,17,51,0,0,0,0,200
5005.091,17,51,0,99,99,0, 101
5007.641,17,51,0,101,99,101, 0
5009.208,17,52,0,0,0,0,200
5022.907,17,52,0,94,94,0, 106
5028.141,17,52,0,107,93,107, 0
5031.69,17,52,1,0,92,108, 0
5039.291,17,52,0,1,93,107, 0
5041.657,17,53,0,0,0,0,200
5068.724,17,53,0,96,96,0, 104
5069.524,17,53,0,1,97,0, 103
5073.074,17,53,0,104,96,104, 0
5076.791,17,54,0,0,0,0,200
5095.424,17,54,0,101,101,0, 99
5098.124,17,54,0,99,101,99, 0
5110.541,17,55,0,0,0,0,200
5121.157,17,55,0,51,51,0, 149
5122.507,17,55,0,27,78,0, 122
5123.141,17,55,1,0,77,1, 122
5123.691,17,55,0,13,90,1, 109
5127.591,17,55,0,1,91,0, 109
5130.191,17,55,0,3,94,0, 106
5131.007,17,55,0,2,96,0, 104
5131.708,17,55,0,1,97,0, 103
5157.341,17,56,0,0,0,0,200
5175.691,17,56,0,99,99,0, 101
5178.407,17,56,0,1,98,0, 102
5179.491,17,56,0,1,97,0, 103
5184.157,17,57,0,0,0,0,200
5201.908,17,57,0,100,100,0, 100
5202.907,17,57,0,1,101,0, 99
5205.824,17,57,0,1,102,0, 98
5215.458,17,58,0,0,0,0,200
5222.907,17,58,0,102,102,0, 98
5225.007,17,59,0,0,0,0,200
5260.191,17,59,0,65,65,0, 135
5264.958,17,59,0,36,101,0, 99
5268.924,17,60,0,0,0,0,200
5278.791,17,60,0,98,98,0, 102
5280.458,17,60,0,1,99,0, 101
5284.174,17,61,0,0,0,0,200
5292.558,17,61,0,6,6,0, 194
5293.874,17,61,0,20,26,0, 174
5295.958,17,61,0,28,54,0, 146
5297.474,17,61,0,6,60,0, 140
5301.974,17,61,0,36,96,0, 104
5312.107,17,61,0,1,97,0, 103
5313.024,17,61,0,1,98,0, 102
5314.374,17,62,0,0,0,0,200
5340.058,17,62,0,95,95,0, 105
5343.808,17,63,0,0,0,0,200
5366.158,17,63,0,97,97,0, 103
5370.341,17,63,1,0,98,0, 102
5372.491,17,63,1,0,99,0, 101
5372.874,17,63,1,0,100,0, 100
5375.341,17,63,1,0,101,0, 99
5376.024,17,63,1,0,102,0, 98
5376.958,17,63,1,0,103,0, 97
5378.708,17,64,0,0,0,0,200
5393.708,17,64,0,96,96,0, 104
5395.008,17,64,0,1,97,0, 103
5398.241,17,64,0,1,98,0, 102
5400.041,17,64,0,1,99,0, 101
5403.291,17,64,0,1,100,0, 100
5404.074,17,64,0,1,101,0, 99
5405.824,17,64,0,1,102,0, 98
5410.141,17,65,0,0,0,0,200
5423.191,17,65,0,103,103,0, 97
5424.408,17,65,0,2,105,0, 95
5430.991,17,65,1,0,104,1, 95
5431.541,17,65,1,0,105,0, 95
5435.841,17,65,1,0,104,0, 96
5438.308,17,65,1,0,103,0, 97
5441.641,17,65,1,0,102,0, 98
5450.574,17,66,0,0,0,0,200
5458.558,17,66,0,98,98,0, 102
5461.524,17,67,0,0,0,0,200
5472.024,17,67,0,27,27,0, 173
5472.841,17,67,0,27,54,0, 146
5473.408,17,67,0,1,55,0, 145
5476.674,17,67,0,17,72,0, 128
5477.724,17,67,0,21,93,0, 107
5478.691,17,67,0,5,98,0, 102
5479.591,17,67,0,3,101,0, 99
5484.024,17,67,1,0,100,1, 99
5485.174,17,67,1,0,101,0, 99
5486.125,17,67,0,0,0,0, 200
5488.875,17,67,0,69,69,0, 131
5490.541,17,67,0,32,101,0, 99
5494.524,17,68,0,0,0,0,200
5500.891,17,68,0,98,98,0, 102
5502.191,17,68,0,1,99,0, 101
5503.125,17,68,0,1,100,0, 100
5504.558,17,69,0,0,0,0,200
5520.291,17,69,0,94,94,0, 106
5527.358,17,69,0,7,101,0, 99
5533.058,17,70,0,0,0,0,200
5538.391,17,70,0,97,97,0, 103
5541.375,17,71,0,0,0,0,200
5552.225,17,71,0,34,34,0, 166
5552.824,17,71,1,0,35,0, 165
5553.108,17,71,0,6,41,0, 159
5553.908,17,71,0,3,44,0, 156
5554.908,17,71,0,12,56,0, 144
5555.908,17,71,0,11,67,0, 133
5556.725,17,71,0,1,68,0, 132
5557.808,17,71,0,1,69,0, 131
5558.774,17,71,0,6,75,0, 125
5560.191,17,71,0,3,78,0, 122
5561.241,17,71,0,1,79,0, 121
5565.074,17,71,0,1,80,0, 120
5565.975,17,71,1,0,81,0, 119
5566.508,17,71,1,0,82,0, 118
5573.524,17,71,1,0,83,0, 117
5579.225,17,71,1,0,82,1, 117
5580.108,17,71,1,0,83,0, 117
5581.958,17,71,1,0,82,0, 118
5582.408,17,71,1,0,81,0, 119
5585.541,17,71,1,0,82,0, 118
5586.208,17,71,1,0,83,0, 117
5587.508,17,71,1,0,82,0, 118
5589.491,17,71,1,0,83,0, 117
5591.208,17,71,1,0,84,0, 116
5596.441,17,72,0,0,0,0,200
5603.691,17,72,0,69,69,0, 131
5604.341,17,72,0,1,70,0, 130
5605.274,17,72,0,16,86,0, 114
5606.141,17,72,0,13,99,0, 101
5607.191,17,72,0,1,100,0, 100
5607.991,17,72,0,1,101,0, 99
5608.958,17,72,0,1,102,0, 98
5610.924,17,72,1,0,101,1, 98
5611.824,17,72,1,0,102,0, 98
5615.375,17,72,1,0,101,0, 99
99.53654,18,1,0,0,0,0,200
122.0533,18,1,1,0,1,0, 199
134.7366,18,1,1,0,0,1, 199
137.1199,18,1,1,0,1,0, 199
137.5199,18,1,1,0,0,1, 199
138.5032,18,1,1,0,1,0, 199
139.7199,18,1,1,0,0,1, 199
141.8532,18,1,0,0,0,0, 200
147.5532,18,1,1,0,1,0, 199
148.3699,18,1,1,0,2,0, 198
149.0032,18,1,1,0,3,0, 197
149.9366,18,1,1,0,4,0, 196
150.7533,18,1,1,0,5,0, 195
151.3033,18,1,1,0,6,0, 194
151.8533,18,1,1,0,7,0, 193
152.2365,18,1,1,0,8,0, 192
152.7199,18,1,1,0,9,0, 191
153.7699,18,1,1,0,10,0, 190
154.7032,18,1,1,0,11,0, 189
155.7533,18,1,1,0,12,0, 188
155.9532,18,1,1,0,11,1, 188
156.8866,18,1,1,0,12,1, 187
157.5199,18,1,1,0,13,1, 186
168.0866,18,1,1,0,14,1, 185
168.4032,18,1,1,0,13,2, 185
170.5532,18,1,1,0,14,2, 184
177.4199,18,1,1,0,15,2, 183
178.8532,18,1,1,0,14,3, 183
179.4698,18,1,1,0,15,3, 182
179.8866,18,1,1,0,16,3, 181
180.3533,18,1,1,0,17,3, 180
247.0699,18,1,1,0,18,2, 180
247.9199,18,1,1,0,17,3, 180
248.5532,18,1,1,0,18,2, 180
250.2365,18,1,0,0,0,0, 200
265.0198,18,1,1,0,1,0, 199
266.0032,18,1,1,0,2,0, 198
266.5032,18,1,1,0,3,0, 197
267.0866,18,1,1,0,4,0, 196
272.1865,18,1,0,66,70,0, 130
274.2198,18,1,0,28,98,0, 102
275.5032,18,1,0,2,100,0, 100
279.7032,18,1,0,36,136,0, 64
281.5698,18,1,1,0,135,1, 64
287.1865,18,1,0,17,152,0, 48
293.9198,18,1,0,65,100,65, 35
297.0698,18,1,0,13,100,78, 22
298.4698,18,1,0,22,100,100, 0
302.3531,18,1,1,0,99,101, 0
303.9031,18,1,1,0,99,100, 1
304.4032,18,1,1,0,99,101, 0
307.5531,18,1,1,0,100,100, 0
351.6698,18,2,0,0,0,0,200
374.3031,18,2,0,77,77,0, 123
375.9364,18,2,0,11,88,0, 112
377.4198,18,2,0,8,96,0, 104
378.0531,18,2,0,1,97,0, 103
378.9531,18,2,0,1,98,0, 102
384.9031,18,2,0,63,98,63, 39
386.5364,18,2,0,7,98,70, 32
386.9364,18,2,1,0,98,69, 33
387.4364,18,2,0,18,98,87, 15
388.3031,18,2,0,2,98,89, 13
390.0698,18,2,0,11,98,100, 2
392.9531,18,2,0,2,98,102, 0
395.9198,18,3,0,0,0,0,200
418.1531,18,3,0,1,1,0, 199
420.0031,18,3,0,89,90,0, 110
421.4698,18,3,0,4,94,0, 106
422.4031,18,3,0,1,95,0, 105
426.4031,18,3,0,71,95,71, 34
428.4698,18,3,0,2,95,73, 32
429.6531,18,3,0,2,95,75, 30
430.7031,18,3,0,15,95,90, 15
432.0864,18,3,0,2,95,92, 13
432.9197,18,3,0,3,95,95, 10
435.9364,18,3,0,1,95,96, 9
438.3364,18,3,0,1,96,96, 8
440.6031,18,3,0,7,103,96, 1
448.2197,18,3,0,1,104,96, 0
466.9697,18,3,0,1,105,95, 0
477.203,18,4,0,0,0,0,200
517.5864,18,4,0,47,47,0, 153
518.7365,18,4,0,1,48,0, 152
519.3697,18,4,1,0,47,1, 152
520.0864,18,4,0,29,76,1, 123
521.4031,18,4,0,1,77,0, 123
527.2197,18,4,0,1,78,0, 122
529.1364,18,4,0,6,84,0, 116
530.603,18,4,0,3,87,0, 113
531.203,18,4,1,0,86,1, 113
532.203,18,4,0,4,90,1, 109
532.6697,18,4,1,0,89,2, 109
533.4197,18,4,0,2,91,2, 107
535.9197,18,4,1,0,92,1, 107
536.7697,18,4,1,0,93,0, 107
544.27,18,4,0,36,93,36, 71
545.8197,18,4,0,14,93,50, 57
546.7863,18,4,0,18,93,68, 39
549.0031,18,4,0,6,92,74, 34
550.5197,18,4,1,0,92,73, 35
551.453,18,4,1,0,92,74, 34
555.1197,18,4,1,0,93,73, 34
559.0038,18,4,1,0,93,72, 35
560.403,18,4,0,29,93,101, 6
561.8363,18,4,0,2,93,103, 4
563.103,18,4,0,4,93,107, 0
566.3864,18,5,0,0,0,0,200
581.2363,18,5,0,96,96,0, 104
582.9697,18,5,0,5,101,0, 99
583.5363,18,5,1,0,100,1, 99
583.8863,18,5,0,3,103,1, 96
584.8863,18,5,0,1,104,0, 96
590.6529,18,5,0,2,104,2, 94
593.1697,18,5,1,0,104,1, 95
593.6863,18,5,1,0,104,0, 96
596.053,18,5,0,1,105,0, 95
597.4197,18,5,0,1,106,0, 94
598.553,18,5,0,2,108,0, 92
602.2529,18,5,0,1,109,0, 91
603.2697,18,5,0,1,110,0, 90
607.1696,18,5,0,90,110,90, 0
610.3863,18,6,0,0,0,0,200
645.803,18,6,0,68,68,0, 132
647.603,18,6,0,6,74,0, 126
648.653,18,6,0,5,79,0, 121
655.0363,18,6,0,57,79,57, 64
655.9196,18,6,1,0,79,56, 65
656.8529,18,6,0,57,79,113, 8
658.2863,18,6,0,8,79,121, 0
660.0696,18,7,0,0,0,0,200
680.8362,18,7,0,97,97,0, 103
682.3863,18,7,1,0,96,1, 103
682.9863,18,7,0,5,101,1, 98
683.7863,18,7,0,1,102,1, 97
684.7365,18,7,0,1,103,1, 96
685.1863,18,7,1,0,104,0, 96
688.7863,18,7,0,100,100,100, 0
695.7196,18,7,0,3,103,97, 0
707.5529,18,7,1,0,104,96, 0
710.2529,18,8,0,0,0,0,200
827.8362,18,8,0,98,98,0, 102
829.0029,18,8,0,2,100,0, 100
833.0195,18,8,0,67,100,67, 33
833.7695,18,8,0,1,100,68, 32
835.0362,18,8,0,2,100,70, 30
836.7028,18,8,0,7,100,77, 23
838.0195,18,8,0,12,100,89, 11
839.2195,18,8,0,9,100,98, 2
839.8362,18,8,1,0,100,97, 3
840.2361,18,8,0,3,100,100, 0
842.2361,18,9,0,0,0,0,200
859.5361,18,9,0,98,98,0, 102
864.7028,18,9,0,100,98,100, 2
868.1528,18,10,0,0,0,0,200
873.5695,18,10,0,99,99,0, 101
880.1195,18,10,0,96,99,96, 5
881.1862,18,10,0,5,99,101, 0
882.9028,18,11,0,0,0,0,200
894.6694,18,11,0,101,101,0, 99
895.7028,18,11,0,1,102,0, 98
896.5862,18,11,0,2,104,0, 96
901.3195,18,11,0,81,104,81, 15
902.5528,18,11,0,3,104,84, 12
904.5528,18,11,0,10,104,94, 2
906.8694,18,11,0,1,104,95, 1
915.9861,18,12,0,0,0,0,200
927.4361,18,12,0,90,90,0, 110
928.6028,18,12,0,4,94,0, 106
942.3861,18,12,0,93,94,93, 13
943.3694,18,12,0,5,94,98, 8
945.9861,18,13,0,0,0,0,200
991.336,18,13,0,87,87,0, 113
992.8361,18,13,0,11,98,0, 102
998.7028,18,13,0,57,155,0, 45
1001.603,18,13,0,70,98,70, 32
1002.903,18,13,0,23,98,93, 9
1003.869,18,13,0,2,98,95, 7
1005.236,18,13,0,7,98,102, 0
1007.686,18,14,0,0,0,0,200
1034.786,18,14,0,97,97,0, 103
1037.553,18,14,0,105,95,105, 0
1040.586,18,14,0,2,95,103, 2
1042.003,18,14,0,1,95,102, 3
1043.453,18,14,0,1,94,102, 4
1045.603,18,15,0,0,0,0,200
1054.103,18,15,0,99,99,0, 101
1055.036,18,15,0,1,100,0, 100
1055.619,18,15,0,1,101,0, 99
1063.953,18,15,0,97,101,97, 2
1065.019,18,15,0,1,101,98, 1
1065.553,18,15,0,1,101,99, 0
1067.186,18,16,0,0,0,0,200
1086.486,18,16,0,107,107,0, 93
1089.336,18,16,0,81,107,81, 12
1091.036,18,16,0,6,107,87, 6
1092.453,18,16,0,2,107,89, 4
1095.719,18,16,0,1,108,89, 3
1096.453,18,16,0,1,109,89, 2
1107.286,18,17,0,0,0,0,200
1152.336,18,17,0,95,95,0, 105
1153.803,18,17,0,5,100,0, 100
1155.153,18,17,0,2,102,0, 98
1164.003,18,17,0,95,102,95, 3
1165.419,18,17,0,1,102,96, 2
1167.169,18,18,0,0,0,0,200
1192.853,18,18,0,102,102,0, 98
1196.003,18,18,0,1,103,0, 97
1201.419,18,18,0,65,101,65, 34
1207.003,18,18,0,19,101,84, 15
1208.636,18,18,0,12,98,96, 6
1209.803,18,18,0,2,98,98, 4
1215.319,18,18,0,4,102,98, 0
1240.853,18,19,0,0,0,0,200
1270.353,18,19,0,100,100,0, 100
1274.669,18,19,0,64,100,64, 36
1276.169,18,19,0,35,100,99, 1
1277.153,18,19,0,1,100,100, 0
1279.236,18,20,0,0,0,0,200
1283.369,18,20,0,99,99,0, 101
1286.319,18,21,0,0,0,0,200
1295.869,18,21,0,90,90,0, 110
1302.419,18,22,0,0,0,0,200
1305.186,18,22,0,68,68,0, 132
1306.453,18,22,0,6,74,0, 126
1306.969,18,22,1,0,73,1, 126
1307.653,18,22,0,26,99,1, 100
1308.403,18,22,0,1,100,1, 99
1310.269,18,23,0,0,0,0,200
1315.436,18,23,0,86,86,0, 114
1321.203,18,23,0,3,89,0, 111
1321.869,18,23,0,1,90,0, 110
1327.269,18,23,0,4,94,0, 106
1329.353,18,23,0,3,97,0, 103
1330.669,18,23,0,1,98,0, 102
1332.353,18,23,0,6,104,0, 96
1333.653,18,23,0,1,105,0, 95
1336.336,18,24,0,0,0,0,200
1339.253,18,24,0,100,100,0, 100
1340.302,18,24,0,1,101,0, 99
1341.802,18,25,0,0,0,0,200
1343.353,18,25,0,100,100,0, 100
1347.869,18,26,0,0,0,0,200
1358.569,18,26,0,94,94,0, 106
1360.469,18,26,0,1,95,0, 105
1370.519,18,27,0,0,0,0,200
1375.203,18,27,0,71,71,0, 129
1376.152,18,27,0,23,94,0, 106
1376.886,18,27,0,1,95,0, 105
1379.502,18,27,0,3,98,0, 102
1380.302,18,27,0,1,99,0, 101
1382.919,18,28,0,0,0,0,200
1388.586,18,28,0,46,46,0, 154
1389.186,18,28,1,0,45,1, 154
1391.336,18,28,0,40,85,1, 114
1391.969,18,28,1,0,84,2, 114
1392.752,18,28,0,1,85,2, 113
1393.902,18,28,0,2,87,0, 113
1395.586,18,28,0,1,88,0, 112
1397.252,18,28,1,0,87,1, 112
1397.819,18,28,0,7,94,0, 106
1398.569,18,28,0,1,95,0, 105
1399.386,18,28,0,1,96,0, 104
1406.236,18,29,0,0,0,0,200
1409.436,18,29,0,92,92,0, 108
1411.219,18,29,0,7,99,0, 101
1414.953,18,30,0,0,0,0,200
1419.936,18,30,0,99,99,0, 101
1421.852,18,31,0,0,0,0,200
1427.102,18,31,0,58,58,0, 142
1429.002,18,31,0,43,101,0, 99
1429.986,18,31,0,1,102,0, 98
1433.119,18,32,0,0,0,0,200
1536.402,18,32,0,23,23,0, 177
1537.569,18,32,0,33,56,0, 144
1538.386,18,32,0,3,59,0, 141
1541.352,18,32,0,3,62,0, 138
1544.769,18,32,0,2,64,0, 136
1548.369,18,32,0,10,74,0, 126
1549.019,18,32,0,4,78,0, 122
1549.802,18,32,0,8,86,0, 114
1551.636,18,32,0,1,87,0, 113
1553.802,18,32,0,2,89,0, 111
1554.536,18,32,0,1,90,0, 110
1557.002,18,32,0,1,91,0, 109
1560.919,18,33,0,0,0,0,200
1566.802,18,33,0,62,62,0, 138
1568.552,18,33,0,35,97,0, 103
1569.819,18,33,0,3,100,0, 100
1570.586,18,33,0,1,101,0, 99
1572.202,18,34,0,0,0,0,200
1575.069,18,34,0,95,95,0, 105
1576.286,18,34,0,3,98,0, 102
1580.503,18,34,0,2,100,0, 100
1584.686,18,34,1,0,99,1, 100
1589.952,18,34,1,0,99,0, 101
1591.086,18,34,1,0,98,0, 102
1593.319,18,35,0,0,0,0,200
1596.369,18,35,0,93,93,0, 107
1597.586,18,35,0,3,96,0, 104
1598.386,18,35,0,1,97,0, 103
1601.769,18,35,1,0,98,0, 102
1603.602,18,36,0,0,0,0,200
1610.102,18,36,0,85,85,0, 115
1611.552,18,36,0,7,92,0, 108
1613.686,18,36,0,5,97,0, 103
1614.702,18,36,0,2,99,0, 101
1644.419,18,37,0,0,0,0,250
1667.552,18,37,0,103,103,0, 147
1675.002,18,37,1,0,104,0, 146
1675.852,18,37,1,0,105,0, 145
1676.219,18,37,1,0,106,0, 144
1676.919,18,37,1,0,107,0, 143
1677.669,18,37,1,0,108,0, 142
1678.602,18,37,1,0,109,0, 141
1679.219,18,37,1,0,110,0, 140
1680.152,18,37,1,0,111,0, 139
1681.102,18,37,1,0,112,0, 138
1681.902,18,37,1,0,113,0, 137
1682.536,18,37,1,0,114,0, 136
1686.402,18,37,1,0,115,0, 135
1686.969,18,37,1,0,116,0, 134
1687.636,18,37,1,0,117,0, 133
1688.269,18,37,1,0,118,0, 132
1689.069,18,37,1,0,119,0, 131
1690.086,18,37,1,0,120,0, 130
1690.552,18,37,1,0,121,0, 129
1691.202,18,37,1,0,122,0, 128
1692.936,18,37,0,1,123,0, 127
1693.736,18,37,1,0,122,0, 128
1697.519,18,37,1,0,121,0, 129
1699.119,18,37,1,0,120,0, 130
1699.986,18,37,1,0,119,0, 131
1702.802,18,37,1,0,118,0, 132
1704.802,18,37,1,0,117,0, 133
1705.736,18,37,1,0,116,0, 134
1709.186,18,37,1,0,115,0, 135
1724.686,18,38,0,0,0,0,250
1738.452,18,38,0,109,109,0, 141
1739.752,18,38,1,0,110,0, 140
1740.769,18,38,1,0,111,0, 139
1744.402,18,38,1,0,110,0, 140
1745.252,18,38,1,0,109,0, 141
1746.786,18,38,1,0,110,0, 140
1748.869,18,38,1,0,111,0, 139
1751.686,18,38,1,0,110,0, 140
1752.819,18,38,1,0,109,0, 141
1758.352,18,38,1,0,110,0, 140
1759.019,18,38,1,0,111,0, 139
1759.619,18,38,1,0,112,0, 138
1760.586,18,38,1,0,113,0, 137
1763.619,18,38,1,0,114,0, 136
1783.952,18,39,0,0,0,0,500
1794.969,18,39,1,0,1,0, 499
1795.436,18,39,0,110,111,0, 389
1807.186,18,39,0,75,186,0, 314
1810.502,18,39,0,27,213,0, 287
1820.552,18,39,0,63,276,0, 224
1892.019,18,40,0,0,0,0,750
1983.752,18,40,0,158,158,0, 592
2007.685,18,40,0,37,195,0, 555
2010.102,18,41,0,0,0,0,750
2043.085,18,41,0,136,136,0, 614
2045.735,18,41,0,4,140,0, 610
2046.235,18,41,1,0,139,0, 611
2046.469,18,41,0,4,143,0, 607
2048.402,18,41,1,0,142,0, 608
2048.669,18,41,0,35,177,0, 573
2052.702,18,41,0,31,208,0, 542
2055.985,18,42,0,0,0,0,500
2065.935,18,42,0,131,131,0, 369
2079.435,18,43,0,0,0,0,250
2086.019,18,43,0,102,102,0, 148
2090.535,18,43,0,15,117,0, 133
2091.885,18,43,0,3,120,0, 130
2095.885,18,44,0,0,0,0,250
2098.869,18,44,0,109,109,0, 141
2108.202,18,44,1,0,108,0, 142
2108.435,18,44,0,5,113,0, 137
2110.002,18,45,0,0,0,0,750
2118.502,18,45,0,135,135,0, 615
2122.402,18,45,0,39,174,0, 576
2125.469,18,45,0,19,193,0, 557
2129.152,18,45,0,19,212,0, 538
2130.835,18,46,0,0,0,0,500
2141.919,18,46,0,209,209,0, 291
2150.969,18,46,1,0,210,0, 290
2151.652,18,46,1,0,211,0, 289
2152.385,18,46,1,0,212,0, 288
2157.935,18,47,0,0,0,0,250
2164.019,18,47,0,118,118,0, 132
2167.635,18,47,1,0,119,0, 131
2171.202,18,48,0,0,0,0,750
2179.619,18,48,1,0,1,0, 749
2180.169,18,48,0,143,144,0, 606
2183.119,18,48,1,0,143,0, 607
2187.519,18,48,0,21,164,0, 586
2195.569,18,48,1,0,165,0, 585
2196.119,18,48,1,0,166,0, 584
2196.819,18,48,1,0,167,0, 583
2197.502,18,48,1,0,168,0, 582
2197.752,18,48,1,0,167,0, 583
2198.135,18,48,1,0,168,0, 582
2198.502,18,48,1,0,169,0, 581
2198.902,18,48,1,0,170,0, 580
2201.419,18,49,0,0,0,0,500
2207.852,18,49,0,128,128,0, 372
2214.702,18,49,0,32,160,0, 340
2219.202,18,49,0,7,167,0, 333
2221.152,18,50,0,0,0,0,750
2224.819,18,50,0,113,113,0, 637
2230.202,18,50,0,35,148,0, 602
2237.535,18,50,0,20,168,0, 582
2242.869,18,50,0,8,176,0, 574
2244.352,18,51,0,0,0,0,250
2249.669,18,51,0,119,119,0, 131
2251.669,18,51,0,10,129,0, 121
2257.469,18,51,0,4,133,0, 117
2259.402,18,52,0,0,0,0,500
2268.602,18,52,0,148,148,0, 352
2272.602,18,52,1,0,149,0, 351
2273.752,18,52,1,0,150,0, 350
2275.352,18,53,0,0,0,0,500
2282.769,18,53,0,144,144,0, 356
2284.802,18,53,1,0,143,0, 357
2285.052,18,53,0,4,147,0, 353
2286.419,18,53,1,0,146,0, 354
2286.619,18,53,0,1,147,0, 353
2287.269,18,53,0,10,157,0, 343
2294.969,18,53,0,6,163,0, 337
2296.452,18,54,0,0,0,0,250
2302.069,18,54,0,119,119,0, 131
2307.135,18,54,0,2,121,0, 129
2308.019,18,54,0,7,128,0, 122
2313.069,18,54,0,17,145,0, 105
2331.168,18,55,0,0,0,0,250
2358.668,18,55,0,126,126,0, 124
2364.402,18,55,0,5,121,0, 129
2365.319,18,55,0,3,118,0, 132
2366.069,18,55,0,1,117,0, 133
2367.035,18,55,0,2,115,0, 135
2367.702,18,55,0,1,114,0, 136
2368.352,18,55,0,1,113,0, 137
2371.052,18,55,0,10,103,0, 147
2372.202,18,55,0,1,102,0, 148
2379.952,18,56,0,0,0,0,250
2383.385,18,56,0,127,127,0, 123
2388.119,18,56,0,12,139,0, 111
2393.369,18,56,0,11,128,0, 122
2394.668,18,56,0,5,123,0, 127
2395.319,18,56,0,1,122,0, 128
2397.252,18,56,0,4,118,0, 132
2398.002,18,56,0,2,116,0, 134
2398.735,18,56,0,3,113,0, 137
2399.385,18,56,0,1,112,0, 138
2401.602,18,56,0,2,110,0, 140
2415.235,18,57,0,0,0,0,500
2419.168,18,57,0,222,222,0, 278
2422.852,18,57,0,57,279,0, 221
2425.019,18,57,0,22,301,0, 199
2428.485,18,57,0,23,324,0, 176
2433.485,18,57,0,21,303,0, 197
2434.635,18,57,0,29,274,0, 226
2436.219,18,57,0,11,263,0, 237
2436.868,18,57,0,7,256,0, 244
2438.035,18,57,0,1,255,0, 245
2438.735,18,57,0,9,246,0, 254
2439.385,18,57,0,9,237,0, 263
2440.119,18,57,0,3,234,0, 266
2440.985,18,57,0,6,228,0, 272
2441.685,18,57,0,15,213,0, 287
2442.385,18,57,0,1,212,0, 288
2443.535,18,57,0,3,209,0, 291
2444.402,18,57,0,13,196,0, 304
2445.153,18,57,0,2,194,0, 306
2446.202,18,57,0,2,192,0, 308
2446.802,18,57,0,6,186,0, 314
2447.485,18,57,0,3,183,0, 317
2448.585,18,57,0,2,181,0, 319
2451.535,18,57,0,7,174,0, 326
2452.352,18,57,0,3,171,0, 329
2452.985,18,57,0,1,170,0, 330
2454.118,18,57,0,18,152,0, 348
2455.752,18,57,0,3,149,0, 351
2456.769,18,57,0,3,146,0, 354
2457.535,18,57,0,8,138,0, 362
2470.219,18,58,0,0,0,0,500
2472.969,18,58,0,149,149,0, 351
2474.918,18,59,0,0,0,0,500
2477.469,18,59,1,0,1,0, 499
2477.819,18,59,0,131,132,0, 368
2482.152,18,59,0,16,116,0, 384
2482.852,18,59,0,3,113,0, 387
2484.335,18,60,0,0,0,0,250
2495.635,18,60,0,131,131,0, 119
2501.752,18,60,0,9,122,0, 128
2503.668,18,60,0,6,116,0, 134
2504.052,18,60,1,0,117,0, 133
2505.852,18,61,0,0,0,0,750
2508.719,18,61,0,149,149,0, 601
2510.002,18,61,0,100,249,0, 501
2514.635,18,61,0,50,199,0, 551
2515.785,18,61,0,33,166,0, 584
2536.835,18,61,0,27,139,0, 611
2537.518,18,61,1,0,140,0, 610
2537.735,18,61,0,4,136,0, 614
2539.385,18,62,0,0,0,0,500
2540.585,18,62,1,0,1,0, 499
2541.019,18,62,0,128,129,0, 371
2549.002,18,62,0,9,120,0, 380
2549.652,18,62,0,4,116,0, 384
2550.402,18,62,0,2,114,0, 386
2551.269,18,62,0,9,105,0, 395
2552.519,18,63,0,0,0,0,500
2557.769,18,63,0,147,147,0, 353
2560.002,18,63,0,29,176,0, 324
2563.969,18,63,0,10,166,0, 334
2564.852,18,63,0,3,163,0, 337
2565.518,18,63,0,5,158,0, 342
2566.235,18,63,0,14,144,0, 356
2568.185,18,63,0,13,131,0, 369
2569.585,18,63,0,5,126,0, 374
2571.852,18,64,0,0,0,0,250
2573.235,18,64,0,137,137,0, 113
2576.785,18,64,0,11,126,0, 124
2577.702,18,64,0,16,110,0, 140
2579.602,18,65,0,0,0,0,250
2581.435,18,65,0,128,128,0, 122
2585.285,18,65,0,4,124,0, 126
2588.102,18,65,0,12,112,0, 138
2591.868,18,66,0,0,0,0,750
2601.852,18,66,0,134,134,0, 616
2604.835,18,66,0,78,212,0, 538
2608.852,18,66,0,30,182,0, 568
2609.818,18,66,0,17,165,0, 585
2611.568,18,66,0,3,162,0, 588
2612.135,18,66,0,5,157,0, 593
2612.952,18,66,0,7,150,0, 600
2614.835,18,67,0,0,0,0,750
2624.602,18,67,0,142,142,0, 608
2629.802,18,67,0,14,128,0, 622
2630.918,18,67,0,12,116,0, 634
2634.418,18,67,0,5,111,0, 639
2640.635,18,68,0,0,0,0,750
2646.802,18,68,0,169,169,0, 581
2652.985,18,68,0,12,157,0, 593
2655.485,18,68,0,33,124,0, 626
2657.602,18,68,0,10,114,0, 636
2658.868,18,69,0,0,0,0,250
2661.318,18,69,0,124,124,0, 126
2663.935,18,69,0,11,135,0, 115
2666.668,18,69,0,12,123,0, 127
2667.652,18,69,0,18,105,0, 145
2671.469,18,70,0,0,0,0,500
2674.318,18,70,0,159,159,0, 341
2677.352,18,70,0,19,140,0, 360
2678.268,18,70,0,18,122,0, 378
2680.518,18,70,0,88,34,0, 466
2684.902,18,70,0,118,152,0, 348
2688.785,18,70,0,5,147,0, 353
2689.702,18,70,0,20,127,0, 373
2691.868,18,71,0,0,0,0,750
2695.868,18,71,0,212,212,0, 538
2698.502,18,71,0,17,195,0, 555
2699.618,18,71,0,76,119,0, 631
2702.068,18,72,0,0,0,0,250
2704.252,18,72,0,101,101,0, 149
2705.602,18,72,0,6,107,0, 143
2709.835,18,72,0,1,106,0, 144
2710.468,18,72,0,6,100,0, 150
33.72001,19,1,0,0,0,0,250
87.05333,19,1,1,0,1,0, 249
88.30332,19,1,1,0,0,0, 250
125.5366,19,1,1,0,1,0, 249
126.22,19,1,1,0,0,0, 250
131.5366,19,1,1,0,1,0, 249
135.9366,19,1,1,0,2,0, 248
136.97,19,1,1,0,1,0, 249
142.2868,19,1,1,0,2,0, 248
143.22,19,1,1,0,3,0, 247
163.6866,19,1,1,0,4,0, 246
164.0866,19,1,0,3,7,0, 243
165.8032,19,1,0,72,79,0, 171
171.3366,19,1,1,0,78,0, 172
172.5533,19,1,1,0,77,0, 173
177.7866,19,1,0,36,113,0, 137
199.6699,19,1,1,0,114,0, 136
200.6365,19,1,1,0,115,0, 135
201.2366,19,1,1,0,116,0, 134
207.7866,19,1,1,0,117,0, 133
209.2699,19,1,1,0,118,0, 132
218.1865,19,2,0,0,0,0,250
232.0199,19,2,0,126,126,0, 124
238.2866,19,2,1,0,125,0, 125
238.9366,19,2,1,0,124,0, 126
247.1366,19,2,1,0,123,0, 127
248.6532,19,2,1,0,122,0, 128
250.1032,19,2,1,0,121,0, 129
251.2365,19,2,1,0,120,0, 130
252.2365,19,2,1,0,119,0, 131
253.3365,19,2,1,0,118,0, 132
254.7865,19,2,1,0,117,0, 133
255.6865,19,2,1,0,116,0, 134
260.3699,19,2,1,0,115,0, 135
260.8532,19,2,1,0,114,0, 136
261.3532,19,2,1,0,113,0, 137
262.2032,19,2,1,0,112,0, 138
262.7365,19,2,1,0,111,0, 139
263.4865,19,2,1,0,110,0, 140
265.2699,19,2,1,0,109,0, 141
266.3032,19,2,1,0,108,0, 142
267.1699,19,2,1,0,107,0, 143
267.6699,19,2,1,0,106,0, 144
272.4365,19,2,1,0,105,0, 145
275.4532,19,2,1,0,104,0, 146
279.2365,19,2,1,0,103,0, 147
279.7032,19,2,1,0,102,0, 148
312.7365,19,2,1,0,103,0, 147
322.6366,19,2,1,0,102,0, 148
323.4032,19,2,1,0,101,0, 149
344.5532,19,2,1,0,102,0, 148
355.7032,19,3,0,0,0,0,500
364.1198,19,3,0,143,143,0, 357
366.5031,19,3,0,18,161,0, 339
377.9198,19,3,0,4,165,0, 335
379.8865,19,3,1,0,164,0, 336
380.5532,19,3,1,0,163,0, 337
380.8198,19,3,1,0,162,0, 338
381.5198,19,3,1,0,161,0, 339
382.5532,19,3,1,0,160,0, 340
382.8031,19,3,1,0,159,0, 341
383.2531,19,3,1,0,158,0, 342
384.1031,19,3,1,0,157,0, 343
385.0865,19,3,1,0,156,0, 344
386.2698,19,3,1,0,155,0, 345
394.7031,19,3,1,0,154,0, 346
397.3365,19,3,1,0,153,0, 347
398.0531,19,3,1,0,152,0, 348
398.3031,19,3,1,0,151,0, 349
398.9531,19,3,1,0,150,0, 350
399.7698,19,3,1,0,149,0, 351
400.0031,19,3,1,0,148,0, 352
400.5364,19,3,1,0,147,0, 353
401.1531,19,3,1,0,146,0, 354
402.3531,19,3,1,0,145,0, 355
403.1031,19,3,1,0,144,0, 356
403.7531,19,3,1,0,143,0, 357
404.1865,19,3,1,0,142,0, 358
405.4198,19,3,1,0,141,0, 359
406.0865,19,3,1,0,140,0, 360
407.1031,19,3,1,0,139,0, 361
407.8365,19,3,1,0,138,0, 362
409.3032,19,3,1,0,137,0, 363
409.9198,19,3,1,0,136,0, 364
410.4865,19,3,1,0,135,0, 365
419.2031,19,3,1,0,136,0, 364
419.4364,19,3,1,0,137,0, 363
419.9198,19,3,1,0,138,0, 362
421.2698,19,3,1,0,137,0, 363
421.8531,19,3,1,0,136,0, 364
422.4198,19,3,1,0,135,0, 365
423.0698,19,3,1,0,134,0, 366
424.2531,19,3,1,0,133,0, 367
424.7864,19,3,1,0,132,0, 368
425.2532,19,3,1,0,131,0, 369
425.8531,19,3,1,0,130,0, 370
426.4198,19,3,1,0,129,0, 371
426.9865,19,3,1,0,128,0, 372
428.1364,19,3,1,0,127,0, 373
428.9865,19,3,1,0,126,0, 374
431.3531,19,3,1,0,125,0, 375
435.4698,19,3,1,0,124,0, 376
436.1198,19,3,1,0,123,0, 377
436.3365,19,3,1,0,122,0, 378
445.1864,19,3,1,0,121,0, 379
445.7864,19,3,1,0,120,0, 380
446.3198,19,3,1,0,119,0, 381
449.0531,19,3,1,0,118,0, 382
449.5531,19,3,1,0,117,0, 383
472.1697,19,4,0,0,0,0,500
501.7864,19,4,0,71,71,0, 429
507.3031,19,4,0,50,121,0, 379
514.6364,19,4,1,0,120,0, 380
515.0864,19,4,1,0,119,0, 381
515.3864,19,4,1,0,118,0, 382
515.6364,19,4,1,0,117,0, 383
551.9531,19,4,0,17,134,0, 366
554.7864,19,4,0,6,140,0, 360
559.103,19,4,1,0,141,0, 359
560.5697,19,4,1,0,142,0, 358
564.9531,19,4,1,0,143,0, 357
574.3864,19,4,1,0,142,0, 358
575.2363,19,4,1,0,141,0, 359
576.2363,19,4,1,0,140,0, 360
576.7363,19,4,1,0,139,0, 361
578.5364,19,4,1,0,138,0, 362
579.9363,19,4,1,0,137,0, 363
580.203,19,4,1,0,136,0, 364
582.9531,19,4,1,0,135,0, 365
594.303,19,4,1,0,134,0, 366
594.9197,19,4,1,0,133,0, 367
595.5864,19,4,1,0,132,0, 368
595.7864,19,4,1,0,131,0, 369
596.3697,19,4,1,0,130,0, 370
597.053,19,4,1,0,129,0, 371
597.7697,19,4,1,0,128,0, 372
599.2531,19,4,1,0,127,0, 373
600.6196,19,4,1,0,126,0, 374
600.8864,19,4,1,0,125,0, 375
601.6697,19,4,1,0,124,0, 376
601.8196,19,4,1,0,123,0, 377
603.953,19,4,1,0,122,0, 378
604.2532,19,4,1,0,121,0, 379
605.153,19,4,1,0,120,0, 380
605.3864,19,4,1,0,119,0, 381
605.903,19,4,1,0,118,0, 382
615.5364,19,4,1,0,117,0, 383
616.503,19,4,1,0,116,0, 384
617.0696,19,4,1,0,115,0, 385
617.3696,19,4,1,0,114,0, 386
618.7197,19,4,1,0,113,0, 387
619.603,19,4,1,0,112,0, 388
620.653,19,4,1,0,111,0, 389
621.2863,19,4,1,0,110,0, 390
621.5863,19,4,1,0,109,0, 391
622.253,19,4,1,0,108,0, 392
623.4363,19,4,1,0,107,0, 393
624.5363,19,4,1,0,106,0, 394
625.7697,19,4,1,0,105,0, 395
626.0696,19,4,1,0,106,0, 394
626.353,19,4,1,0,105,0, 395
626.8196,19,4,1,0,104,0, 396
627.3864,19,4,1,0,103,0, 397
628.2863,19,4,1,0,102,0, 398
629.103,19,4,1,0,101,0, 399
629.4697,19,4,1,0,100,0, 400
630.1863,19,4,1,0,99,0, 401
709.603,19,4,1,0,98,0, 402
716.8863,19,4,1,0,97,0, 403
717.4363,19,4,1,0,96,0, 404
717.9696,19,4,1,0,95,0, 405
718.7696,19,4,1,0,94,0, 406
721.2863,19,4,1,0,93,0, 407
727.5696,19,4,1,0,92,0, 408
728.4363,19,4,1,0,91,0, 409
738.7029,19,4,1,0,90,0, 410
741.0363,19,4,1,0,89,0, 411
741.2863,19,4,1,0,88,0, 412
746.7695,19,4,1,0,87,0, 413
747.2196,19,4,1,0,86,0, 414
749.3362,19,4,1,0,85,0, 415
749.9363,19,4,1,0,84,0, 416
750.1362,19,4,1,0,83,0, 417
750.5029,19,4,1,0,82,0, 418
751.3696,19,4,1,0,81,0, 419
751.9196,19,4,1,0,80,0, 420
761.0363,19,4,1,0,79,0, 421
782.1696,19,4,1,0,80,0, 420
793.6862,19,4,1,0,81,0, 419
797.4696,19,4,1,0,80,0, 420
801.8362,19,4,1,0,81,0, 419
808.8528,19,5,0,0,0,0,500
831.3696,19,5,0,69,69,0, 431
839.6195,19,5,1,0,68,0, 432
840.1696,19,5,1,0,67,0, 433
840.4862,19,5,1,0,66,0, 434
841.3862,19,5,1,0,65,0, 435
842.2362,19,5,1,0,64,0, 436
843.2695,19,5,1,0,63,0, 437
843.7195,19,5,1,0,62,0, 438
844.1862,19,5,1,0,61,0, 439
844.9195,19,5,1,0,60,0, 440
845.5862,19,5,1,0,59,0, 441
846.2695,19,5,1,0,58,0, 442
847.4862,19,5,1,0,57,0, 443
847.7362,19,5,1,0,56,0, 444
848.9695,19,5,1,0,55,0, 445
849.8696,19,5,1,0,54,0, 446
850.4862,19,5,1,0,53,0, 447
851.0529,19,5,1,0,52,0, 448
866.0695,19,5,1,0,53,0, 447
866.4695,19,5,1,0,54,0, 446
866.8029,19,5,1,0,55,0, 445
867.0695,19,5,1,0,56,0, 444
867.3862,19,5,1,0,57,0, 443
868.1196,19,5,1,0,58,0, 442
868.8862,19,5,1,0,59,0, 441
870.4528,19,5,1,0,60,0, 440
871.3195,19,5,1,0,61,0, 439
871.6362,19,5,1,0,62,0, 438
872.4028,19,5,1,0,63,0, 437
872.7195,19,5,1,0,64,0, 436
872.9362,19,5,1,0,63,0, 437
873.4695,19,5,1,0,64,0, 436
873.6362,19,5,1,0,65,0, 435
875.9195,19,5,1,0,66,0, 434
876.2528,19,5,1,0,67,0, 433
877.6028,19,5,1,0,68,0, 432
878.5695,19,5,1,0,69,0, 431
880.4695,19,5,1,0,70,0, 430
880.8528,19,5,1,0,71,0, 429
890.8029,19,5,1,0,72,0, 428
891.1695,19,5,1,0,73,0, 427
891.6362,19,5,1,0,74,0, 426
891.9028,19,5,1,0,75,0, 425
892.3361,19,5,1,0,76,0, 424
892.8195,19,5,1,0,75,0, 425
893.9861,19,5,1,0,76,0, 424
894.3195,19,5,1,0,77,0, 423
896.5695,19,5,1,0,78,0, 422
897.8528,19,5,1,0,77,0, 423
900.4861,19,5,1,0,78,0, 422
906.5528,19,5,1,0,79,0, 421
906.8695,19,5,1,0,80,0, 420
907.6194,19,5,1,0,81,0, 419
912.8862,19,5,1,0,80,0, 420
920.0028,19,5,1,0,81,0, 419
920.6862,19,5,1,0,82,0, 418
921.7861,19,5,1,0,83,0, 417
922.4861,19,5,1,0,84,0, 416
923.1028,19,5,1,0,85,0, 415
929.5861,19,5,1,0,86,0, 414
936.7861,19,5,1,0,87,0, 413
937.7361,19,5,1,0,88,0, 412
947.1528,19,5,1,0,89,0, 411
947.8195,19,5,1,0,90,0, 410
950.8028,19,5,1,0,91,0, 409
951.5361,19,5,1,0,92,0, 408
953.2195,19,5,1,0,93,0, 407
955.2528,19,5,1,0,94,0, 406
955.5195,19,5,1,0,95,0, 405
957.5361,19,5,1,0,96,0, 404
958.6361,19,5,1,0,97,0, 403
968.6361,19,5,1,0,98,0, 402
981.9861,19,5,1,0,99,0, 401
982.2861,19,5,1,0,100,0, 400
997.9861,19,5,1,0,101,0, 399
1002.953,19,5,1,0,102,0, 398
1003.786,19,5,1,0,103,0, 397
1004.136,19,5,1,0,104,0, 396
1004.753,19,5,1,0,105,0, 395
1005.386,19,5,1,0,104,0, 396
1005.819,19,5,1,0,105,0, 395
1006.469,19,5,1,0,106,0, 394
1006.686,19,5,1,0,107,0, 393
1009.703,19,5,1,0,108,0, 392
1010.069,19,5,1,0,109,0, 391
1030.136,19,5,1,0,108,0, 392
1030.903,19,5,1,0,107,0, 393
1031.853,19,5,1,0,106,0, 394
1032.203,19,5,1,0,105,0, 395
1034.603,19,6,0,0,0,0,750
1046.653,19,6,0,91,91,0, 659
1051.019,19,6,1,0,90,0, 660
1051.503,19,6,1,0,89,0, 661
1051.819,19,6,1,0,88,0, 662
1052.603,19,6,1,0,87,0, 663
1053.286,19,6,1,0,86,0, 664
1054.053,19,6,1,0,85,0, 665
1054.469,19,6,1,0,84,0, 666
1056.203,19,6,1,0,83,0, 667
1057.703,19,6,1,0,82,0, 668
1058.536,19,6,1,0,81,0, 669
1059.253,19,6,1,0,80,0, 670
1060.003,19,6,1,0,79,0, 671
1061.086,19,6,1,0,78,0, 672
1061.386,19,6,1,0,77,0, 673
1061.986,19,6,1,0,76,0, 674
1063.086,19,6,1,0,77,0, 673
1063.336,19,6,1,0,76,0, 674
1063.686,19,6,1,0,77,0, 673
1063.903,19,6,1,0,76,0, 674
1064.286,19,6,1,0,75,0, 675
1064.819,19,6,1,0,74,0, 676
1065.486,19,6,1,0,73,0, 677
1066.036,19,6,1,0,72,0, 678
1066.653,19,6,1,0,73,0, 677
1066.869,19,6,1,0,72,0, 678
1067.519,19,6,1,0,71,0, 679
1068.119,19,6,1,0,72,0, 678
1068.553,19,6,1,0,71,0, 679
1070.003,19,6,1,0,72,0, 678
1070.653,19,6,1,0,71,0, 679
1071.453,19,6,1,0,70,0, 680
1072.353,19,6,1,0,69,0, 681
1090.453,19,6,1,0,70,0, 680
1090.919,19,6,1,0,71,0, 679
1091.519,19,6,1,0,72,0, 678
1092.92,19,6,1,0,73,0, 677
1093.803,19,6,1,0,74,0, 676
1094.519,19,6,1,0,75,0, 675
1099.186,19,6,1,0,76,0, 674
1099.486,19,6,1,0,77,0, 673
1099.803,19,6,1,0,78,0, 672
1101.253,19,6,1,0,79,0, 671
1102.069,19,6,1,0,80,0, 670
1102.786,19,6,1,0,81,0, 669
1103.003,19,6,1,0,82,0, 668
1103.419,19,6,1,0,83,0, 667
1103.936,19,6,1,0,84,0, 666
1104.219,19,6,1,0,85,0, 665
1104.536,19,6,1,0,86,0, 664
1104.953,19,6,1,0,87,0, 663
1105.186,19,6,1,0,88,0, 662
1106.019,19,6,1,0,89,0, 661
1106.636,19,6,1,0,90,0, 660
1109.303,19,6,1,0,91,0, 659
1109.953,19,6,1,0,92,0, 658
1111.653,19,6,1,0,93,0, 657
1114.236,19,6,1,0,94,0, 656
1114.919,19,6,1,0,95,0, 655
1115.336,19,6,1,0,96,0, 654
1119.053,19,6,1,0,95,0, 655
1122.069,19,6,1,0,94,0, 656
1122.336,19,6,1,0,93,0, 657
1124.003,19,6,1,0,94,0, 656
1140.353,19,6,1,0,95,0, 655
1140.703,19,6,1,0,96,0, 654
1142.653,19,6,1,0,97,0, 653
1143.019,19,6,1,0,98,0, 652
1143.403,19,6,1,0,99,0, 651
1143.819,19,6,1,0,100,0, 650
1148.219,19,6,1,0,101,0, 649
1148.636,19,6,1,0,102,0, 648
1152.286,19,6,1,0,101,0, 649
1188.719,19,6,1,0,102,0, 648
1189.286,19,6,1,0,103,0, 647
1189.919,19,6,1,0,104,0, 646
1191.953,19,6,1,0,105,0, 645
1192.436,19,6,1,0,106,0, 644
1194.419,19,6,1,0,107,0, 643
1194.769,19,6,1,0,108,0, 642
1195.753,19,6,1,0,109,0, 641
1197.536,19,6,1,0,108,0, 642
1210.369,19,6,1,0,107,0, 643
1210.886,19,6,1,0,106,0, 644
1211.369,19,6,1,0,107,0, 643
1214.636,19,6,1,0,108,0, 642
1216.203,19,6,1,0,109,0, 641
1221.086,19,6,1,0,110,0, 640
1230.603,19,6,1,0,109,0, 641
1243.519,19,6,1,0,108,0, 642
1243.753,19,6,1,0,107,0, 643
1246.086,19,6,1,0,106,0, 644
1246.669,19,6,1,0,105,0, 645
1247.136,19,6,1,0,104,0, 646
1247.819,19,6,1,0,103,0, 647
1248.336,19,6,1,0,102,0, 648
1249.203,19,6,1,0,101,0, 649
1250.886,19,6,1,0,100,0, 650
1251.369,19,6,1,0,99,0, 651
1254.619,19,6,1,0,98,0, 652
1256.186,19,6,1,0,97,0, 653
1256.536,19,6,1,0,96,0, 654
1257.169,19,6,1,0,95,0, 655
1257.953,19,6,1,0,94,0, 656
1259.569,19,6,1,0,93,0, 657
1261.003,19,6,1,0,92,0, 658
1261.269,19,6,1,0,91,0, 659
1266.053,19,7,0,0,0,0,250
1271.253,19,7,0,1,1,0, 249
1274.969,19,7,1,0,0,0, 250
1279.019,19,7,0,65,65,0, 185
1282.469,19,7,1,0,64,0, 186
1284.186,19,7,1,0,63,0, 187
1285.303,19,7,1,0,62,0, 188
1286.503,19,7,1,0,61,0, 189
1288.269,19,7,1,0,60,0, 190
1288.603,19,7,1,0,59,0, 191
1290.319,19,7,1,0,60,0, 190
1290.886,19,7,1,0,61,0, 189
1291.286,19,7,1,0,62,0, 188
1291.536,19,7,1,0,63,0, 187
1291.836,19,7,1,0,64,0, 186
1292.786,19,7,1,0,65,0, 185
1295.003,19,7,1,0,66,0, 184
1295.636,19,7,1,0,67,0, 183
1296.086,19,7,1,0,68,0, 182
1296.803,19,7,1,0,69,0, 181
1297.436,19,7,1,0,70,0, 180
1297.869,19,7,1,0,71,0, 179
1298.736,19,7,1,0,72,0, 178
1299.369,19,7,1,0,73,0, 177
1299.586,19,7,1,0,74,0, 176
1300.203,19,7,1,0,75,0, 175
1300.569,19,7,1,0,76,0, 174
1300.819,19,7,1,0,77,0, 173
1301.836,19,7,1,0,78,0, 172
1302.219,19,7,1,0,79,0, 171
1302.536,19,7,1,0,80,0, 170
1302.786,19,7,1,0,81,0, 169
1304.436,19,7,1,0,82,0, 168
1305.419,19,7,1,0,83,0, 167
1306.036,19,7,1,0,84,0, 166
1307.453,19,7,1,0,85,0, 165
1308.286,19,7,1,0,86,0, 164
1310.036,19,7,1,0,85,0, 165
1310.353,19,7,1,0,84,0, 166
1312.086,19,7,1,0,83,0, 167
1312.719,19,7,1,0,82,0, 168
1313.536,19,7,1,0,81,0, 169
1317.136,19,7,1,0,80,0, 170
1321.553,19,7,1,0,81,0, 169
1321.886,19,7,1,0,82,0, 168
1330.086,19,7,1,0,83,0, 167
1330.669,19,7,1,0,84,0, 166
1331.119,19,7,1,0,85,0, 165
1331.769,19,7,1,0,86,0, 164
1332.169,19,7,1,0,87,0, 163
1332.403,19,7,1,0,88,0, 162
1332.836,19,7,1,0,89,0, 161
1333.169,19,7,1,0,90,0, 160
1333.436,19,7,1,0,91,0, 159
1333.669,19,7,1,0,92,0, 158
1334.453,19,7,1,0,93,0, 157
1335.052,19,7,1,0,94,0, 156
1335.353,19,7,1,0,95,0, 155
1335.619,19,7,1,0,96,0, 154
1336.269,19,7,1,0,97,0, 153
1336.769,19,7,1,0,98,0, 152
1337.169,19,7,1,0,99,0, 151
1337.519,19,7,1,0,100,0, 150
1337.703,19,7,1,0,101,0, 149
1338.369,19,7,1,0,102,0, 148
1338.719,19,7,1,0,103,0, 147
1340.503,19,7,1,0,102,0, 148
1342.886,19,7,1,0,101,0, 149
1352.836,19,7,1,0,102,0, 148
1353.853,19,7,1,0,103,0, 147
1354.686,19,7,1,0,104,0, 146
1355.353,19,7,1,0,105,0, 145
1355.736,19,7,1,0,106,0, 144
1357.103,19,7,1,0,107,0, 143
1359.853,19,7,1,0,108,0, 142
1364.603,19,7,1,0,107,0, 143
1373.686,19,7,1,0,108,0, 142
1381.469,19,7,1,0,107,0, 143
1381.803,19,7,1,0,106,0, 144
1386.186,19,8,0,0,0,0,750
1456.636,19,8,0,119,119,0, 631
1464.619,19,8,1,0,118,0, 632
1465.086,19,8,1,0,117,0, 633
1465.536,19,8,1,0,116,0, 634
1465.853,19,8,1,0,115,0, 635
1466.386,19,8,1,0,114,0, 636
1466.619,19,8,1,0,113,0, 637
1467.286,19,8,1,0,112,0, 638
1467.819,19,8,1,0,111,0, 639
1468.269,19,8,1,0,110,0, 640
1468.519,19,8,1,0,109,0, 641
1469.119,19,8,1,0,108,0, 642
1469.819,19,8,1,0,107,0, 643
1470.019,19,8,1,0,106,0, 644
1470.619,19,8,1,0,105,0, 645
1471.353,19,8,1,0,104,0, 646
1472.003,19,8,1,0,103,0, 647
1472.436,19,8,1,0,102,0, 648
1473.152,19,8,1,0,101,0, 649
1473.469,19,8,1,0,100,0, 650
1473.736,19,8,1,0,99,0, 651
1474.269,19,8,1,0,98,0, 652
1474.536,19,8,1,0,97,0, 653
1475.603,19,8,1,0,96,0, 654
1476.152,19,8,1,0,95,0, 655
1476.802,19,8,1,0,94,0, 656
1477.286,19,8,1,0,93,0, 657
1477.519,19,8,1,0,94,0, 656
1477.852,19,8,1,0,93,0, 657
1478.302,19,8,1,0,92,0, 658
1479.236,19,8,1,0,91,0, 659
1479.819,19,8,1,0,90,0, 660
1481.519,19,8,1,0,89,0, 661
1482.103,19,8,1,0,88,0, 662
1482.969,19,8,1,0,87,0, 663
1483.853,19,8,1,0,86,0, 664
1484.169,19,8,1,0,85,0, 665
1485.419,19,8,1,0,84,0, 666
1490.252,19,8,1,0,83,0, 667
1490.819,19,8,1,0,82,0, 668
1491.436,19,8,1,0,81,0, 669
1492.036,19,8,1,0,80,0, 670
1493.036,19,8,1,0,79,0, 671
1498.819,19,8,1,0,80,0, 670
1499.136,19,8,1,0,81,0, 669
1499.802,19,8,1,0,82,0, 668
1503.536,19,8,1,0,83,0, 667
1504.069,19,8,1,0,84,0, 666
1504.536,19,8,1,0,85,0, 665
1504.919,19,8,1,0,86,0, 664
1505.736,19,8,1,0,87,0, 663
1506.586,19,8,1,0,88,0, 662
1509.369,19,8,1,0,89,0, 661
1509.552,19,8,1,0,90,0, 660
1510.569,19,8,1,0,89,0, 661
1510.952,19,8,1,0,90,0, 660
1511.236,19,8,1,0,91,0, 659
1513.419,19,8,1,0,92,0, 658
1524.869,19,8,1,0,93,0, 657
1525.852,19,8,1,0,94,0, 656
1535.036,19,8,1,0,93,0, 657
1535.302,19,8,1,0,94,0, 656
1535.719,19,8,1,0,95,0, 655
1548.419,19,8,1,0,96,0, 654
1549.086,19,8,1,0,97,0, 653
1549.619,19,8,1,0,98,0, 652
1551.952,19,8,1,0,99,0, 651
1552.669,19,8,1,0,100,0, 650
1556.686,19,8,1,0,101,0, 649
1566.836,19,8,1,0,100,0, 650
1571.852,19,8,1,0,99,0, 651
1576.236,19,8,1,0,98,0, 652
1580.802,19,8,1,0,97,0, 653
1581.236,19,8,1,0,96,0, 654
1585.586,19,8,1,0,95,0, 655
1585.936,19,8,1,0,94,0, 656
1586.219,19,8,1,0,93,0, 657
1586.552,19,8,1,0,92,0, 658
1586.869,19,8,1,0,91,0, 659
1598.219,19,8,1,0,90,0, 660
1598.486,19,8,1,0,91,0, 659
1598.886,19,8,1,0,90,0, 660
1599.319,19,8,1,0,89,0, 661
1602.269,19,8,1,0,88,0, 662
1610.886,19,8,1,0,87,0, 663
1611.569,19,8,1,0,86,0, 664
1613.486,19,9,0,0,0,0,250
1623.669,19,9,0,62,62,0, 188
1636.252,19,9,0,2,64,0, 186
1637.302,19,9,0,8,72,0, 178
1641.536,19,9,1,0,71,0, 179
1642.136,19,9,1,0,70,0, 180
1646.502,19,9,0,3,73,0, 177
1649.702,19,9,1,0,72,0, 178
1649.936,19,9,1,0,71,0, 179
1650.319,19,9,1,0,70,0, 180
1656.902,19,9,1,0,71,0, 179
1657.802,19,9,1,0,72,0, 178
1658.086,19,9,1,0,73,0, 177
1658.836,19,9,1,0,74,0, 176
1659.102,19,9,1,0,75,0, 175
1659.802,19,9,1,0,76,0, 174
1660.419,19,9,1,0,77,0, 173
1661.069,19,9,1,0,78,0, 172
1661.486,19,9,1,0,79,0, 171
1662.036,19,9,1,0,80,0, 170
1668.652,19,9,1,0,81,0, 169
1669.152,19,9,1,0,80,0, 170
1669.702,19,9,1,0,81,0, 169
1670.119,19,9,1,0,82,0, 168
1673.902,19,9,1,0,83,0, 167
1677.902,19,9,1,0,84,0, 166
1678.486,19,9,1,0,85,0, 165
1679.352,19,9,1,0,86,0, 164
1680.352,19,9,1,0,87,0, 163
1680.952,19,9,1,0,88,0, 162
1681.552,19,9,1,0,89,0, 161
1685.669,19,9,1,0,88,0, 162
1688.036,19,9,1,0,87,0, 163
1688.536,19,9,1,0,86,0, 164
1689.936,19,9,1,0,85,0, 165
1691.519,19,9,1,0,84,0, 166
1692.419,19,9,1,0,83,0, 167
1693.636,19,9,1,0,82,0, 168
1694.486,19,9,1,0,81,0, 169
1694.836,19,9,1,0,80,0, 170
1695.153,19,9,1,0,79,0, 171
1698.819,19,9,1,0,78,0, 172
1699.486,19,9,1,0,77,0, 173
1700.302,19,9,1,0,76,0, 174
1700.719,19,9,1,0,75,0, 175
1701.186,19,9,1,0,74,0, 176
1701.486,19,9,1,0,73,0, 177
1704.569,19,9,1,0,72,0, 178
1705.019,19,9,1,0,71,0, 179
1708.869,19,9,1,0,72,0, 178
1710.636,19,9,1,0,73,0, 177
1727.286,19,9,1,0,74,0, 176
1727.602,19,9,1,0,75,0, 175
1727.986,19,9,1,0,76,0, 174
1728.219,19,9,1,0,77,0, 173
1729.119,19,9,1,0,78,0, 172
1729.469,19,9,1,0,79,0, 171
1730.469,19,9,1,0,80,0, 170
1730.686,19,9,1,0,81,0, 169
1731.886,19,9,1,0,82,0, 168
1733.502,19,9,1,0,83,0, 167
1734.152,19,9,1,0,84,0, 166
1734.469,19,9,1,0,85,0, 165
1734.819,19,9,1,0,86,0, 164
1735.436,19,9,1,0,87,0, 163
1736.669,19,9,1,0,88,0, 162
1737.186,19,9,1,0,89,0, 161
1750.219,19,9,1,0,90,0, 160
1750.569,19,9,1,0,91,0, 159
1751.069,19,9,1,0,92,0, 158
1751.902,19,9,1,0,93,0, 157
1760.652,19,9,1,0,94,0, 156
1771.719,19,10,0,0,0,0,750
1801.136,19,10,1,0,1,0, 749
1801.386,19,10,1,0,2,0, 748
1801.702,19,10,1,0,3,0, 747
1801.919,19,10,1,0,2,0, 748
1802.119,19,10,1,0,3,0, 747
1802.486,19,10,1,0,2,0, 748
1803.019,19,10,1,0,3,0, 747
1803.269,19,10,1,0,2,0, 748
1804.802,19,10,1,0,3,0, 747
1805.036,19,10,1,0,4,0, 746
1805.669,19,10,1,0,5,0, 745
1806.019,19,10,1,0,6,0, 744
1806.369,19,10,1,0,7,0, 743
1806.969,19,10,1,0,8,0, 742
1807.319,19,10,1,0,9,0, 741
1807.819,19,10,1,0,10,0, 740
1808.436,19,10,1,0,11,0, 739
1808.719,19,10,1,0,12,0, 738
1808.986,19,10,1,0,11,0, 739
1809.336,19,10,1,0,12,0, 738
1809.602,19,10,1,0,13,0, 737
1810.452,19,10,1,0,14,0, 736
1810.752,19,10,1,0,15,0, 735
1811.752,19,10,1,0,16,0, 734
1812.036,19,10,1,0,17,0, 733
1812.269,19,10,1,0,18,0, 732
1816.769,19,10,1,0,17,0, 733
1818.402,19,10,1,0,18,0, 732
1818.669,19,10,1,0,17,0, 733
1819.036,19,10,1,0,18,0, 732
1819.269,19,10,1,0,19,0, 731
1819.636,19,10,1,0,20,0, 730
1819.936,19,10,1,0,21,0, 729
1822.202,19,10,1,0,22,0, 728
1822.486,19,10,1,0,23,0, 727
1823.036,19,10,1,0,24,0, 726
1823.436,19,10,1,0,25,0, 725
1824.086,19,10,1,0,26,0, 724
1824.369,19,10,1,0,27,0, 723
1824.586,19,10,1,0,28,0, 722
1829.036,19,10,1,0,29,0, 721
1829.519,19,10,1,0,30,0, 720
1830.002,19,10,1,0,31,0, 719
1830.686,19,10,1,0,32,0, 718
1830.952,19,10,1,0,33,0, 717
1831.769,19,10,1,0,34,0, 716
1831.986,19,10,1,0,35,0, 715
1832.286,19,10,1,0,36,0, 714
1833.352,19,10,1,0,37,0, 713
1839.852,19,10,1,0,36,0, 714
1843.902,19,10,1,0,37,0, 713
1844.486,19,10,1,0,38,0, 712
1845.052,19,10,1,0,39,0, 711
1845.469,19,10,1,0,40,0, 710
1846.036,19,10,1,0,41,0, 709
1846.569,19,10,1,0,42,0, 708
1847.452,19,10,1,0,43,0, 707
1848.069,19,10,1,0,44,0, 706
1848.352,19,10,1,0,45,0, 705
1848.802,19,10,1,0,44,0, 706
1849.252,19,10,1,0,43,0, 707
1849.669,19,10,1,0,44,0, 706
1849.952,19,10,1,0,45,0, 705
1850.219,19,10,1,0,46,0, 704
1850.769,19,10,1,0,47,0, 703
1851.352,19,10,1,0,48,0, 702
1852.652,19,10,1,0,49,0, 701
1853.169,19,10,1,0,50,0, 700
1853.736,19,10,1,0,51,0, 699
1854.319,19,10,1,0,52,0, 698
1854.586,19,10,1,0,53,0, 697
1855.036,19,10,1,0,54,0, 696
1855.386,19,10,1,0,55,0, 695
1855.619,19,10,1,0,56,0, 694
1856.102,19,10,1,0,57,0, 693
1856.352,19,10,1,0,58,0, 692
1856.686,19,10,1,0,59,0, 691
1856.969,19,10,1,0,60,0, 690
1857.319,19,10,1,0,61,0, 689
1857.769,19,10,1,0,62,0, 688
1858.352,19,10,1,0,63,0, 687
1862.152,19,10,1,0,62,0, 688
1867.719,19,10,1,0,61,0, 689
1868.086,19,10,1,0,60,0, 690
1868.586,19,10,1,0,59,0, 691
1869.135,19,10,1,0,58,0, 692
1871.486,19,10,1,0,59,0, 691
1872.469,19,10,1,0,60,0, 690
1873.102,19,10,1,0,61,0, 689
1875.769,19,10,1,0,62,0, 688
1876.019,19,10,1,0,63,0, 687
1876.286,19,10,1,0,64,0, 686
1876.552,19,10,1,0,65,0, 685
1877.119,19,10,1,0,66,0, 684
1877.936,19,10,1,0,67,0, 683
1878.302,19,10,1,0,68,0, 682
1878.652,19,10,1,0,69,0, 681
1878.952,19,10,1,0,68,0, 682
1879.519,19,10,1,0,69,0, 681
1880.152,19,10,1,0,70,0, 680
1880.536,19,10,1,0,71,0, 679
1881.086,19,10,1,0,72,0, 678
1881.286,19,10,1,0,73,0, 677
1882.986,19,10,1,0,74,0, 676
1883.186,19,10,1,0,75,0, 675
1888.802,19,10,1,0,76,0, 674
1889.636,19,10,1,0,77,0, 673
1889.952,19,10,1,0,78,0, 672
1891.352,19,10,1,0,79,0, 671
1891.552,19,10,1,0,80,0, 670
1892.336,19,10,1,0,81,0, 669
1892.869,19,10,1,0,82,0, 668
1893.419,19,10,1,0,83,0, 667
1893.819,19,10,1,0,84,0, 666
1894.336,19,10,1,0,85,0, 665
1894.536,19,10,1,0,86,0, 664
1895.136,19,10,1,0,87,0, 663
1895.952,19,10,1,0,88,0, 662
1896.769,19,10,1,0,87,0, 663
1898.419,19,10,1,0,88,0, 662
1900.352,19,10,1,0,89,0, 661
1900.836,19,10,1,0,90,0, 660
1902.002,19,10,1,0,91,0, 659
1902.469,19,10,1,0,92,0, 658
1907.203,19,10,1,0,93,0, 657
1909.802,19,10,1,0,94,0, 656
1911.302,19,10,1,0,95,0, 655
1912.652,19,10,1,0,96,0, 654
1912.952,19,10,1,0,97,0, 653
1915.136,19,10,1,0,96,0, 654
1915.402,19,10,1,0,95,0, 655
1916.202,19,10,1,0,94,0, 656
1917.385,19,10,1,0,95,0, 655
1919.385,19,10,1,0,94,0, 656
1919.686,19,10,1,0,95,0, 655
1922.836,19,10,1,0,96,0, 654
1933.719,19,10,1,0,95,0, 655
1934.235,19,10,1,0,94,0, 656
1935.086,19,10,1,0,93,0, 657
1936.602,19,10,1,0,94,0, 656
1937.819,19,10,1,0,95,0, 655
1955.869,19,10,1,0,96,0, 654
1960.485,19,10,1,0,97,0, 653
1963.085,19,10,1,0,98,0, 652
1963.652,19,10,1,0,99,0, 651
1983.135,19,10,1,0,100,0, 650
1983.802,19,10,1,0,101,0, 649
1999.519,19,11,0,0,0,0,500
2032.619,19,11,0,50,50,0, 450
2040.452,19,11,1,0,49,0, 451
2053.252,19,11,0,50,99,0, 401
2058.902,19,11,1,0,98,0, 402
2059.485,19,11,1,0,97,0, 403
2060.052,19,11,1,0,96,0, 404
2061.035,19,11,1,0,95,0, 405
2061.452,19,11,1,0,94,0, 406
2061.702,19,11,1,0,93,0, 407
2062.619,19,11,1,0,92,0, 408
2063.202,19,11,1,0,91,0, 409
2063.535,19,11,1,0,90,0, 410
2068.169,19,11,1,0,91,0, 409
2068.519,19,11,1,0,92,0, 408
2069.085,19,11,1,0,91,0, 409
2069.802,19,11,1,0,92,0, 408
2070.052,19,11,1,0,93,0, 407
2073.535,19,11,1,0,94,0, 406
2076.585,19,11,1,0,95,0, 405
2081.002,19,11,1,0,96,0, 404
2084.419,19,11,1,0,97,0, 403
2086.686,19,11,1,0,98,0, 402
2087.269,19,11,1,0,99,0, 401
2089.402,19,11,1,0,100,0, 400
2089.835,19,11,1,0,101,0, 399
2091.735,19,11,1,0,102,0, 398
2092.219,19,11,1,0,103,0, 397
2092.452,19,11,1,0,104,0, 396
2101.269,19,11,1,0,105,0, 395
2102.019,19,11,1,0,106,0, 394
2102.969,19,11,1,0,107,0, 393
2136.502,19,12,0,0,0,0,500
2181.252,19,12,0,91,91,0, 409
2182.785,19,12,1,0,90,0, 410
2183.419,19,12,1,0,89,0, 411
2184.602,19,12,1,0,88,0, 412
2185.419,19,12,1,0,87,0, 413
2186.535,19,12,1,0,86,0, 414
2187.319,19,12,1,0,85,0, 415
2188.602,19,12,1,0,84,0, 416
2188.935,19,12,1,0,83,0, 417
2196.469,19,12,1,0,82,0, 418
2196.869,19,12,1,0,81,0, 419
2202.085,19,12,1,0,80,0, 420
2202.385,19,12,1,0,79,0, 421
2203.835,19,12,1,0,78,0, 422
2204.552,19,12,1,0,77,0, 423
2205.419,19,12,1,0,76,0, 424
2205.769,19,12,1,0,75,0, 425
2206.802,19,12,1,0,74,0, 426
2207.535,19,12,1,0,73,0, 427
2216.302,19,12,1,0,74,0, 426
2216.552,19,12,1,0,75,0, 425
2217.085,19,12,1,0,74,0, 426
2217.835,19,12,1,0,75,0, 425
2218.152,19,12,1,0,76,0, 424
2219.702,19,12,1,0,77,0, 423
2220.269,19,12,1,0,78,0, 422
2223.752,19,12,1,0,79,0, 421
2224.135,19,12,1,0,80,0, 420
2236.085,19,12,1,0,79,0, 421
2240.802,19,12,1,0,80,0, 420
2241.085,19,12,1,0,81,0, 419
2241.419,19,12,1,0,82,0, 418
2241.985,19,12,1,0,83,0, 417
2242.652,19,12,1,0,84,0, 416
2243.102,19,12,1,0,85,0, 415
2243.469,19,12,1,0,86,0, 414
2244.352,19,12,1,0,87,0, 413
2245.269,19,12,1,0,88,0, 412
2246.035,19,12,1,0,89,0, 411
2251.419,19,12,1,0,90,0, 410
2267.485,19,12,1,0,91,0, 409
2308.002,19,12,1,0,92,0, 408
2315.352,19,13,0,0,0,0,750
2348.919,19,13,0,187,187,0, 563
2374.102,19,13,1,0,186,0, 564
2375.135,19,13,1,0,185,0, 565
2375.619,19,13,1,0,184,0, 566
2376.419,19,13,1,0,183,0, 567
2376.852,19,13,1,0,182,0, 568
2377.202,19,13,1,0,181,0, 569
2380.285,19,13,1,0,180,0, 570
2381.052,19,13,1,0,181,0, 569
2381.585,19,13,1,0,180,0, 570
2413.435,19,13,0,0,0,0, 750
2441.769,19,13,0,18,18,0, 732
2446.535,19,13,0,5,13,0, 737
2451.168,19,13,0,102,115,0, 635
2456.819,19,13,0,27,88,0, 662
2459.918,19,13,0,3,85,0, 665
2460.535,19,13,1,0,86,0, 664
2460.702,19,13,0,1,85,0, 665
2461.435,19,13,0,1,84,0, 666
2488.485,19,13,1,0,85,0, 665
2488.952,19,13,1,0,86,0, 664
2489.769,19,13,1,0,87,0, 663
2490.335,19,13,1,0,88,0, 662
2491.002,19,13,1,0,89,0, 661
2491.552,19,13,1,0,90,0, 660
2494.602,19,13,1,0,89,0, 661
2496.935,19,13,1,0,90,0, 660
2497.335,19,13,1,0,91,0, 659
2497.869,19,13,1,0,92,0, 658
2500.168,19,13,1,0,93,0, 657
2500.685,19,13,1,0,94,0, 656
2501.368,19,13,1,0,95,0, 655
2505.835,19,13,1,0,94,0, 656
2507.402,19,13,1,0,95,0, 655
2508.202,19,13,1,0,96,0, 654
2508.535,19,13,1,0,97,0, 653
2508.952,19,13,1,0,98,0, 652
2509.485,19,13,1,0,99,0, 651
2510.185,19,13,1,0,100,0, 650
2517.335,19,13,1,0,101,0, 649
2517.819,19,13,1,0,102,0, 648
2518.985,19,13,1,0,103,0, 647
2519.502,19,13,1,0,104,0, 646
2520.168,19,13,1,0,105,0, 645
2579.519,19,13,1,0,106,0, 644
2580.385,19,13,1,0,107,0, 643
2581.352,19,13,1,0,106,0, 644
2582.019,19,13,1,0,105,0, 645
2584.685,19,13,1,0,104,0, 646
2585.068,19,13,1,0,103,0, 647
2585.752,19,13,1,0,104,0, 646
2586.319,19,13,1,0,103,0, 647
2586.769,19,13,1,0,102,0, 648
2587.118,19,13,1,0,101,0, 649
2593.135,19,13,0,5,96,0, 654
2593.952,19,13,0,1,95,0, 655
2598.068,19,13,0,3,92,0, 658
2598.769,19,13,0,1,91,0, 659
2599.969,19,13,0,2,89,0, 661
2601.052,19,13,0,4,85,0, 665
2607.702,19,13,0,3,82,0, 668
2630.285,19,13,0,3,79,0, 671
2631.018,19,13,0,2,77,0, 673
2631.602,19,13,0,2,75,0, 675
2632.135,19,13,1,0,74,0, 676
2632.702,19,13,1,0,75,0, 675
2632.802,19,13,0,1,74,0, 676
2633.102,19,13,1,0,73,0, 677
2633.835,19,13,0,1,72,0, 678
2635.118,19,13,0,2,70,0, 680
2689.018,19,14,0,0,0,0,750
2721.952,19,14,0,216,216,0, 534
2733.685,19,14,0,101,115,0, 635
2739.768,19,14,0,4,111,0, 639
2745.652,19,14,1,0,110,0, 640
2755.335,19,15,0,0,0,0,250
2769.402,19,15,0,99,99,0, 151
2771.235,19,15,1,0,98,0, 152
2775.335,19,15,0,3,95,0, 155
2776.418,19,15,0,1,94,0, 156
2779.785,19,15,1,0,95,0, 155
2780.585,19,15,1,0,96,0, 154
2781.135,19,15,1,0,97,0, 153
2781.752,19,15,1,0,98,0, 152
2782.385,19,15,1,0,99,0, 151
2786.668,19,15,1,0,100,0, 150
2788.918,19,15,1,0,99,0, 151
2789.618,19,15,1,0,98,0, 152
2800.768,19,15,1,0,97,0, 153
2808.985,19,15,1,0,96,0, 154
2815.718,19,16,0,0,0,0,500
2844.335,19,16,0,139,139,0, 361
2849.968,19,16,0,31,108,0, 392
2851.868,19,16,0,2,106,0, 394
2854.718,19,16,1,0,105,0, 395
2856.485,19,16,1,0,104,0, 396
2857.268,19,16,1,0,103,0, 397
2858.752,19,16,1,0,102,0, 398
2860.752,19,16,1,0,101,0, 399
2868.518,19,16,0,4,97,0, 403
2875.968,19,16,1,0,98,0, 402
2876.235,19,16,1,0,99,0, 401
2876.535,19,16,1,0,100,0, 400
2877.152,19,16,1,0,101,0, 399
2877.835,19,16,1,0,102,0, 398
2878.052,19,16,1,0,103,0, 397
2880.935,19,16,1,0,102,0, 398
2883.102,19,16,1,0,103,0, 397
2892.785,19,16,1,0,102,0, 398
2895.552,19,16,1,0,101,0, 399
2906.718,19,16,1,0,100,0, 400
2908.685,19,16,1,0,101,0, 399
2916.435,19,17,0,0,0,0,250
2932.268,19,17,0,123,123,0, 127
2949.452,19,17,0,18,105,0, 145
2952.852,19,17,0,4,101,0, 149
2964.602,19,17,0,2,99,0, 151
2965.418,19,17,0,1,98,0, 152
2972.385,19,17,0,5,93,0, 157
2977.451,19,17,0,1,92,0, 158
2978.118,19,17,0,3,89,0, 161
2979.751,19,17,0,1,88,0, 162
2980.768,19,17,0,4,84,0, 166
2984.902,19,17,0,3,81,0, 169
2991.552,19,17,0,7,74,0, 176
2992.468,19,17,0,1,73,0, 177
2995.202,19,17,1,0,72,0, 178
2995.918,19,17,1,0,71,0, 179
2998.418,19,17,1,0,70,0, 180
3005.435,19,17,1,0,69,0, 181
3007.068,19,17,0,4,65,0, 185
3036.852,19,17,0,3,62,0, 188
3038.152,19,17,1,0,63,0, 187
3038.885,19,17,1,0,64,0, 186
3039.885,19,17,1,0,65,0, 185
3040.302,19,17,1,0,66,0, 184
3040.718,19,17,1,0,67,0, 183
3041.302,19,17,1,0,68,0, 182
3042.118,19,17,1,0,69,0, 181
3042.452,19,17,1,0,70,0, 180
3042.668,19,17,1,0,71,0, 179
3042.985,19,17,1,0,72,0, 178
3043.635,19,17,1,0,73,0, 177
3046.568,19,17,1,0,74,0, 176
3051.052,19,17,1,0,75,0, 175
3052.352,19,17,1,0,76,0, 174
3072.135,19,18,0,0,0,0,250
3092.302,19,18,0,116,116,0, 134
3097.968,19,18,1,0,117,0, 133
3098.751,19,18,0,13,104,0, 146
3100.718,19,18,0,2,102,0, 148
3115.235,19,18,0,6,96,0, 154
3118.935,19,18,0,1,95,0, 155
3120.201,19,18,0,3,92,0, 158
3127.318,19,18,0,3,89,0, 161
3130.302,19,18,0,2,87,0, 163
3161.751,19,19,0,0,0,0,250
3169.302,19,19,0,101,101,0, 149
3174.801,19,19,0,2,103,0, 147
3177.135,19,19,0,3,100,0, 150
3178.552,19,19,0,2,98,0, 152
3200.852,19,19,1,0,99,0, 151
3201.585,19,19,1,0,100,0, 150
3204.651,19,19,1,0,101,0, 149
3211.051,19,19,1,0,100,0, 150
3222.418,19,19,1,0,99,0, 151
3223.118,19,19,1,0,98,0, 152
3233.701,19,20,0,0,0,0,250
3239.368,19,20,0,88,88,0, 162
3243.935,19,20,0,2,86,0, 164
3245.401,19,20,0,1,85,0, 165
3246.918,19,20,0,1,84,0, 166
3249.802,19,20,0,2,82,0, 168
3273.085,19,21,0,0,0,0,500
3282.768,19,21,0,128,128,0, 372
3286.301,19,21,0,20,108,0, 392
3287.518,19,21,0,3,105,0, 395
3288.535,19,21,0,4,101,0, 399
3303.285,19,22,0,0,0,0,500
3311.001,19,22,0,127,127,0, 373
3316.068,19,22,0,12,115,0, 385
3317.518,19,22,0,10,105,0, 395
3322.218,19,22,0,3,102,0, 398
3323.185,19,22,0,1,101,0, 399
3332.718,19,22,0,1,100,0, 400
3339.918,19,22,1,0,99,0, 401
3345.085,19,22,1,0,98,0, 402
3346.168,19,22,1,0,97,0, 403
3348.351,19,22,1,0,96,0, 404
3356.285,19,22,1,0,95,0, 405
3376.469,19,23,0,0,0,0,250
3384.201,19,23,0,105,105,0, 145
3388.868,19,23,0,9,96,0, 154
3390.018,19,23,0,5,91,0, 159
3392.518,19,23,0,7,84,0, 166
3393.551,19,23,0,2,82,0, 168
3394.685,19,23,0,2,80,0, 170
3396.335,19,24,0,0,0,0,500
3401.518,19,24,0,138,138,0, 362
3405.251,19,24,0,1,137,0, 363
3405.768,19,24,0,48,89,0, 411
3407.901,19,24,0,89,0,0, 500
3414.568,19,24,1,0,1,0, 499
3418.685,19,24,0,112,113,0, 387
3428.285,19,24,0,13,100,0, 400
3429.885,19,24,0,5,95,0, 405
3431.835,19,24,0,13,82,0, 418
3433.685,19,24,0,9,73,0, 427
3458.985,19,25,0,0,0,0,750
3468.168,19,25,0,140,140,0, 610
3472.285,19,25,0,27,113,0, 637
3473.935,19,25,0,7,106,0, 644
3475.518,19,25,0,3,103,0, 647
3478.318,19,26,0,0,0,0,500
3492.435,19,26,0,112,112,0, 388
3496.618,19,26,0,11,101,0, 399
3498.118,19,26,0,1,100,0, 400
3499.168,19,26,0,10,90,0, 410
3500.001,19,26,0,1,89,0, 411
3505.135,19,26,1,0,88,0, 412
3505.868,19,26,1,0,87,0, 413
3506.668,19,26,1,0,86,0, 414
3510.801,19,27,0,0,0,0,500
3515.068,19,27,0,144,144,0, 356
3518.168,19,27,0,22,122,0, 378
3518.985,19,27,0,2,120,0, 380
3520.785,19,27,0,6,114,0, 386
3522.468,19,27,0,6,108,0, 392
3526.301,19,27,0,3,105,0, 395
3527.468,19,27,0,1,104,0, 396
3530.118,19,27,0,1,103,0, 397
3533.551,19,28,0,0,0,0,750
3539.068,19,28,0,113,113,0, 637
3542.385,19,28,0,29,84,0, 666
3543.518,19,28,1,0,85,0, 665
3544.084,19,28,0,6,79,0, 671
3544.635,19,28,0,1,78,0, 672
3558.318,19,29,0,0,0,0,500
3563.168,19,29,0,105,105,0, 395
3567.718,19,29,0,13,92,0, 408
3569.584,19,29,0,7,85,0, 415
3574.718,19,29,0,2,83,0, 417
3578.185,19,29,0,2,81,0, 419
3581.018,19,29,1,0,80,0, 420
3601.734,19,30,0,0,0,0,250
3606.018,19,30,0,122,122,0, 128
3610.185,19,30,0,23,99,0, 151
3611.185,19,30,0,2,97,0, 153
3615.318,19,30,0,1,96,0, 154
3616.084,19,30,0,1,95,0, 155
3618.818,19,30,0,1,94,0, 156
3619.701,19,30,0,1,93,0, 157
3623.234,19,30,1,0,92,0, 158
3627.501,19,30,0,1,91,0, 159
3628.701,19,30,1,0,90,0, 160
3629.301,19,30,1,0,89,0, 161
3632.118,19,31,0,0,0,0,750
3637.018,19,31,0,115,115,0, 635
3647.135,19,31,0,21,94,0, 656
3648.135,19,31,0,3,91,0, 659
3680.601,19,32,0,0,0,0,750
3684.501,19,32,0,158,158,0, 592
3688.901,19,32,0,22,136,0, 614
3690.651,19,32,0,8,128,0, 622
3691.501,19,32,0,5,123,0, 627
3692.084,19,32,1,0,124,0, 626
3692.268,19,32,0,4,120,0, 630
3693.635,19,32,0,4,116,0, 634
3694.801,19,32,0,1,115,0, 635
3704.201,19,32,0,3,112,0, 638
3711.068,19,32,0,4,108,0, 642
3712.084,19,32,0,3,105,0, 645
3717.534,19,32,0,7,98,0, 652
3731.834,19,32,1,0,99,0, 651
3733.018,19,32,0,1,98,0, 652
3737.051,19,33,0,0,0,0,250
3740.651,19,33,0,120,120,0, 130
3744.434,19,33,0,16,104,0, 146
3749.118,19,33,0,1,103,0, 147
3755.934,19,33,0,1,102,0, 148
3760.418,19,33,0,1,101,0, 149
3761.101,19,33,0,2,99,0, 151
3771.001,19,34,0,0,0,0,250
3776.068,19,34,0,137,137,0, 113
3779.218,19,34,0,25,112,0, 138
3783.918,19,34,0,3,109,0, 141
3785.951,19,34,0,8,101,0, 149
3787.284,19,34,0,2,99,0, 151
3787.885,19,34,0,1,98,0, 152
3788.734,19,34,0,1,97,0, 153
3790.734,19,34,0,4,93,0, 157
3793.801,19,34,0,1,92,0, 158
3794.701,19,34,0,2,90,0, 160
3798.634,19,35,0,0,0,0,250
3801.668,19,35,0,114,114,0, 136
3804.251,19,35,0,9,105,0, 145
3806.751,19,35,0,8,97,0, 153
3810.084,19,35,0,2,95,0, 155
3818.801,19,35,0,4,91,0, 159
3823.484,19,35,0,4,87,0, 163
3829.801,19,35,1,0,88,0, 162
3830.568,19,35,1,0,89,0, 161
3836.084,19,36,0,0,0,0,750
3857.201,19,36,0,171,171,0, 579
3860.101,19,36,0,68,239,0, 511
3863.168,19,36,0,84,155,0, 595
3865.384,19,36,0,42,113,0, 637
3870.118,19,36,0,4,109,0, 641
3880.434,19,36,0,5,104,0, 646
3906.084,19,37,0,0,0,0,200
3968.834,19,37,0,83,83,0, 117
3976.184,19,37,0,2,85,0, 115
3979.401,19,37,0,1,86,0, 114
3980.401,19,37,0,6,92,0, 108
3982.784,19,37,1,0,91,1, 108
3984.068,19,37,1,0,92,0, 108
3984.434,19,37,1,0,91,1, 108
3984.768,19,37,1,0,92,0, 108
3985.001,19,37,1,0,91,1, 108
3986.751,19,37,1,0,91,0, 109
3996.668,19,37,0,82,91,82, 27
4016.734,19,38,0,0,0,0,200
4027.618,19,38,0,94,94,0, 106
4028.667,19,38,0,2,96,0, 104
4029.218,19,38,0,1,97,0, 103
4030.101,19,38,0,1,98,0, 102
4032.101,19,38,0,1,99,0, 101
4032.718,19,38,0,1,100,0, 100
4041.268,19,38,0,92,100,92, 8
4042.151,19,38,0,3,100,95, 5
4043.234,19,38,0,4,100,99, 1
4051.284,19,38,1,0,101,99, 0
4054.934,19,39,0,0,0,0,200
4073.201,19,39,0,55,55,0, 145
4074.068,19,39,0,2,57,0, 143
4075.734,19,39,0,20,77,0, 123
4076.318,19,39,1,0,76,1, 123
4076.518,19,39,0,5,81,1, 118
4077.451,19,39,0,1,82,0, 118
4081.167,19,39,0,9,91,0, 109
4082.284,19,39,0,1,92,0, 108
4083.801,19,39,0,2,94,0, 106
4087.368,19,39,0,1,95,0, 105
4088.718,19,39,0,2,97,0, 103
4090.118,19,39,0,3,100,0, 100
4091.917,19,39,0,1,101,0, 99
4092.818,19,39,1,0,100,1, 99
4095.301,19,39,1,0,101,1, 98
4099.234,19,39,1,0,101,0, 99
4099.718,19,39,1,0,101,1, 98
4100.118,19,39,1,0,101,0, 99
4103.018,19,39,1,0,102,0, 98
4106.484,19,39,0,56,102,56, 42
4109.034,19,39,0,36,102,92, 6
4109.884,19,39,1,0,102,93, 5
4110.084,19,39,0,1,102,94, 4
4113.051,19,39,0,2,102,96, 2
4113.768,19,39,0,2,102,98, 0
4123.167,19,40,0,0,0,0,200
4135.134,19,40,0,92,92,0, 108
4139.834,19,40,0,5,97,0, 103
4140.484,19,40,0,1,98,0, 102
4142.084,19,40,0,4,102,0, 98
4152.018,19,40,0,90,102,90, 8
4153.451,19,40,0,5,102,95, 3
4154.468,19,40,0,2,102,97, 1
4173.368,19,41,0,0,0,0,200
4184.417,19,41,0,49,49,0, 151
4185.618,19,41,0,9,58,0, 142
4186.501,19,41,0,29,87,0, 113
4188.484,19,41,0,1,88,0, 112
4189.101,19,41,0,1,89,0, 111
4189.967,19,41,0,1,90,0, 110
4191.001,19,41,0,1,91,0, 109
4193.851,19,41,0,5,96,0, 104
4194.984,19,41,0,5,101,0, 99
4195.751,19,41,0,1,102,0, 98
4200.551,19,41,0,90,102,90, 8
4202.134,19,41,0,2,102,92, 6
4203.268,19,41,0,5,102,97, 1
4210.934,19,41,1,0,102,96, 2
4235.351,19,41,0,1,101,96, 3
4235.934,19,41,0,1,100,96, 4
4237.334,19,41,0,1,99,96, 5
4239.917,19,41,0,1,99,95, 6
4240.684,19,41,0,1,99,94, 7
4242.301,19,41,0,1,99,93, 8
4249.151,19,42,0,0,0,0,200
4261.784,19,42,0,89,89,0, 111
4270.684,19,42,0,99,89,99, 12
4277.851,19,42,1,0,88,100, 12
4280.351,19,42,1,0,88,99, 13
4294.101,19,42,0,3,87,102, 11
4295.268,19,42,1,0,87,103, 10
4296.617,19,42,1,0,87,102, 11
4296.751,19,42,0,1,87,103, 10
4298.134,19,42,0,1,87,104, 9
4298.684,19,42,0,2,85,106, 9
4299.367,19,42,1,0,85,107, 8
4300.151,19,42,0,2,85,109, 6
4304.717,19,42,1,0,85,110, 5
4306.984,19,42,1,0,86,109, 5
4307.151,19,42,0,1,87,108, 5
4308.067,19,42,0,2,89,108, 3
4329.601,19,42,1,0,88,109, 3
4331.951,19,42,1,0,88,108, 4
4332.551,19,42,1,0,87,108, 5
4334.634,19,42,1,0,86,108, 6
4334.901,19,42,1,0,85,108, 7
4344.184,19,42,1,0,85,107, 8
4347.684,19,42,1,0,85,106, 9
4349.234,19,42,1,0,85,105, 10
4353.234,19,43,0,0,0,0,200
4370.184,19,43,0,98,98,0, 102
4376.034,19,43,0,91,98,91, 11
4402.401,19,43,0,1,99,90, 11
4405.067,19,43,0,3,102,90, 8
4412.884,19,43,0,3,102,93, 5
4419.734,19,43,0,1,102,94, 4
4420.417,19,43,0,1,102,95, 3
4423.234,19,43,0,2,101,97, 2
4424.167,19,43,0,1,101,98, 1
4425.167,19,43,1,0,101,97, 2
4425.351,19,43,0,2,100,99, 1
4426.484,19,43,0,1,99,100, 1
4430.184,19,43,0,3,102,97, 1
4432.151,19,43,0,1,103,96, 1
4433.167,19,43,0,1,104,96, 0
4437.017,19,43,0,1,103,96, 1
4442,19,43,0,1,103,95, 2
4446.067,19,43,1,0,104,95, 1
4458.834,19,44,0,0,0,0,200
4472.434,19,44,0,82,0,82, 118
4473.384,19,44,0,13,0,95, 105
4474.651,19,44,0,4,0,99, 101
4478.701,19,44,0,94,94,99, 7
4479.601,19,44,0,1,95,99, 6
4480.25,19,44,0,4,99,99, 2
4480.901,19,44,0,1,100,99, 1
4482.201,19,44,0,1,101,99, 0
4489.167,19,44,1,0,100,99, 1
4491.351,19,44,1,0,99,99, 2
4496.551,19,45,0,0,0,0,200
4511.867,19,45,0,41,41,0, 159
4513.301,19,45,0,4,45,0, 155
4516.5,19,45,0,69,45,69, 86
4527.884,19,45,0,1,45,68, 87
4529,19,45,0,1,45,67, 88
4530.184,19,45,0,3,45,64, 91
4558.65,19,45,0,20,65,64, 71
4560.717,19,45,0,4,69,64, 67
4565.667,19,45,0,2,71,64, 65
4567.451,19,45,0,7,78,64, 58
4568.717,19,45,0,1,79,64, 57
4569.451,19,45,0,1,80,64, 56
4574.15,19,45,0,39,80,103, 17
4590.517,19,45,1,0,80,104, 16
4590.784,19,45,1,0,80,105, 15
4591.434,19,45,1,0,80,106, 14
4592.067,19,45,1,0,80,107, 13
4592.284,19,45,1,0,80,108, 12
4594.634,19,45,1,0,81,108, 11
4595.367,19,45,1,0,80,109, 11
4596.117,19,45,1,0,81,108, 11
4596.851,19,45,1,0,82,108, 10
4597.334,19,45,1,0,83,108, 9
4597.684,19,45,1,0,84,107, 9
4598.034,19,45,1,0,85,107, 8
4598.801,19,45,1,0,86,107, 7
4599.051,19,45,1,0,87,107, 6
4600.167,19,45,1,0,88,107, 5
4600.667,19,45,1,0,89,107, 4
4600.967,19,45,1,0,90,107, 3
4601.434,19,45,1,0,91,107, 2
4601.65,19,45,1,0,92,107, 1
4605.701,19,45,1,0,93,107, 0
4614.967,19,46,0,0,0,0,200
4634.534,19,46,0,96,96,0, 104
4635.784,19,46,0,1,97,0, 103
4636.284,19,46,0,2,99,0, 101
4639.784,19,46,0,25,99,25, 76
4640.784,19,46,0,59,99,84, 17
4642.101,19,46,0,4,99,88, 13
4642.951,19,46,0,1,99,89, 12
4643.734,19,46,0,4,99,93, 8
4644.75,19,46,0,1,99,94, 7
4655.084,19,46,1,0,100,94, 6
4655.634,19,46,1,0,101,94, 5
4656.434,19,46,1,0,102,94, 4
4656.934,19,46,1,0,103,94, 3
4657.267,19,46,1,0,104,94, 2
4657.917,19,46,1,0,105,94, 1
4662.017,19,46,1,0,105,95, 0
4668.65,19,47,0,0,0,0,200
4687.534,19,47,0,74,74,0, 126
4690.584,19,47,0,73,74,73, 53
4699.451,19,47,0,147,0,0, 200
4717.5,19,47,0,95,95,0, 105
4719.267,19,47,0,1,96,0, 104
4724.601,19,47,0,62,96,62, 42
4736.15,19,47,0,2,96,64, 40
4742.167,19,47,0,5,101,64, 35
4743.817,19,47,0,1,102,64, 34
4745,19,47,0,7,109,64, 27
4750.184,19,47,0,2,109,66, 25
4751.05,19,47,0,2,109,68, 23
4752.467,19,47,0,1,109,69, 22
4755.734,19,47,1,0,109,70, 21
4758.434,19,47,1,0,110,70, 20
4760.9,19,47,1,0,111,70, 19
4762.767,19,47,1,0,112,70, 18
4763.234,19,47,1,0,111,71, 18
4763.867,19,47,1,0,112,70, 18
4764.034,19,47,1,0,111,71, 18
4764.351,19,47,1,0,112,70, 18
4765.034,19,47,1,0,113,70, 17
4765.717,19,47,1,0,114,70, 16
4766.3,19,47,1,0,115,70, 15
4766.834,19,47,1,0,116,70, 14
4777.767,19,47,1,0,117,70, 13
4782.484,19,47,1,0,118,70, 12
4787.334,19,47,1,0,119,70, 11
4788.034,19,47,1,0,120,70, 10
4788.367,19,47,1,0,119,71, 10
4789.134,19,47,1,0,120,70, 10
4789.834,19,47,1,0,119,71, 10
4790.517,19,47,1,0,120,70, 10
4794.601,19,47,1,0,119,71, 10
4795.05,19,47,1,0,119,72, 9
4796.034,19,47,1,0,119,73, 8
4796.351,19,47,1,0,119,74, 7
4799.101,19,47,1,0,120,74, 6
4799.451,19,47,1,0,121,74, 5
4800.017,19,47,1,0,122,74, 4
4804.467,19,47,1,0,123,74, 3
4805.101,19,47,1,0,122,75, 3
4805.701,19,47,1,0,123,75, 2
4806.25,19,47,1,0,122,76, 2
4810.851,19,47,1,0,123,76, 1
4811.034,19,47,1,0,122,77, 1
4811.917,19,47,1,0,123,77, 0
4818.284,19,48,0,0,0,0,200
4826.384,19,48,0,92,92,0, 108
4829.55,19,48,0,6,98,0, 102
4833.417,19,48,0,95,98,95, 7
4834.5,19,48,0,1,98,96, 6
4837.484,19,48,0,6,98,102, 0
4843.117,19,49,0,0,0,0,200
4858.7,19,49,0,98,98,0, 102
4862.4,19,49,0,76,98,76, 26
4864.517,19,49,1,0,98,75, 27
4864.65,19,49,0,1,98,76, 26
4865.55,19,49,0,1,98,77, 25
4871.984,19,49,1,0,98,78, 24
4872.4,19,49,1,0,98,79, 23
4872.817,19,49,1,0,98,80, 22
4873.117,19,49,1,0,98,81, 21
4873.484,19,49,1,0,98,82, 20
4873.851,19,49,1,0,98,83, 19
4874.134,19,49,1,0,98,82, 20
4874.851,19,49,1,0,98,83, 19
4875.217,19,49,1,0,98,84, 18
4878.65,19,49,1,0,98,85, 17
4889.3,19,49,1,0,98,86, 16
4889.567,19,49,1,0,98,87, 15
4890.134,19,49,1,0,98,88, 14
4890.583,19,49,1,0,98,89, 13
4892.084,19,49,1,0,98,90, 12
4892.351,19,49,1,0,98,89, 13
4892.767,19,49,1,0,98,90, 12
4893.017,19,49,1,0,98,91, 11
4894.65,19,49,1,0,99,91, 10
4894.967,19,49,1,0,100,91, 9
4895.617,19,49,1,0,101,91, 8
4895.9,19,49,1,0,102,91, 7
4896.284,19,49,1,0,103,91, 6
4896.917,19,49,1,0,104,91, 5
4897.484,19,49,1,0,105,91, 4
4898.184,19,49,1,0,106,91, 3
4898.434,19,49,1,0,107,91, 2
4899.017,19,49,1,0,108,91, 1
4901.601,19,49,1,0,109,91, 0
4902.234,19,49,1,0,108,92, 0
4903,19,49,1,0,107,93, 0
4913.734,19,49,1,0,106,94, 0
4914.601,19,49,1,0,105,95, 0
4918.984,19,50,0,0,0,0,200
4939.167,19,50,0,98,0,98, 102
4943.884,19,50,0,98,98,98, 4
4944.884,19,50,0,2,100,98, 2
4948.351,19,50,0,2,102,98, 0
4951.284,19,51,0,0,0,0,200
4972.067,19,51,0,86,0,86, 114
4973.634,19,51,0,12,0,98, 102
4975.034,19,51,0,3,0,101, 99
4977.417,19,51,0,53,53,101, 46
4978.734,19,51,0,23,76,101, 23
4980.083,19,51,0,12,88,101, 11
4981.034,19,51,0,1,89,101, 10
4982.05,19,51,0,4,93,101, 6
4985.484,19,51,0,3,93,104, 3
4986.267,19,51,1,0,93,105, 2
4987.9,19,51,0,1,93,106, 1
4988.351,19,51,0,1,93,107, 0
4992.5,19,52,0,0,0,0,200
4998.434,19,52,0,98,98,0, 102
5001.984,19,52,0,99,98,99, 3
5007.267,19,52,0,2,100,99, 1
5009.934,19,52,0,1,100,100, 0
5026.9,19,53,0,0,0,0,200
5038.217,19,53,0,83,83,0, 117
5045.367,19,53,0,94,83,94, 23
5052.867,19,53,0,5,83,99, 18
5055.284,19,53,0,3,83,102, 15
5057.467,19,53,0,1,83,103, 14
5057.967,19,53,0,1,83,104, 13
5058.734,19,53,1,0,83,103, 14
5058.9,19,53,0,7,83,110, 7
5059.733,19,53,0,1,83,111, 6
5063.55,19,53,0,2,85,111, 4
5064.117,19,53,0,3,88,111, 1
5065.333,19,53,0,1,89,111, 0
5070.65,19,54,0,0,0,0,200
5083.284,19,54,0,98,98,0, 102
5085.667,19,54,0,1,99,0, 101
5091.284,19,54,0,77,99,77, 24
5092.483,19,54,0,13,99,90, 11
5093.75,19,54,0,3,99,93, 8
5094.567,19,54,0,2,99,95, 6
5097.8,19,54,0,2,101,95, 4
5098.65,19,54,0,2,103,95, 2
5099.35,19,54,0,2,105,95, 0
5120.4,19,55,0,0,0,0,200
5129.867,19,55,0,96,96,0, 104
5133.117,19,55,1,0,96,1, 103
5133.55,19,55,0,86,96,87, 17
5134.467,19,55,0,10,95,97, 8
5137.15,19,55,0,5,100,97, 3
5140.784,19,55,0,3,100,100, 0
5143.317,19,56,0,0,0,0,200
5145.117,19,56,0,97,97,0, 103
5148,19,56,0,89,97,89, 14
5149.884,19,56,0,11,97,100, 3
5151.017,19,56,0,1,97,101, 2
5155.367,19,56,0,3,100,100, 0
5168.75,19,56,1,0,99,101, 0
5175.917,19,57,0,0,0,0,200
5181.467,19,57,0,92,92,0, 108
5184.117,19,57,0,93,92,93, 15
5186.684,19,57,0,1,92,94, 14
5192.65,19,57,0,3,95,94, 11
5194.45,19,57,0,3,98,94, 8
5204.483,19,57,0,7,98,101, 1
5210.134,19,57,1,0,99,101, 0
5214.3,19,58,0,0,0,0,200
5222.65,19,58,0,2,2,0, 198
5223.4,19,58,0,59,61,0, 139
5225.4,19,58,0,12,73,0, 127
5226.067,19,58,0,13,86,0, 114
5226.784,19,58,0,4,90,0, 110
5227.5,19,58,0,5,95,0, 105
5230.967,19,58,0,88,95,88, 17
5232.483,19,58,1,0,95,87, 18
5233.117,19,58,0,7,95,94, 11
5233.983,19,58,0,1,95,95, 10
5234.75,19,58,0,1,95,96, 9
5237.083,19,58,1,0,94,97, 9
5237.233,19,58,0,4,91,101, 8
5239.483,19,58,0,4,95,98, 7
5240.1,19,58,0,2,97,96, 7
5241.767,19,58,0,2,99,96, 5
5243.45,19,58,0,4,103,94, 3
5244.417,19,58,0,3,106,94, 0
5247.083,19,58,0,2,104,96, 0
5257.367,19,59,0,0,0,0,200
5268.284,19,59,0,93,93,0, 107
5271.6,19,59,0,79,93,79, 28
5275.284,19,59,0,1,94,79, 27
5276.184,19,59,0,2,96,79, 25
5277.817,19,59,0,6,102,79, 19
5278.867,19,59,0,6,108,79, 13
5279.684,19,59,0,1,109,79, 12
5280.85,19,59,0,2,111,79, 10
5283.367,19,59,0,1,112,79, 9
5287.4,19,59,0,5,112,84, 4
5289.75,19,59,1,0,112,83, 5
5290,19,59,0,2,112,85, 3
5291.833,19,59,1,0,112,86, 2
5295.05,19,59,1,0,113,86, 1
5298.117,19,59,1,0,113,87, 0
5300.6,19,60,0,0,0,0,200
5308.233,19,60,0,69,69,0, 131
5309.317,19,60,0,21,90,0, 110
5310.483,19,60,0,2,92,0, 108
5311.383,19,60,0,4,96,0, 104
5312.983,19,60,0,2,98,0, 102
5313.817,19,60,0,1,99,0, 101
5315.367,19,60,1,0,100,0, 100
5319.633,19,60,0,76,100,76, 24
5321.083,19,60,0,19,100,95, 5
5322.284,19,60,1,0,100,96, 4
5322.684,19,60,1,0,100,97, 3
5323.167,19,60,1,0,100,98, 2
5329.033,19,60,1,0,100,99, 1
5329.7,19,60,1,0,100,100, 0
5334.733,19,61,0,0,0,0,200
5338.367,19,61,0,100,100,0, 100
5339.184,19,61,0,1,101,0, 99
5341.95,19,61,0,96,101,96, 3
5342.967,19,61,0,3,101,99, 0
5344.934,19,62,0,0,0,0,200
5348.617,19,62,0,79,79,0, 121
5357.5,19,62,0,4,83,0, 117
5358.633,19,62,0,5,88,0, 112
5363.067,19,62,0,96,88,96, 16
5367.833,19,62,0,3,88,99, 13
5369.467,19,62,0,7,88,106, 6
5370.217,19,62,0,3,88,109, 3
5371.05,19,62,1,0,88,108, 4
5371.233,19,62,0,5,87,113, 0
5380.817,19,62,1,0,88,112, 0
5386.133,19,62,0,4,92,108, 0
5387.2,19,62,0,1,93,107, 0
5396.417,19,63,0,0,0,0,200
5400.5,19,63,0,1,1,0, 199
5401.883,19,63,0,96,97,0, 103
5403.083,19,63,1,0,98,0, 102
5405.534,19,63,0,102,97,102, 1
5407.05,19,63,1,0,97,103, 0
5410.983,19,64,0,0,0,0,200
5417.8,19,64,0,65,65,0, 135
5420.15,19,64,0,9,74,0, 126
5424.1,19,64,0,114,74,114, 12
5430.267,19,64,0,6,80,114, 6
5436.684,19,64,0,6,86,113, 1
5437.667,19,64,0,2,88,111, 1
5438.517,19,64,0,4,92,107, 1
5440.1,19,64,0,4,96,103, 1
5441.7,19,64,1,0,97,102, 1
5453.617,19,64,1,0,97,103, 0
5455.184,19,65,0,0,0,0,200
5457.783,19,65,0,98,98,0, 102
5461.934,19,65,0,92,190,0, 10
5464.233,19,65,0,97,98,97, 5
5468.867,19,65,0,5,98,102, 0
5472.567,19,66,0,0,0,0,200
5475.8,19,66,0,98,98,0, 102
5479.417,19,66,0,101,98,101, 1
5483.767,19,66,1,0,99,101, 0
5486.383,19,67,0,0,0,0,200
5493.483,19,67,0,66,66,0, 134
5494.7,19,67,0,8,74,0, 126
5495.817,19,67,0,7,81,0, 119
5498.283,19,67,0,94,81,94, 25
5500.467,19,67,0,28,78,122, 0
5504.45,19,68,0,0,0,0,200
5509.2,19,68,0,101,101,0, 99
5512.717,19,68,0,100,100,100, 0
5521.383,19,69,0,0,0,0,200
5527.45,19,69,0,100,100,0, 100
5530.467,19,69,0,96,100,96, 4
5541.533,19,69,0,1,101,95, 4
5550.05,19,69,1,0,102,95, 3
5553.567,19,69,1,0,103,95, 2
5556.983,19,69,1,0,104,95, 1
5557.767,19,69,1,0,105,95, 0
5560.6,19,70,0,0,0,0,200
5564.267,19,70,0,65,65,0, 135
5565.45,19,70,0,26,91,0, 109
5566.383,19,70,0,2,93,0, 107
5567.417,19,70,0,2,95,0, 105
5568.533,19,70,0,1,96,0, 104
5569.35,19,70,0,2,98,0, 102
5571.567,19,70,0,45,98,45, 57
5572.283,19,70,0,1,98,46, 56
5572.95,19,70,1,0,98,47, 55
5574.05,19,70,0,43,98,90, 12
5575.483,19,70,0,5,98,95, 7
5576.183,19,70,0,5,98,100, 2
5577.483,19,70,0,1,98,101, 1
5578.483,19,70,0,1,98,102, 0
5581.05,19,71,0,0,0,0,200
5584.583,19,71,0,63,63,0, 137
5585.5,19,71,0,2,65,0, 135
5586.633,19,71,0,23,88,0, 112
5587.667,19,71,0,5,93,0, 107
5588.7,19,71,0,4,97,0, 103
5594.7,19,71,0,101,96,101, 3
5601.833,19,71,0,4,100,99, 1
5605.35,19,71,1,0,101,99, 0
5608.783,19,72,0,0,0,0,200
5617.55,19,72,0,90,90,0, 110
5620.717,19,72,0,99,90,99, 11
5625.167,19,72,0,8,98,99, 3
5626.066,19,72,0,1,99,99, 2
5626.75,19,72,0,2,101,98, 1
5630.066,19,72,0,2,99,100, 1
5632.667,19,72,0,1,99,101, 0
