TIMESTAMP,UserID,TaskID,ViewingCondition,Task,Difficulty,TaskPhase,TruePositiveCount,TrueNegativeCount,FalsePositiveCount,FalseNegativeCount,Precision,Recall,Accuracy,F1Score,CompletionTime
217.4203,1,1,EXOCENTRIC,denoising,EASY,training,95,125,25,5,0.7916667,0.95,0.88,0.8636364,78.50014
249.5537,1,2,EXOCENTRIC,denoising,EASY,training,93,134,16,7,0.853211,0.93,0.908,0.8899521,22.8667
288.9037,1,3,EXOCENTRIC,denoising,MEDIUM,training,90,370,30,10,0.75,0.9,0.92,0.8181818,33.46675
342.7371,1,4,EXOCENTRIC,denoising,HARD,test,73,613,37,27,0.6636364,0.73,0.9146667,0.6952381,42.31665
384.3205,1,5,EXOCENTRIC,denoising,MEDIUM,test,87,371,29,13,0.75,0.87,0.916,0.8055556,40.30008
425.3706,1,6,EXOCENTRIC,denoising,HARD,test,74,630,20,26,0.7872341,0.74,0.9386666,0.7628866,39.90005
445.3039,1,7,EXOCENTRIC,denoising,EASY,test,86,144,6,14,0.9347826,0.86,0.92,0.8958334,19.08334
487.754,1,8,EXOCENTRIC,denoising,HARD,test,69,625,25,31,0.7340425,0.69,0.9253333,0.7113402,41.46677
495.604,1,9,EXOCENTRIC,denoising,EASY,test,81,140,10,19,0.8901099,0.81,0.884,0.8481675,6.783325
501.904,1,10,EXOCENTRIC,denoising,EASY,test,80,140,10,20,0.8888889,0.8,0.88,0.8421053,5.333344
509.054,1,11,EXOCENTRIC,denoising,HARD,test,82,596,54,18,0.6029412,0.82,0.904,0.6949152,6.133331
645.3709,1,12,EXOCENTRIC,denoising,EASY,test,87,139,11,13,0.8877551,0.87,0.904,0.8787879,12.46667
663.6209,1,13,EXOCENTRIC,denoising,MEDIUM,test,89,365,35,11,0.7177419,0.89,0.908,0.7946429,17.1167
670.7543,1,14,EXOCENTRIC,denoising,MEDIUM,test,85,384,16,15,0.8415841,0.85,0.938,0.8457712,6.133362
686.6543,1,15,EXOCENTRIC,denoising,MEDIUM,test,87,366,34,13,0.7190083,0.87,0.906,0.7873303,14.50006
699.9709,1,16,EXOCENTRIC,denoising,MEDIUM,test,80,379,21,20,0.7920792,0.8,0.918,0.7960199,12.10004
705.7711,1,17,EXOCENTRIC,denoising,EASY,test,87,141,9,13,0.90625,0.87,0.912,0.8877551,4.86676
713.521,1,18,EXOCENTRIC,denoising,HARD,test,86,600,50,14,0.6323529,0.86,0.9146667,0.7288136,6.833374
762.821,1,19,EGOCENTRIC,denoising,EASY,training,80,126,24,20,0.7692308,0.8,0.824,0.7843137,22.28339
783.4044,1,20,EGOCENTRIC,denoising,EASY,training,90,130,20,10,0.8181818,0.9,0.88,0.8571428,16.31665
841.8545,1,21,EGOCENTRIC,denoising,MEDIUM,training,61,384,16,39,0.7922078,0.61,0.89,0.6892655,43.80005
865.4045,1,22,EGOCENTRIC,denoising,MEDIUM,test,0,400,0,100,0,0,0.8,0,2.400024
912.7379,1,23,EGOCENTRIC,denoising,EASY,test,69,141,9,31,0.8846154,0.69,0.84,0.7752809,44.31671
955.6713,1,24,EGOCENTRIC,denoising,HARD,test,68,630,20,32,0.7727273,0.68,0.9306667,0.7234042,41.83344
983.188,1,25,EGOCENTRIC,denoising,HARD,test,49,636,14,51,0.7777778,0.49,0.9133334,0.601227,26.51672
1038.588,1,26,EGOCENTRIC,denoising,HARD,test,80,549,101,20,0.4419889,0.8,0.8386667,0.5693951,54.58344
1076.172,1,27,EGOCENTRIC,denoising,EASY,test,73,140,10,27,0.8795181,0.73,0.852,0.7978142,36.68347
1109.472,1,28,EGOCENTRIC,denoising,EASY,test,72,138,12,28,0.8571429,0.72,0.84,0.7826087,32.25
1157.605,1,29,EGOCENTRIC,denoising,MEDIUM,test,76,381,19,24,0.8,0.76,0.914,0.7794872,47.41675
1200.238,1,30,EGOCENTRIC,denoising,EASY,test,87,125,25,13,0.7767857,0.87,0.848,0.8207547,40.16663
1210.155,1,31,EGOCENTRIC,denoising,MEDIUM,test,92,358,42,8,0.6865672,0.92,0.9,0.7863249,8.883301
1235.988,1,32,EGOCENTRIC,denoising,HARD,test,48,627,23,52,0.6760563,0.48,0.9,0.5614035,24.9668
1288.038,1,33,EGOCENTRIC,denoising,MEDIUM,test,69,368,32,31,0.6831683,0.69,0.874,0.6865672,51.01672
1315.489,1,34,EGOCENTRIC,denoising,MEDIUM,test,56,391,9,44,0.8615385,0.56,0.894,0.6787879,26.30005
1340.839,1,35,EGOCENTRIC,denoising,HARD,test,82,599,51,18,0.6165413,0.82,0.908,0.7038627,24.08337
1369.539,1,36,EGOCENTRIC,denoising,EASY,test,69,146,4,31,0.9452055,0.69,0.86,0.7976878,27.56677
1476.872,1,37,EXOCENTRIC,seperating,EASY,training,65,33,67,35,0.4924242,0.65,0.49,0.5603448,100.1168
1512.239,1,38,EXOCENTRIC,seperating,EASY,training,84,100,0,16,1,0.84,0.92,0.9130435,27.09998
1622.939,1,39,EXOCENTRIC,seperating,MEDIUM,training,77,99,1,23,0.9871795,0.77,0.88,0.8651685,65.91687
1653.172,1,40,EXOCENTRIC,seperating,EASY,test,83,100,0,17,1,0.83,0.915,0.9071038,11.86658
1705.556,1,41,EXOCENTRIC,seperating,MEDIUM,test,76,98,2,24,0.974359,0.76,0.87,0.8539326,51.3667
1753.722,1,42,EXOCENTRIC,seperating,MEDIUM,test,74,98,2,26,0.9736842,0.74,0.86,0.8409091,46.84998
1796.989,1,43,EXOCENTRIC,seperating,EASY,test,81,16,84,19,0.4909091,0.81,0.485,0.6113208,42.25
1837.939,1,44,EXOCENTRIC,seperating,EASY,test,67,100,0,33,1,0.67,0.835,0.8023952,39.66675
1862.539,1,45,EXOCENTRIC,seperating,HARD,test,76,100,0,24,1,0.76,0.88,0.8636364,23.43335
1918.606,1,46,EXOCENTRIC,seperating,EASY,test,69,35,65,31,0.5149254,0.69,0.52,0.5897436,55.25
1952.273,1,47,EXOCENTRIC,seperating,HARD,test,66,91,9,34,0.88,0.66,0.785,0.7542858,32.6167
2084.473,1,48,EXOCENTRIC,seperating,EASY,test,81,100,0,19,1,0.81,0.905,0.8950276,9.783447
2142.773,1,49,EXOCENTRIC,seperating,MEDIUM,test,81,99,1,19,0.9878049,0.81,0.9,0.8901099,57.3833
2186.806,1,50,EXOCENTRIC,seperating,HARD,test,70,93,7,30,0.9090909,0.7,0.815,0.7909604,42.8335
2232.873,1,51,EXOCENTRIC,seperating,HARD,test,60,40,60,40,0.5,0.6,0.5,0.5454546,44.7334
2279.123,1,52,EXOCENTRIC,seperating,MEDIUM,test,68,25,75,32,0.4755245,0.68,0.465,0.5596708,44.8501
2317.74,1,53,EXOCENTRIC,seperating,MEDIUM,test,79,18,82,21,0.4906832,0.79,0.485,0.605364,37.01685
2349.54,1,54,EXOCENTRIC,seperating,HARD,test,71,39,61,29,0.5378788,0.71,0.55,0.612069,30.3335
2414.707,1,55,EGOCENTRIC,seperating,EASY,training,72,8,92,28,0.4390244,0.72,0.4,0.5454545,48.78345
2505.64,1,56,EGOCENTRIC,seperating,EASY,training,74,31,69,26,0.5174825,0.74,0.525,0.6090535,79.76685
2567.657,1,57,EGOCENTRIC,seperating,MEDIUM,training,76,50,50,24,0.6031746,0.76,0.63,0.6725664,48.3667
2587.207,1,58,EGOCENTRIC,seperating,EASY,test,82,2,98,18,0.4555556,0.82,0.42,0.5857143,10.6499
2595.707,1,59,EGOCENTRIC,seperating,HARD,test,96,1,99,4,0.4923077,0.96,0.485,0.6508474,7.450195
2603.174,1,60,EGOCENTRIC,seperating,EASY,test,99,2,98,1,0.5025381,0.99,0.505,0.6666667,6.716797
2611.657,1,61,EGOCENTRIC,seperating,MEDIUM,test,87,6,94,13,0.480663,0.87,0.465,0.6192171,7.050049
2621.94,1,62,EGOCENTRIC,seperating,EASY,test,89,89,11,11,0.89,0.89,0.89,0.89,8.849854
2647.44,1,63,EGOCENTRIC,seperating,HARD,test,81,12,88,19,0.4792899,0.81,0.465,0.6022305,23.9668
2649.374,1,64,EGOCENTRIC,seperating,EASY,test,100,0,100,0,0.5,1,0.5,0.6666667,0.6000977
2677.94,1,65,EGOCENTRIC,seperating,HARD,test,83,18,82,17,0.5030303,0.83,0.505,0.6264151,27.8335
2922.557,1,66,EGOCENTRIC,seperating,MEDIUM,test,84,21,79,16,0.5153374,0.84,0.525,0.6387833,31.8501
2968.241,1,67,EGOCENTRIC,seperating,HARD,test,74,27,73,26,0.5034013,0.74,0.505,0.5991903,44.8667
2977.857,1,68,EGOCENTRIC,seperating,MEDIUM,test,100,13,87,0,0.5347593,1,0.565,0.6968641,8.416748
2992.541,1,69,EGOCENTRIC,seperating,HARD,test,86,10,90,14,0.4886364,0.86,0.48,0.6231884,13.7334
3013.324,1,70,EGOCENTRIC,seperating,MEDIUM,test,87,7,93,13,0.4833333,0.87,0.47,0.6214285,20
3020.641,1,71,EGOCENTRIC,seperating,MEDIUM,test,96,3,97,4,0.4974093,0.96,0.495,0.6552901,6.68335
3025.624,1,72,EGOCENTRIC,seperating,EASY,test,97,7,93,3,0.5105263,0.97,0.52,0.6689655,4.25
353.5038,2,1,EGOCENTRIC,seperating,EASY,training,100,97,3,0,0.9708738,1,0.985,0.9852216,241.7336
407.8372,2,2,EGOCENTRIC,seperating,EASY,training,100,100,0,0,1,1,1,1,46.65002
573.4375,2,3,EGOCENTRIC,seperating,MEDIUM,training,98,89,11,2,0.8990825,0.98,0.935,0.937799,163.3503
813.2544,2,4,EGOCENTRIC,seperating,HARD,test,95,86,14,5,0.8715596,0.95,0.905,0.9090909,229.7001
918.4213,2,5,EGOCENTRIC,seperating,HARD,test,80,90,10,20,0.8888889,0.8,0.85,0.8421053,103.4835
979.4047,2,6,EGOCENTRIC,seperating,EASY,test,99,99,1,1,0.99,0.99,0.99,0.99,59.68335
1044.938,2,7,EGOCENTRIC,seperating,MEDIUM,test,100,62,38,0,0.7246377,1,0.81,0.8403361,64.38342
1115.005,2,8,EGOCENTRIC,seperating,EASY,test,100,97,3,0,0.9708738,1,0.985,0.9852216,69.13342
1160.772,2,9,EGOCENTRIC,seperating,MEDIUM,test,96,96,4,4,0.96,0.96,0.96,0.96,44.4668
1261.555,2,10,EGOCENTRIC,seperating,MEDIUM,test,93,99,1,7,0.9893617,0.93,0.96,0.9587629,99.75024
1314.572,2,11,EGOCENTRIC,seperating,MEDIUM,test,95,99,1,5,0.9895833,0.95,0.97,0.9693877,50.30005
1541.755,2,12,EGOCENTRIC,seperating,HARD,test,91,95,5,9,0.9479167,0.91,0.93,0.9285715,103.8835
1565.656,2,13,EGOCENTRIC,seperating,EASY,test,94,100,0,6,1,0.94,0.97,0.9690722,22.70007
1611.572,2,14,EGOCENTRIC,seperating,EASY,test,99,97,3,1,0.9705882,0.99,0.98,0.980198,45.03333
1657.906,2,15,EGOCENTRIC,seperating,MEDIUM,test,94,100,0,6,1,0.94,0.97,0.9690722,45.31665
1688.989,2,16,EGOCENTRIC,seperating,EASY,test,100,100,0,0,1,1,1,1,29.83337
1799.372,2,17,EGOCENTRIC,seperating,HARD,test,93,95,5,7,0.9489796,0.93,0.94,0.9393939,109.1667
1853.223,2,18,EGOCENTRIC,seperating,HARD,test,68,97,3,32,0.9577465,0.68,0.825,0.7953216,52.91675
1914.439,2,19,EXOCENTRIC,seperating,EASY,training,99,100,0,1,1,0.99,0.995,0.9949749,19.58337
1934.239,2,20,EXOCENTRIC,seperating,EASY,training,99,99,1,1,0.99,0.99,0.99,0.99,14.93335
1998.723,2,21,EXOCENTRIC,seperating,MEDIUM,training,100,91,9,0,0.9174312,1,0.955,0.9569378,63.08337
2031.723,2,22,EXOCENTRIC,seperating,HARD,test,94,96,4,6,0.9591837,0.94,0.95,0.9494949,28.56665
2042.223,2,23,EXOCENTRIC,seperating,EASY,test,99,100,0,1,1,0.99,0.995,0.9949749,9.666748
2081.973,2,24,EXOCENTRIC,seperating,MEDIUM,test,100,98,2,0,0.9803922,1,0.99,0.990099,38.81677
2113.823,2,25,EXOCENTRIC,seperating,MEDIUM,test,99,90,10,1,0.9082569,0.99,0.945,0.9473684,30.5835
2139.423,2,26,EXOCENTRIC,seperating,MEDIUM,test,96,98,2,4,0.9795918,0.96,0.97,0.9696969,24.78345
2173.99,2,27,EXOCENTRIC,seperating,EASY,test,100,100,0,0,1,1,1,1,33.53345
2216.823,2,28,EXOCENTRIC,seperating,HARD,test,93,93,7,7,0.93,0.93,0.93,0.93,41.66675
2246.473,2,29,EXOCENTRIC,seperating,HARD,test,97,91,9,3,0.9150943,0.97,0.94,0.9417475,28.8833
2410.79,2,30,EXOCENTRIC,seperating,MEDIUM,test,96,98,2,4,0.9795918,0.96,0.97,0.9696969,40.68335
2433.023,2,31,EXOCENTRIC,seperating,HARD,test,92,97,3,8,0.968421,0.92,0.945,0.9435897,21.15015
2459.807,2,32,EXOCENTRIC,seperating,MEDIUM,test,97,97,3,3,0.97,0.97,0.97,0.97,26.06665
2482.407,2,33,EXOCENTRIC,seperating,HARD,test,90,98,2,10,0.9782609,0.9,0.94,0.9375,21.8501
2504.69,2,34,EXOCENTRIC,seperating,EASY,test,98,100,0,2,1,0.98,0.99,0.989899,21.56665
2517.14,2,35,EXOCENTRIC,seperating,EASY,test,99,98,2,1,0.980198,0.99,0.985,0.9850746,11.68335
2524.474,2,36,EXOCENTRIC,seperating,EASY,test,99,100,0,1,1,0.99,0.995,0.9949749,6.633545
2571.39,2,37,EGOCENTRIC,denoising,EASY,training,96,134,16,4,0.8571429,0.96,0.92,0.9056604,42.4502
2682.174,2,38,EGOCENTRIC,denoising,EASY,training,88,144,6,12,0.9361702,0.88,0.928,0.9072165,67.81689
2760.724,2,39,EGOCENTRIC,denoising,MEDIUM,training,94,385,15,6,0.8623853,0.94,0.958,0.8995215,58.4834
2814.924,2,40,EGOCENTRIC,denoising,MEDIUM,test,87,384,16,13,0.8446602,0.87,0.942,0.8571429,38.53345
2889.457,2,41,EGOCENTRIC,denoising,EASY,test,95,145,5,5,0.95,0.95,0.96,0.95,73.43335
2946.657,2,42,EGOCENTRIC,denoising,EASY,test,91,141,9,9,0.91,0.91,0.928,0.91,56.5
2977.974,2,43,EGOCENTRIC,denoising,EASY,test,98,131,19,2,0.8376068,0.98,0.916,0.9032258,30.19995
3059.991,2,44,EGOCENTRIC,denoising,HARD,test,86,634,16,14,0.8431373,0.86,0.96,0.8514851,81.1001
3116.458,2,45,EGOCENTRIC,denoising,HARD,test,99,622,28,1,0.7795275,0.99,0.9613333,0.8722467,55.6001
3146.258,2,46,EGOCENTRIC,denoising,HARD,test,93,611,39,7,0.7045454,0.93,0.9386666,0.8017241,29
3196.858,2,47,EGOCENTRIC,denoising,HARD,test,86,611,39,14,0.688,0.86,0.9293333,0.7644444,49.5332
3413.941,2,48,EGOCENTRIC,denoising,HARD,test,87,622,28,13,0.7565218,0.87,0.9453334,0.8093023,46.18335
3441.458,2,49,EGOCENTRIC,denoising,MEDIUM,test,89,383,17,11,0.8396226,0.89,0.944,0.8640776,26.7666
3475.258,2,50,EGOCENTRIC,denoising,MEDIUM,test,78,384,16,22,0.8297873,0.78,0.924,0.8041237,32.93335
3514.758,2,51,EGOCENTRIC,denoising,MEDIUM,test,93,379,21,7,0.8157895,0.93,0.944,0.8691589,38.75
3553.725,2,52,EGOCENTRIC,denoising,EASY,test,88,144,6,12,0.9361702,0.88,0.928,0.9072165,38.05005
3606.792,2,53,EGOCENTRIC,denoising,MEDIUM,test,89,382,18,11,0.8317757,0.89,0.942,0.8599033,52.43359
3626.058,2,54,EGOCENTRIC,denoising,EASY,test,98,142,8,2,0.9245283,0.98,0.96,0.9514563,18.55005
3660.975,2,55,EXOCENTRIC,denoising,EASY,training,93,143,7,7,0.93,0.93,0.944,0.93,25.15015
3693.309,2,56,EXOCENTRIC,denoising,EASY,training,95,144,6,5,0.9405941,0.95,0.956,0.9452736,28.00024
3726.925,2,57,EXOCENTRIC,denoising,MEDIUM,training,93,392,8,7,0.9207921,0.93,0.97,0.9253731,30.76685
3820.259,2,58,EXOCENTRIC,denoising,HARD,test,92,629,21,8,0.8141593,0.92,0.9613333,0.8638498,87.25
3838.559,2,59,EXOCENTRIC,denoising,MEDIUM,test,94,389,11,6,0.8952381,0.94,0.966,0.9170732,17.43335
3864.092,2,60,EXOCENTRIC,denoising,EASY,test,93,145,5,7,0.9489796,0.93,0.952,0.9393939,24.8999
3893.459,2,61,EXOCENTRIC,denoising,EASY,test,95,141,9,5,0.9134616,0.95,0.944,0.9313726,28.28345
3911.442,2,62,EXOCENTRIC,denoising,EASY,test,94,146,4,6,0.9591837,0.94,0.96,0.9494949,17.3667
3936.792,2,63,EXOCENTRIC,denoising,HARD,test,90,632,18,10,0.8333333,0.9,0.9626667,0.8653846,24.2002
3963.392,2,64,EXOCENTRIC,denoising,MEDIUM,test,98,382,18,2,0.8448276,0.98,0.96,0.9074074,25.96655
3985.492,2,65,EXOCENTRIC,denoising,HARD,test,84,632,18,16,0.8235294,0.84,0.9546667,0.8316832,21.3833
4009.809,2,66,EXOCENTRIC,denoising,MEDIUM,test,93,387,13,7,0.8773585,0.93,0.96,0.9029126,21.16675
4025.676,2,67,EXOCENTRIC,denoising,MEDIUM,test,89,391,9,11,0.9081632,0.89,0.96,0.8989899,15.23315
4050.392,2,68,EXOCENTRIC,denoising,HARD,test,97,608,42,3,0.6978417,0.97,0.94,0.8117155,24.0835
4065.476,2,69,EXOCENTRIC,denoising,EASY,test,91,147,3,9,0.9680851,0.91,0.952,0.9381443,14.1167
4089.359,2,70,EXOCENTRIC,denoising,HARD,test,93,633,17,7,0.8454546,0.93,0.968,0.8857144,22.93335
4116.076,2,71,EXOCENTRIC,denoising,EASY,test,95,146,4,5,0.959596,0.95,0.964,0.9547738,25.93335
4133.493,2,72,EXOCENTRIC,denoising,MEDIUM,test,92,387,13,8,0.8761905,0.92,0.958,0.897561,16.81689
162.7367,3,1,EGOCENTRIC,denoising,EASY,training,81,150,0,19,1,0.81,0.924,0.8950276,95.51667
228.1867,3,2,EGOCENTRIC,denoising,EASY,training,90,147,3,10,0.9677419,0.9,0.948,0.9326425,59.96672
337.7367,3,3,EGOCENTRIC,denoising,MEDIUM,training,82,391,9,18,0.9010989,0.82,0.946,0.8586388,105.2666
505.8201,3,4,EGOCENTRIC,denoising,EASY,test,97,147,3,3,0.97,0.97,0.976,0.97,160.7167
662.4867,3,5,EGOCENTRIC,denoising,MEDIUM,test,96,384,16,4,0.8571429,0.96,0.96,0.9056604,154.8
773.2867,3,6,EGOCENTRIC,denoising,MEDIUM,test,80,396,4,20,0.952381,0.8,0.952,0.8695652,108.7667
944.8701,3,7,EGOCENTRIC,denoising,HARD,test,56,646,4,44,0.9333333,0.56,0.936,0.7,170.5667
1092.52,3,8,EGOCENTRIC,denoising,EASY,test,94,145,5,6,0.949495,0.94,0.956,0.9447237,146.4833
1282.837,3,9,EGOCENTRIC,denoising,EASY,test,91,150,0,9,1,0.91,0.964,0.9528795,188.9333
1411.12,3,10,EGOCENTRIC,denoising,EASY,test,93,147,3,7,0.96875,0.93,0.96,0.9489796,127.1167
1603.17,3,11,EGOCENTRIC,denoising,MEDIUM,test,66,395,5,34,0.9295775,0.66,0.922,0.7719299,190.7667
1849.787,3,12,EGOCENTRIC,denoising,HARD,test,68,645,5,32,0.9315069,0.68,0.9506667,0.7861272,204.4999
2073.437,3,13,EGOCENTRIC,denoising,HARD,test,84,635,15,16,0.8484849,0.84,0.9586667,0.8442211,222.2999
2220.42,3,14,EGOCENTRIC,denoising,MEDIUM,test,75,397,3,25,0.9615384,0.75,0.944,0.8426966,143.8333
2349.204,3,15,EGOCENTRIC,denoising,HARD,test,84,641,9,16,0.9032258,0.84,0.9666666,0.8704663,127.9167
2485.053,3,16,EGOCENTRIC,denoising,EASY,test,93,148,2,7,0.9789473,0.93,0.964,0.9538462,135.3499
2642.854,3,17,EGOCENTRIC,denoising,MEDIUM,test,84,394,6,16,0.9333333,0.84,0.956,0.8842105,157
2813.437,3,18,EGOCENTRIC,denoising,HARD,test,73,643,7,27,0.9125,0.73,0.9546667,0.8111112,169.8501
2900.97,3,19,EXOCENTRIC,denoising,EASY,training,84,147,3,16,0.9655172,0.84,0.924,0.8983957,72.56665
2932.287,3,20,EXOCENTRIC,denoising,EASY,training,97,146,4,3,0.9603961,0.97,0.972,0.9651741,26.9834
2959.22,3,21,EXOCENTRIC,denoising,MEDIUM,training,91,388,12,9,0.8834952,0.91,0.958,0.8965517,24.41675
3024.52,3,22,EXOCENTRIC,denoising,MEDIUM,test,89,392,8,11,0.9175258,0.89,0.962,0.9035533,60.34985
3075.637,3,23,EXOCENTRIC,denoising,EASY,test,96,146,4,4,0.96,0.96,0.968,0.96,50.33325
3125.22,3,24,EXOCENTRIC,denoising,MEDIUM,test,87,391,9,13,0.90625,0.87,0.956,0.8877551,48.8999
3223.487,3,25,EXOCENTRIC,denoising,MEDIUM,test,82,393,7,18,0.9213483,0.82,0.95,0.8677249,95.16675
3288.604,3,26,EXOCENTRIC,denoising,HARD,test,80,646,4,20,0.952381,0.8,0.968,0.8695652,60.15015
3357.054,3,27,EXOCENTRIC,denoising,HARD,test,88,639,11,12,0.8888889,0.88,0.9693334,0.8844221,67.94995
3407.854,3,28,EXOCENTRIC,denoising,HARD,test,96,625,25,4,0.7933884,0.96,0.9613333,0.8687783,49.6167
3486.004,3,29,EXOCENTRIC,denoising,EASY,test,82,148,2,18,0.9761904,0.82,0.92,0.8913043,77.56665
3564.254,3,30,EXOCENTRIC,denoising,EASY,test,98,147,3,2,0.970297,0.98,0.98,0.9751244,51.4834
3679.72,3,31,EXOCENTRIC,denoising,HARD,test,76,633,17,24,0.8172043,0.76,0.9453334,0.7875648,114.5
3731.587,3,32,EXOCENTRIC,denoising,EASY,test,88,148,2,12,0.9777778,0.88,0.944,0.9263158,51.0835
3772.17,3,33,EXOCENTRIC,denoising,HARD,test,89,637,13,11,0.872549,0.89,0.968,0.8811882,39.71655
3833.637,3,34,EXOCENTRIC,denoising,MEDIUM,test,73,396,4,27,0.9480519,0.73,0.938,0.8248588,60.7002
3886.937,3,35,EXOCENTRIC,denoising,MEDIUM,test,86,394,6,14,0.9347826,0.86,0.96,0.8958334,52.59985
3927.104,3,36,EXOCENTRIC,denoising,EASY,test,90,148,2,10,0.9782609,0.9,0.952,0.9375,39.3999
3980.737,3,37,EGOCENTRIC,seperating,EASY,training,98,99,1,2,0.989899,0.98,0.985,0.9849247,36.33325
3996.437,3,38,EGOCENTRIC,seperating,EASY,training,100,100,0,0,1,1,1,1,14.06665
4029.537,3,39,EGOCENTRIC,seperating,MEDIUM,training,95,100,0,5,1,0.95,0.975,0.9743589,31.58325
4049.338,3,40,EGOCENTRIC,seperating,EASY,test,100,98,2,0,0.9803922,1,0.99,0.990099,16.93408
4085.287,3,41,EGOCENTRIC,seperating,HARD,test,95,93,7,5,0.9313725,0.95,0.94,0.9405941,35.16675
4110.47,3,42,EGOCENTRIC,seperating,HARD,test,84,97,3,16,0.9655172,0.84,0.905,0.8983957,24.43311
4131.97,3,43,EGOCENTRIC,seperating,EASY,test,99,100,0,1,1,0.99,0.995,0.9949749,20.98291
4169.037,3,44,EGOCENTRIC,seperating,HARD,test,95,96,4,5,0.959596,0.95,0.955,0.9547738,36.5835
4189.47,3,45,EGOCENTRIC,seperating,HARD,test,92,93,7,8,0.9292929,0.92,0.925,0.9246231,18.9165
4221.954,3,46,EGOCENTRIC,seperating,MEDIUM,test,95,99,1,5,0.9895833,0.95,0.97,0.9693877,31.2334
4244.67,3,47,EGOCENTRIC,seperating,EASY,test,97,98,2,3,0.979798,0.97,0.975,0.9748744,21.7666
4280.621,3,48,EGOCENTRIC,seperating,MEDIUM,test,100,99,1,0,0.990099,1,0.995,0.9950249,20.3335
4317.404,3,49,EGOCENTRIC,seperating,HARD,test,93,93,7,7,0.93,0.93,0.93,0.93,36.2666
4339.087,3,50,EGOCENTRIC,seperating,MEDIUM,test,100,96,4,0,0.9615384,1,0.98,0.9803922,20.8999
4360.437,3,51,EGOCENTRIC,seperating,MEDIUM,test,98,97,3,2,0.970297,0.98,0.975,0.9751244,20.83301
4374.654,3,52,EGOCENTRIC,seperating,EASY,test,100,99,1,0,0.990099,1,0.995,0.9950249,12.81689
4400.471,3,53,EGOCENTRIC,seperating,EASY,test,95,100,0,5,1,0.95,0.975,0.9743589,25.2334
4432.771,3,54,EGOCENTRIC,seperating,MEDIUM,test,94,100,0,6,1,0.94,0.97,0.9690722,31.8999
4445.904,3,55,EXOCENTRIC,seperating,EASY,training,99,100,0,1,1,0.99,0.995,0.9949749,9.116699
4470.404,3,56,EXOCENTRIC,seperating,EASY,training,97,99,1,3,0.9897959,0.97,0.98,0.979798,23.5
4479.354,3,57,EXOCENTRIC,seperating,MEDIUM,training,96,97,3,4,0.969697,0.96,0.965,0.9648241,8.066895
4497.404,3,58,EXOCENTRIC,seperating,MEDIUM,test,99,91,9,1,0.9166667,0.99,0.95,0.9519231,15.7168
4513.887,3,59,EXOCENTRIC,seperating,EASY,test,100,98,2,0,0.9803922,1,0.99,0.990099,16.05029
4530.604,3,60,EXOCENTRIC,seperating,HARD,test,91,94,6,9,0.9381443,0.91,0.925,0.9238579,16.28369
4543.07,3,61,EXOCENTRIC,seperating,MEDIUM,test,94,100,0,6,1,0.94,0.97,0.9690722,12.0166
4549.621,3,62,EXOCENTRIC,seperating,EASY,test,100,100,0,0,1,1,1,1,6.083496
4592.621,3,63,EXOCENTRIC,seperating,HARD,test,95,91,9,5,0.9134616,0.95,0.93,0.9313726,42.5835
4609.287,3,64,EXOCENTRIC,seperating,EASY,test,100,99,1,0,0.990099,1,0.995,0.9950249,16.2002
4622.254,3,65,EXOCENTRIC,seperating,MEDIUM,test,88,100,0,12,1,0.88,0.94,0.9361702,12.5835
4664.754,3,66,EXOCENTRIC,seperating,HARD,test,96,84,16,4,0.8571429,0.96,0.9,0.9056604,34.6333
4683.804,3,67,EXOCENTRIC,seperating,MEDIUM,test,97,94,6,3,0.9417475,0.97,0.955,0.9556651,18.58301
4690.487,3,68,EXOCENTRIC,seperating,MEDIUM,test,99,93,7,1,0.9339623,0.99,0.96,0.961165,6.166992
4706.554,3,69,EXOCENTRIC,seperating,EASY,test,96,100,0,4,1,0.96,0.98,0.9795918,15.5
4719.637,3,70,EXOCENTRIC,seperating,EASY,test,100,100,0,0,1,1,1,1,12.6499
4739.504,3,71,EXOCENTRIC,seperating,HARD,test,89,94,6,11,0.9368421,0.89,0.915,0.9128205,19.4502
4753.104,3,72,EXOCENTRIC,seperating,HARD,test,90,84,16,10,0.8490566,0.9,0.87,0.8737864,13.2334
86.32001,4,1,EXOCENTRIC,seperating,EASY,training,100,25,75,0,0.5714286,1,0.625,0.7272727,29.28334
103.4533,4,2,EXOCENTRIC,seperating,EASY,training,85,16,84,15,0.5029586,0.85,0.505,0.6319702,12.91665
118.4367,4,3,EXOCENTRIC,seperating,MEDIUM,training,55,26,74,45,0.4263566,0.55,0.405,0.4803493,12.38332
139.8533,4,4,EXOCENTRIC,seperating,EASY,test,61,100,0,39,1,0.61,0.805,0.757764,16.61666
164.22,4,5,EXOCENTRIC,seperating,MEDIUM,test,55,63,37,45,0.5978261,0.55,0.59,0.5729167,22.11668
192.4867,4,6,EXOCENTRIC,seperating,EASY,test,41,66,34,59,0.5466667,0.41,0.535,0.4685714,27.11665
226.1033,4,7,EXOCENTRIC,seperating,HARD,test,50,80,20,50,0.7142857,0.5,0.65,0.5882353,32.76657
263.12,4,8,EXOCENTRIC,seperating,EASY,test,77,98,2,23,0.9746835,0.77,0.875,0.8603352,36.13329
278.02,4,9,EXOCENTRIC,seperating,HARD,test,69,99,1,31,0.9857143,0.69,0.84,0.8117647,13.96667
305.3867,4,10,EXOCENTRIC,seperating,EASY,test,72,79,21,28,0.7741935,0.72,0.755,0.746114,26.48337
324.1367,4,11,EXOCENTRIC,seperating,MEDIUM,test,60,53,47,40,0.5607477,0.6,0.565,0.5797101,17.76672
353.6867,4,12,EXOCENTRIC,seperating,EASY,test,57,100,0,43,1,0.57,0.785,0.7261147,22.3833
374.02,4,13,EXOCENTRIC,seperating,HARD,test,73,94,6,27,0.9240506,0.73,0.835,0.8156425,19.64999
380.7034,4,14,EXOCENTRIC,seperating,MEDIUM,test,100,47,53,0,0.6535948,1,0.735,0.7905139,5.833374
394.8367,4,15,EXOCENTRIC,seperating,HARD,test,85,69,31,15,0.7327586,0.85,0.77,0.7870371,13.38336
413.0867,4,16,EXOCENTRIC,seperating,MEDIUM,test,87,83,17,13,0.8365384,0.87,0.85,0.8529412,16.71667
429.97,4,17,EXOCENTRIC,seperating,HARD,test,53,98,2,47,0.9636363,0.53,0.755,0.6838709,16.04999
452.2534,4,18,EXOCENTRIC,seperating,MEDIUM,test,66,38,62,34,0.515625,0.66,0.52,0.5789474,21.54999
474.9867,4,19,EGOCENTRIC,seperating,EASY,training,100,0,100,0,0.5,1,0.5,0.6666667,5.333313
483.2534,4,20,EGOCENTRIC,seperating,EASY,training,100,0,100,0,0.5,1,0.5,0.6666667,5.716705
496.3534,4,21,EGOCENTRIC,seperating,MEDIUM,training,98,2,98,2,0.5,0.98,0.5,0.6621622,8.233307
508.8701,4,22,EGOCENTRIC,seperating,HARD,test,100,5,95,0,0.5128205,1,0.525,0.6779662,6.933319
528.72,4,23,EGOCENTRIC,seperating,EASY,test,100,8,92,0,0.5208333,1,0.54,0.6849315,18.56668
529.77,4,24,EGOCENTRIC,seperating,EASY,test,100,0,100,0,0.5,1,0.5,0.6666667,0.2332764
551.3201,4,25,EGOCENTRIC,seperating,HARD,test,72,20,80,28,0.4736842,0.72,0.46,0.5714286,20.78333
575.6367,4,26,EGOCENTRIC,seperating,HARD,test,94,19,81,6,0.5371429,0.94,0.565,0.6836364,23.36664
591.2368,4,27,EGOCENTRIC,seperating,EASY,test,68,25,75,32,0.4755245,0.68,0.465,0.5596708,14.91669
607.3367,4,28,EGOCENTRIC,seperating,MEDIUM,test,54,100,0,46,1,0.54,0.77,0.7012988,15.25
616.6201,4,29,EGOCENTRIC,seperating,MEDIUM,test,66,3,97,34,0.404908,0.66,0.345,0.5019011,8.516663
645.1367,4,30,EGOCENTRIC,seperating,HARD,test,54,82,18,46,0.75,0.54,0.68,0.627907,24.68335
668.0201,4,31,EGOCENTRIC,seperating,MEDIUM,test,96,88,12,4,0.8888889,0.96,0.92,0.9230769,21.8667
684.0367,4,32,EGOCENTRIC,seperating,HARD,test,92,22,78,8,0.5411765,0.92,0.57,0.6814815,15.03333
705.8534,4,33,EGOCENTRIC,seperating,EASY,test,68,100,0,32,1,0.68,0.84,0.8095238,21.18329
735.6534,4,34,EGOCENTRIC,seperating,MEDIUM,test,77,99,1,23,0.9871795,0.77,0.88,0.8651685,29.18329
753.67,4,35,EGOCENTRIC,seperating,EASY,test,78,69,31,22,0.7155963,0.78,0.735,0.7464114,17.23334
771.2368,4,36,EGOCENTRIC,seperating,MEDIUM,test,95,99,1,5,0.9895833,0.95,0.97,0.9693877,16.56671
825.2201,4,37,EXOCENTRIC,denoising,EASY,training,85,139,11,15,0.8854167,0.85,0.896,0.867347,44.10004
868.3534,4,38,EXOCENTRIC,denoising,EASY,training,56,127,23,44,0.7088608,0.56,0.732,0.6256983,15.25
896.4368,4,39,EXOCENTRIC,denoising,MEDIUM,training,73,333,67,27,0.5214286,0.73,0.812,0.6083333,14.65002
911.1368,4,40,EXOCENTRIC,denoising,HARD,test,81,593,57,19,0.5869565,0.81,0.8986667,0.6806723,7.716736
918.0201,4,41,EXOCENTRIC,denoising,HARD,test,67,611,39,33,0.6320755,0.67,0.904,0.6504855,6.149963
923.6368,4,42,EXOCENTRIC,denoising,MEDIUM,test,50,385,15,50,0.7692308,0.5,0.87,0.6060606,4.783386
933.9701,4,43,EXOCENTRIC,denoising,MEDIUM,test,39,376,24,61,0.6190476,0.39,0.83,0.4785276,8.649963
938.8701,4,44,EXOCENTRIC,denoising,EASY,test,52,149,1,48,0.9811321,0.52,0.804,0.6797386,4.333313
948.2368,4,45,EXOCENTRIC,denoising,HARD,test,51,572,78,49,0.3953488,0.51,0.8306667,0.4454148,8.56665
952.3034,4,46,EXOCENTRIC,denoising,EASY,test,59,142,8,41,0.880597,0.59,0.804,0.7065868,3.033325
957.4701,4,47,EXOCENTRIC,denoising,EASY,test,74,141,9,26,0.8915663,0.74,0.86,0.8087432,4.600037
966.3368,4,48,EXOCENTRIC,denoising,EASY,test,58,142,8,42,0.8787879,0.58,0.8,0.6987951,5.216675
972.5701,4,49,EXOCENTRIC,denoising,EASY,test,41,145,5,59,0.8913044,0.41,0.744,0.5616438,5.416626
979.7867,4,50,EXOCENTRIC,denoising,MEDIUM,test,67,366,34,33,0.6633663,0.67,0.866,0.6666666,6.233337
993.9368,4,51,EXOCENTRIC,denoising,MEDIUM,test,60,372,28,40,0.6818182,0.6,0.864,0.6382979,13.38336
1006.103,4,52,EXOCENTRIC,denoising,HARD,test,53,622,28,47,0.654321,0.53,0.9,0.5856354,10.34998
1014.453,4,53,EXOCENTRIC,denoising,HARD,test,31,612,38,69,0.4492754,0.31,0.8573334,0.3668639,7.233337
1025.42,4,54,EXOCENTRIC,denoising,MEDIUM,test,58,370,30,42,0.6590909,0.58,0.856,0.6170213,9.750061
1043.003,4,55,EGOCENTRIC,denoising,EASY,training,26,148,2,74,0.9285714,0.26,0.696,0.40625,8.833252
1079.07,4,56,EGOCENTRIC,denoising,EASY,training,67,110,40,33,0.6261683,0.67,0.708,0.647343,25.51672
1110.787,4,57,EGOCENTRIC,denoising,MEDIUM,training,80,256,144,20,0.3571429,0.8,0.672,0.4938272,19.46667
1131.703,4,58,EGOCENTRIC,denoising,MEDIUM,test,70,319,81,30,0.4635762,0.7,0.778,0.5577689,15.49988
1146.237,4,59,EGOCENTRIC,denoising,EASY,test,79,128,22,21,0.7821782,0.79,0.828,0.7860697,13.56665
1167.303,4,60,EGOCENTRIC,denoising,HARD,test,85,484,166,15,0.3386454,0.85,0.7586667,0.4843305,20.01672
1179.653,4,61,EGOCENTRIC,denoising,MEDIUM,test,77,319,81,23,0.4873418,0.77,0.792,0.5968992,11.55005
1191.52,4,62,EGOCENTRIC,denoising,HARD,test,80,539,111,20,0.4188482,0.8,0.8253334,0.5498282,10.66675
1207.853,4,63,EGOCENTRIC,denoising,EASY,test,67,114,36,33,0.6504855,0.67,0.724,0.6600986,15.43335
1229.137,4,64,EGOCENTRIC,denoising,MEDIUM,test,73,250,150,27,0.3273543,0.73,0.646,0.4520124,19.73328
1257.137,4,65,EGOCENTRIC,denoising,HARD,test,60,422,228,40,0.2083333,0.6,0.6426666,0.3092783,25.63342
1275.687,4,66,EGOCENTRIC,denoising,MEDIUM,test,67,285,115,33,0.3681319,0.67,0.704,0.4751773,14.3833
1287.037,4,67,EGOCENTRIC,denoising,HARD,test,30,467,183,70,0.1408451,0.3,0.6626667,0.1916933,10.44995
1296.253,4,68,EGOCENTRIC,denoising,EASY,test,72,122,28,28,0.72,0.72,0.776,0.72,8.466675
1304.653,4,69,EGOCENTRIC,denoising,MEDIUM,test,62,298,102,38,0.3780488,0.62,0.72,0.469697,7.31665
1315.97,4,70,EGOCENTRIC,denoising,EASY,test,41,108,42,59,0.4939759,0.41,0.596,0.4480874,10.53333
1326.053,4,71,EGOCENTRIC,denoising,HARD,test,83,505,145,17,0.3640351,0.83,0.784,0.5060976,9.233276
1334.637,4,72,EGOCENTRIC,denoising,EASY,test,59,121,29,41,0.6704546,0.59,0.72,0.6276596,7.400024
117.67,5,1,EXOCENTRIC,denoising,EASY,training,82,147,3,18,0.9647059,0.82,0.916,0.8864865,37.08321
142.32,5,2,EXOCENTRIC,denoising,EASY,training,90,147,3,10,0.9677419,0.9,0.948,0.9326425,14.85001
167.72,5,3,EXOCENTRIC,denoising,MEDIUM,training,87,395,5,13,0.9456522,0.87,0.964,0.9062501,23.93329
213.2867,5,4,EXOCENTRIC,denoising,EASY,test,86,147,3,14,0.9662921,0.86,0.932,0.9100529,35.73334
280.9533,5,5,EXOCENTRIC,denoising,EASY,test,87,148,2,13,0.9775281,0.87,0.94,0.9206349,66.13336
341.2367,5,6,EXOCENTRIC,denoising,HARD,test,84,637,13,16,0.8659794,0.84,0.9613333,0.8527918,59.43335
422.1034,5,7,EXOCENTRIC,denoising,MEDIUM,test,81,390,10,19,0.8901099,0.81,0.942,0.8481675,80.21664
479.07,5,8,EXOCENTRIC,denoising,EASY,test,84,147,3,16,0.9655172,0.84,0.924,0.8983957,56.16669
615.02,5,9,EXOCENTRIC,denoising,HARD,test,61,645,5,39,0.9242424,0.61,0.9413334,0.7349398,135.2834
678.5701,5,10,EXOCENTRIC,denoising,MEDIUM,test,61,398,2,39,0.968254,0.61,0.918,0.7484663,62.78339
788.6201,5,11,EXOCENTRIC,denoising,MEDIUM,test,61,399,1,39,0.983871,0.61,0.92,0.7530864,109.1667
1006.353,5,12,EXOCENTRIC,denoising,EASY,test,80,147,3,20,0.9638554,0.8,0.908,0.8743169,82.84998
1116.37,5,13,EXOCENTRIC,denoising,EASY,test,72,149,1,28,0.9863014,0.72,0.884,0.8323699,109.1667
1140.587,5,14,EXOCENTRIC,denoising,HARD,test,71,646,4,29,0.9466667,0.71,0.956,0.8114285,23.41663
1255.737,5,15,EXOCENTRIC,denoising,HARD,test,61,648,2,39,0.968254,0.61,0.9453334,0.7484663,114.2834
1332.003,5,16,EXOCENTRIC,denoising,MEDIUM,test,80,397,3,20,0.9638554,0.8,0.954,0.8743169,75.46655
1395.703,5,17,EXOCENTRIC,denoising,HARD,test,69,644,6,31,0.92,0.69,0.9506667,0.7885714,62.73328
1478.57,5,18,EXOCENTRIC,denoising,MEDIUM,test,59,399,1,41,0.9833333,0.59,0.916,0.7375,81.79993
1587.137,5,19,EGOCENTRIC,denoising,EASY,training,70,137,13,30,0.8433735,0.7,0.828,0.7650273,32.68335
1655.72,5,20,EGOCENTRIC,denoising,EASY,training,93,149,1,7,0.9893617,0.93,0.968,0.9587629,35.13342
1712.203,5,21,EGOCENTRIC,denoising,MEDIUM,training,83,387,13,17,0.8645833,0.83,0.94,0.8469387,40.73328
1821.92,5,22,EGOCENTRIC,denoising,MEDIUM,test,71,394,6,29,0.9220779,0.71,0.93,0.8022599,97.34998
1899.087,5,23,EGOCENTRIC,denoising,HARD,test,74,640,10,26,0.8809524,0.74,0.952,0.8043478,76.31677
1948.254,5,24,EGOCENTRIC,denoising,EASY,test,69,150,0,31,1,0.69,0.876,0.816568,48.45007
2038.287,5,25,EGOCENTRIC,denoising,EASY,test,83,148,2,17,0.9764706,0.83,0.924,0.8972973,88.1167
2107.187,5,26,EGOCENTRIC,denoising,EASY,test,97,148,2,3,0.979798,0.97,0.98,0.9748744,68.40015
2177.637,5,27,EGOCENTRIC,denoising,MEDIUM,test,76,396,4,24,0.95,0.76,0.944,0.8444444,69.90015
2264.253,5,28,EGOCENTRIC,denoising,HARD,test,75,646,4,25,0.9493671,0.75,0.9613333,0.8379889,86.21655
2356.154,5,29,EGOCENTRIC,denoising,EASY,test,75,148,2,25,0.974026,0.75,0.892,0.8474576,90.8335
2547.587,5,30,EGOCENTRIC,denoising,HARD,test,69,641,9,31,0.8846154,0.69,0.9466667,0.7752809,68
2627.303,5,31,EGOCENTRIC,denoising,MEDIUM,test,70,397,3,30,0.9589041,0.7,0.934,0.8092486,78.73315
2681.154,5,32,EGOCENTRIC,denoising,HARD,test,63,645,5,37,0.9264706,0.63,0.944,0.7499999,53.2666
2713.804,5,33,EGOCENTRIC,denoising,MEDIUM,test,56,399,1,44,0.9824561,0.56,0.91,0.7133758,31.81689
2785.354,5,34,EGOCENTRIC,denoising,MEDIUM,test,64,398,2,36,0.969697,0.64,0.924,0.7710843,70.81665
2814.554,5,35,EGOCENTRIC,denoising,HARD,test,56,648,2,44,0.9655172,0.56,0.9386666,0.7088608,28.4834
2880.337,5,36,EGOCENTRIC,denoising,EASY,test,82,146,4,18,0.9534883,0.82,0.912,0.8817204,65.03345
3013.787,5,37,EXOCENTRIC,seperating,EASY,training,99,99,1,1,0.99,0.99,0.99,0.99,23.93335
3031.037,5,38,EXOCENTRIC,seperating,EASY,training,97,100,0,3,1,0.97,0.985,0.9847716,12.34985
3061.754,5,39,EXOCENTRIC,seperating,MEDIUM,training,91,97,3,9,0.9680851,0.91,0.94,0.9381443,22.3335
3107.187,5,40,EXOCENTRIC,seperating,EASY,test,100,100,0,0,1,1,1,1,31.7334
3117.82,5,41,EXOCENTRIC,seperating,EASY,test,98,100,0,2,1,0.98,0.99,0.989899,10.0332
3147.02,5,42,EXOCENTRIC,seperating,EASY,test,100,99,1,0,0.990099,1,0.995,0.9950249,28.2832
3204.87,5,43,EXOCENTRIC,seperating,HARD,test,86,93,7,14,0.9247312,0.86,0.895,0.8911918,56.9834
3224.204,5,44,EXOCENTRIC,seperating,MEDIUM,test,100,96,4,0,0.9615384,1,0.98,0.9803922,18.6499
3249.82,5,45,EXOCENTRIC,seperating,MEDIUM,test,99,98,2,1,0.980198,0.99,0.985,0.9850746,24.7666
3289.554,5,46,EXOCENTRIC,seperating,HARD,test,91,92,8,9,0.9191919,0.91,0.915,0.9145729,39.2666
3302.987,5,47,EXOCENTRIC,seperating,MEDIUM,test,98,100,0,2,1,0.98,0.99,0.989899,12.7168
3357.004,5,48,EXOCENTRIC,seperating,HARD,test,88,93,7,12,0.9263158,0.88,0.905,0.9025641,48.44995
3393.054,5,49,EXOCENTRIC,seperating,MEDIUM,test,93,98,2,7,0.9789473,0.93,0.955,0.9538462,35.1167
3424.97,5,50,EXOCENTRIC,seperating,MEDIUM,test,97,98,2,3,0.979798,0.97,0.975,0.9748744,31.0498
3462.37,5,51,EXOCENTRIC,seperating,HARD,test,86,99,1,14,0.9885057,0.86,0.925,0.9197861,36.65015
3495.354,5,52,EXOCENTRIC,seperating,HARD,test,88,95,5,12,0.9462366,0.88,0.915,0.9119172,32.18335
3507.27,5,53,EXOCENTRIC,seperating,EASY,test,100,99,1,0,0.990099,1,0.995,0.9950249,11.23315
3524.72,5,54,EXOCENTRIC,seperating,EASY,test,99,97,3,1,0.9705882,0.99,0.98,0.980198,16.9834
3652.504,5,55,EGOCENTRIC,seperating,EASY,training,100,98,2,0,0.9803922,1,0.99,0.990099,13.71655
3669.087,5,56,EGOCENTRIC,seperating,EASY,training,100,100,0,0,1,1,1,1,13.66675
3698.387,5,57,EGOCENTRIC,seperating,MEDIUM,training,100,99,1,0,0.990099,1,0.995,0.9950249,27.75
3756.254,5,58,EGOCENTRIC,seperating,HARD,test,92,93,7,8,0.9292929,0.92,0.925,0.9246231,55.33325
3790.22,5,59,EGOCENTRIC,seperating,MEDIUM,test,97,94,6,3,0.9417475,0.97,0.955,0.9556651,33.1001
3807.004,5,60,EGOCENTRIC,seperating,EASY,test,98,100,0,2,1,0.98,0.99,0.989899,15.7666
3845.454,5,61,EGOCENTRIC,seperating,HARD,test,97,78,22,3,0.8151261,0.97,0.875,0.8858448,37.63354
3914.337,5,62,EGOCENTRIC,seperating,HARD,test,86,88,12,14,0.877551,0.86,0.87,0.8686869,68.43335
3944.087,5,63,EGOCENTRIC,seperating,HARD,test,97,92,8,3,0.9238095,0.97,0.945,0.9463415,28.81665
3961.054,5,64,EGOCENTRIC,seperating,EASY,test,93,100,0,7,1,0.93,0.965,0.9637306,16.06665
3985.22,5,65,EGOCENTRIC,seperating,MEDIUM,test,97,94,6,3,0.9417475,0.97,0.955,0.9556651,23.3335
4126.204,5,66,EGOCENTRIC,seperating,EASY,test,100,98,2,0,0.9803922,1,0.99,0.990099,15.75
4139.404,5,67,EGOCENTRIC,seperating,MEDIUM,test,95,100,0,5,1,0.95,0.975,0.9743589,12.6499
4196.72,5,68,EGOCENTRIC,seperating,MEDIUM,test,89,100,0,11,1,0.89,0.945,0.9417989,56.8999
4210.054,5,69,EGOCENTRIC,seperating,EASY,test,100,100,0,0,1,1,1,1,12.7666
4255.204,5,70,EGOCENTRIC,seperating,MEDIUM,test,88,99,1,12,0.988764,0.88,0.935,0.931217,44.68311
4275.537,5,71,EGOCENTRIC,seperating,EASY,test,100,99,1,0,0.990099,1,0.995,0.9950249,19.8501
4303.337,5,72,EGOCENTRIC,seperating,HARD,test,86,98,2,14,0.9772727,0.86,0.92,0.9148936,27.2998
146.5867,6,1,EGOCENTRIC,seperating,EASY,training,97,0,100,3,0.4923858,0.97,0.485,0.6531987,44.85002
252.1867,6,2,EGOCENTRIC,seperating,EASY,training,94,100,0,6,1,0.94,0.97,0.9690722,79.23334
312.5034,6,3,EGOCENTRIC,seperating,MEDIUM,training,91,94,6,9,0.9381443,0.91,0.925,0.9238579,54.55002
464.2035,6,4,EGOCENTRIC,seperating,EASY,test,100,84,16,0,0.862069,1,0.92,0.925926,132.9168
548.6367,6,5,EGOCENTRIC,seperating,EASY,test,100,97,3,0,0.9708738,1,0.985,0.9852216,82.68338
803.7867,6,6,EGOCENTRIC,seperating,HARD,test,99,77,23,1,0.8114754,0.99,0.88,0.8918919,254.2167
850.0534,6,7,EGOCENTRIC,seperating,HARD,test,97,99,1,3,0.9897959,0.97,0.98,0.979798,45.06665
899.5867,6,8,EGOCENTRIC,seperating,MEDIUM,test,100,93,7,0,0.9345794,1,0.965,0.9661836,48.6333
962.5034,6,9,EGOCENTRIC,seperating,EASY,test,99,100,0,1,1,0.99,0.995,0.9949749,62.01666
1063.637,6,10,EGOCENTRIC,seperating,MEDIUM,test,94,98,2,6,0.9791667,0.94,0.96,0.9591837,99.66663
1129.12,6,11,EGOCENTRIC,seperating,EASY,test,97,98,2,3,0.979798,0.97,0.975,0.9748744,64.56665
1294.02,6,12,EGOCENTRIC,seperating,HARD,test,93,96,4,7,0.9587629,0.93,0.945,0.9441624,92.38342
1394.887,6,13,EGOCENTRIC,seperating,HARD,test,96,87,13,4,0.880734,0.96,0.915,0.9186603,99.61682
1494.17,6,14,EGOCENTRIC,seperating,HARD,test,79,90,10,21,0.8876405,0.79,0.845,0.8359789,97.8667
1574.153,6,15,EGOCENTRIC,seperating,MEDIUM,test,84,100,0,16,1,0.84,0.92,0.9130435,78.7666
1619.72,6,16,EGOCENTRIC,seperating,EASY,test,98,100,0,2,1,0.98,0.99,0.989899,43.56677
1676.504,6,17,EGOCENTRIC,seperating,MEDIUM,test,91,97,3,9,0.9680851,0.91,0.94,0.9381443,55.8667
1731.787,6,18,EGOCENTRIC,seperating,MEDIUM,test,98,94,6,2,0.9423077,0.98,0.96,0.9607843,54.6001
1869.303,6,19,EXOCENTRIC,seperating,EASY,training,99,98,2,1,0.980198,0.99,0.985,0.9850746,99.29993
1931.387,6,20,EXOCENTRIC,seperating,EASY,training,98,99,1,2,0.989899,0.98,0.985,0.9849247,56.44995
1976.337,6,21,EXOCENTRIC,seperating,MEDIUM,training,96,98,2,4,0.9795918,0.96,0.97,0.9696969,40.66675
2072.137,6,22,EXOCENTRIC,seperating,MEDIUM,test,97,98,2,3,0.979798,0.97,0.975,0.9748744,88.56677
2099.72,6,23,EXOCENTRIC,seperating,EASY,test,99,99,1,1,0.99,0.99,0.99,0.99,25.33325
2121.003,6,24,EXOCENTRIC,seperating,EASY,test,98,99,1,2,0.989899,0.98,0.985,0.9849247,20.21655
2180.137,6,25,EXOCENTRIC,seperating,HARD,test,100,0,100,0,0.5,1,0.5,0.6666667,58.43335
2257.737,6,26,EXOCENTRIC,seperating,HARD,test,91,95,5,9,0.9479167,0.91,0.93,0.9285715,76.6499
2321.504,6,27,EXOCENTRIC,seperating,HARD,test,97,84,16,3,0.8584071,0.97,0.905,0.9107982,62.68335
2340.404,6,28,EXOCENTRIC,seperating,EASY,test,96,100,0,4,1,0.96,0.98,0.9795918,17.8833
2363.837,6,29,EXOCENTRIC,seperating,EASY,test,93,100,0,7,1,0.93,0.965,0.9637306,22.3335
2490.354,6,30,EXOCENTRIC,seperating,MEDIUM,test,99,95,5,1,0.9519231,0.99,0.97,0.9705882,51.0498
2553.553,6,31,EXOCENTRIC,seperating,HARD,test,99,80,20,1,0.8319328,0.99,0.895,0.9041096,61.83325
2583.754,6,32,EXOCENTRIC,seperating,MEDIUM,test,94,99,1,6,0.9894737,0.94,0.965,0.9641026,29.40015
2649.037,6,33,EXOCENTRIC,seperating,HARD,test,89,93,7,11,0.9270833,0.89,0.91,0.9081632,64.44995
2693.537,6,34,EXOCENTRIC,seperating,EASY,test,98,99,1,2,0.989899,0.98,0.985,0.9849247,42.71655
2709.77,6,35,EXOCENTRIC,seperating,MEDIUM,test,99,100,0,1,1,0.99,0.995,0.9949749,15.33325
2752.904,6,36,EXOCENTRIC,seperating,MEDIUM,test,93,99,1,7,0.9893617,0.93,0.96,0.9587629,41.94995
2837.72,6,37,EGOCENTRIC,denoising,EASY,training,98,143,7,2,0.9333333,0.98,0.964,0.9560975,62.6167
2888.887,6,38,EGOCENTRIC,denoising,EASY,training,98,126,24,2,0.8032787,0.98,0.896,0.8828829,40.91675
2927.704,6,39,EGOCENTRIC,denoising,MEDIUM,training,99,346,54,1,0.6470588,0.99,0.89,0.7826087,28.7334
2978.754,6,40,EGOCENTRIC,denoising,EASY,test,99,126,24,1,0.8048781,0.99,0.9,0.8878924,40.6333
3061.337,6,41,EGOCENTRIC,denoising,HARD,test,93,594,56,7,0.6241611,0.93,0.916,0.7469879,58.18335
3095.537,6,42,EGOCENTRIC,denoising,EASY,test,97,128,22,3,0.8151261,0.97,0.9,0.8858448,33.1001
3127.054,6,43,EGOCENTRIC,denoising,HARD,test,99,558,92,1,0.5183246,0.99,0.876,0.6804124,30.68335
3157.587,6,44,EGOCENTRIC,denoising,EASY,test,96,141,9,4,0.9142857,0.96,0.948,0.9365854,29.68335
3199.437,6,45,EGOCENTRIC,denoising,MEDIUM,test,96,368,32,4,0.75,0.96,0.928,0.8421052,41.03345
3249.254,6,46,EGOCENTRIC,denoising,HARD,test,95,572,78,5,0.5491329,0.95,0.8893333,0.6959707,48.96655
3295.837,6,47,EGOCENTRIC,denoising,MEDIUM,test,98,372,28,2,0.7777778,0.98,0.94,0.8672566,45.73315
3421.487,6,48,EGOCENTRIC,denoising,HARD,test,96,609,41,4,0.7007299,0.96,0.94,0.8101265,61.31689
3464.587,6,49,EGOCENTRIC,denoising,MEDIUM,test,98,362,38,2,0.7205882,0.98,0.92,0.8305085,42
3509.737,6,50,EGOCENTRIC,denoising,MEDIUM,test,85,391,9,15,0.9042553,0.85,0.952,0.8762887,43.5166
3539.404,6,51,EGOCENTRIC,denoising,MEDIUM,test,89,377,23,11,0.7946429,0.89,0.932,0.8396227,27.84985
3562.254,6,52,EGOCENTRIC,denoising,EASY,test,99,132,18,1,0.8461539,0.99,0.924,0.9124424,22.05005
3600.837,6,53,EGOCENTRIC,denoising,EASY,test,96,134,16,4,0.8571429,0.96,0.92,0.9056604,37.81689
3637.987,6,54,EGOCENTRIC,denoising,HARD,test,93,617,33,7,0.7380952,0.93,0.9466667,0.8230088,36.4834
3940.537,6,55,EXOCENTRIC,denoising,EASY,training,0,150,0,100,0,0,0.6,0,3.800049
3942.654,6,56,EXOCENTRIC,denoising,EASY,training,0,150,0,100,0,0,0.6,0,0.8334961
3944.82,6,57,EXOCENTRIC,denoising,MEDIUM,training,0,400,0,100,0,0,0.8,0,0.8166504
3948.521,6,58,EXOCENTRIC,denoising,MEDIUM,test,0,400,0,100,0,0,0.8,0,1.650146
3949.17,6,59,EXOCENTRIC,denoising,EASY,test,0,150,0,100,0,0,0.6,0,0.1833496
3949.554,6,60,EXOCENTRIC,denoising,EASY,test,0,150,0,100,0,0,0.6,0,0.1833496
3949.937,6,61,EXOCENTRIC,denoising,HARD,test,0,650,0,100,0,0,0.8666667,0,0.1833496
3950.337,6,62,EXOCENTRIC,denoising,MEDIUM,test,0,400,0,100,0,0,0.8,0,0.2001953
3950.904,6,63,EXOCENTRIC,denoising,HARD,test,0,650,0,100,0,0,0.8666667,0,0.2666016
3951.654,6,64,EXOCENTRIC,denoising,MEDIUM,test,0,400,0,100,0,0,0.8,0,0.3666992
3952.437,6,65,EXOCENTRIC,denoising,HARD,test,0,650,0,100,0,0,0.8666667,0,0.3999023
3955.237,6,66,EXOCENTRIC,denoising,HARD,test,0,650,0,100,0,0,0.8666667,0,1.449951
3955.637,6,67,EXOCENTRIC,denoising,MEDIUM,test,0,400,0,100,0,0,0.8,0,0.2001953
3956.07,6,68,EXOCENTRIC,denoising,EASY,test,0,150,0,100,0,0,0.6,0,0.2165527
3956.504,6,69,EXOCENTRIC,denoising,HARD,test,0,650,0,100,0,0,0.8666667,0,0.1999512
3957.437,6,70,EXOCENTRIC,denoising,MEDIUM,test,0,400,0,100,0,0,0.8,0,0.6999512
3958.387,6,71,EXOCENTRIC,denoising,EASY,test,0,150,0,100,0,0,0.6,0,0.5498047
3959.237,6,72,EXOCENTRIC,denoising,EASY,test,0,150,0,100,0,0,0.6,0,0.4833984
94.43668,7,1,EGOCENTRIC,denoising,EASY,training,1,150,0,99,1,0.01,0.604,0.01980198,18.93314
128.3033,7,2,EGOCENTRIC,denoising,EASY,training,98,126,24,2,0.8032787,0.98,0.896,0.8828829,26.84999
161.6867,7,3,EGOCENTRIC,denoising,MEDIUM,training,88,377,23,12,0.7927928,0.88,0.93,0.8341232,28.01666
216.7867,7,4,EGOCENTRIC,denoising,MEDIUM,test,81,378,22,19,0.7864078,0.81,0.918,0.7980295,45.35001
250.2701,7,5,EGOCENTRIC,denoising,EASY,test,91,135,15,9,0.8584906,0.91,0.904,0.8834952,32.3168
281.8367,7,6,EGOCENTRIC,denoising,EASY,test,85,138,12,15,0.8762887,0.85,0.892,0.8629442,30.68336
312.8534,7,7,EGOCENTRIC,denoising,MEDIUM,test,86,369,31,14,0.7350428,0.86,0.91,0.7926268,29.86664
366.5534,7,8,EGOCENTRIC,denoising,HARD,test,84,598,52,16,0.6176471,0.84,0.9093333,0.7118644,52.60001
405.8701,7,9,EGOCENTRIC,denoising,EASY,test,89,141,9,11,0.9081632,0.89,0.92,0.8989899,38.35004
481.9201,7,10,EGOCENTRIC,denoising,MEDIUM,test,85,386,14,15,0.8585858,0.85,0.942,0.8542714,75.15005
540.3033,7,11,EGOCENTRIC,denoising,EASY,test,93,147,3,7,0.96875,0.93,0.96,0.9489796,57.36664
605.3701,7,12,EGOCENTRIC,denoising,EASY,test,96,144,6,4,0.9411765,0.96,0.96,0.9504951,60.78333
684.3367,7,13,EGOCENTRIC,denoising,HARD,test,87,622,28,13,0.7565218,0.87,0.9453334,0.8093023,77.88336
759.7368,7,14,EGOCENTRIC,denoising,MEDIUM,test,86,388,12,14,0.877551,0.86,0.948,0.8686869,74.20001
857.8368,7,15,EGOCENTRIC,denoising,HARD,test,88,618,32,12,0.7333333,0.88,0.9413334,0.8,96.91669
940.2868,7,16,EGOCENTRIC,denoising,MEDIUM,test,90,384,16,10,0.8490566,0.9,0.948,0.8737864,81.51672
1025.12,7,17,EGOCENTRIC,denoising,HARD,test,92,633,17,8,0.8440367,0.92,0.9666666,0.8803828,83.51672
1119.07,7,18,EGOCENTRIC,denoising,HARD,test,84,639,11,16,0.8842105,0.84,0.964,0.8615385,92.73328
1143.62,7,19,EXOCENTRIC,denoising,EASY,training,97,135,15,3,0.8660714,0.97,0.928,0.9150943,15.25
1161.887,7,20,EXOCENTRIC,denoising,EASY,training,82,136,14,18,0.8541667,0.82,0.872,0.8367347,13.46667
1181.52,7,21,EXOCENTRIC,denoising,MEDIUM,training,97,348,52,3,0.6510067,0.97,0.89,0.7791165,14.43335
1208.52,7,22,EXOCENTRIC,denoising,EASY,test,92,137,13,8,0.8761905,0.92,0.916,0.897561,18.53333
1223.12,7,23,EXOCENTRIC,denoising,MEDIUM,test,94,381,19,6,0.8318584,0.94,0.95,0.8826291,13.68335
1261.087,7,24,EXOCENTRIC,denoising,HARD,test,87,637,13,13,0.87,0.87,0.9653333,0.87,37.01672
1304.77,7,25,EXOCENTRIC,denoising,HARD,test,98,634,16,2,0.8596491,0.98,0.976,0.9158878,42.34998
1347.403,7,26,EXOCENTRIC,denoising,MEDIUM,test,90,388,12,10,0.8823529,0.9,0.956,0.8910891,41.44995
1397.487,7,27,EXOCENTRIC,denoising,MEDIUM,test,98,386,14,2,0.875,0.98,0.968,0.9245283,48.90002
1463.57,7,28,EXOCENTRIC,denoising,HARD,test,94,633,17,6,0.8468468,0.94,0.9693334,0.8909952,65.18335
1516.004,7,29,EXOCENTRIC,denoising,HARD,test,87,626,24,13,0.7837838,0.87,0.9506667,0.8246446,51.30005
1564.637,7,30,EXOCENTRIC,denoising,EASY,test,90,147,3,10,0.9677419,0.9,0.948,0.9326425,45.65002
1627.77,7,31,EXOCENTRIC,denoising,HARD,test,93,629,21,7,0.8157895,0.93,0.9626667,0.8691589,61.46667
1673.303,7,32,EXOCENTRIC,denoising,MEDIUM,test,85,394,6,15,0.9340659,0.85,0.958,0.8900524,44.5166
1723.904,7,33,EXOCENTRIC,denoising,MEDIUM,test,89,391,9,11,0.9081632,0.89,0.96,0.8989899,49.8667
1758.904,7,34,EXOCENTRIC,denoising,EASY,test,97,141,9,3,0.9150943,0.97,0.952,0.9417475,33.91675
1800.554,7,35,EXOCENTRIC,denoising,EASY,test,93,148,2,7,0.9789473,0.93,0.964,0.9538462,40.75
1845.787,7,36,EXOCENTRIC,denoising,EASY,test,95,144,6,5,0.9405941,0.95,0.956,0.9452736,44.03333
1883.32,7,37,EGOCENTRIC,seperating,EASY,training,100,100,0,0,1,1,1,1,24.71655
1905.87,7,38,EGOCENTRIC,seperating,EASY,training,99,100,0,1,1,0.99,0.995,0.9949749,20.45007
1933.22,7,39,EGOCENTRIC,seperating,MEDIUM,training,99,98,2,1,0.980198,0.99,0.985,0.9850746,25.1333
1969.887,7,40,EGOCENTRIC,seperating,MEDIUM,test,95,100,0,5,1,0.95,0.975,0.9743589,32.59998
2001.254,7,41,EGOCENTRIC,seperating,MEDIUM,test,96,99,1,4,0.9896907,0.96,0.975,0.9746193,30.45007
2037.237,7,42,EGOCENTRIC,seperating,MEDIUM,test,97,97,3,3,0.97,0.97,0.97,0.97,35.06677
2063.254,7,43,EGOCENTRIC,seperating,EASY,test,100,99,1,0,0.990099,1,0.995,0.9950249,25.18347
2091.803,7,44,EGOCENTRIC,seperating,EASY,test,98,100,0,2,1,0.98,0.99,0.989899,27.4165
2144.837,7,45,EGOCENTRIC,seperating,HARD,test,99,88,12,1,0.8918919,0.99,0.935,0.9383886,52.08325
2212.787,7,46,EGOCENTRIC,seperating,HARD,test,88,95,5,12,0.9462366,0.88,0.915,0.9119172,67.3667
2259.67,7,47,EGOCENTRIC,seperating,MEDIUM,test,97,99,1,3,0.9897959,0.97,0.98,0.979798,46.06689
2310.303,7,48,EGOCENTRIC,seperating,MEDIUM,test,96,98,2,4,0.9795918,0.96,0.97,0.9696969,47.96655
2362.204,7,49,EGOCENTRIC,seperating,HARD,test,97,85,15,3,0.8660714,0.97,0.91,0.9150943,50.9834
2387.537,7,50,EGOCENTRIC,seperating,EASY,test,99,97,3,1,0.9705882,0.99,0.98,0.980198,24.34985
2439.07,7,51,EGOCENTRIC,seperating,HARD,test,88,94,6,12,0.9361702,0.88,0.91,0.9072165,49.7334
2473.887,7,52,EGOCENTRIC,seperating,EASY,test,97,100,0,3,1,0.97,0.985,0.9847716,33.9834
2521.204,7,53,EGOCENTRIC,seperating,HARD,test,95,93,7,5,0.9313725,0.95,0.94,0.9405941,45.8999
2553.287,7,54,EGOCENTRIC,seperating,EASY,test,100,100,0,0,1,1,1,1,31.19995
2586.77,7,55,EXOCENTRIC,seperating,EASY,training,100,100,0,0,1,1,1,1,23.7334
2612.92,7,56,EXOCENTRIC,seperating,EASY,training,99,99,1,1,0.99,0.99,0.99,0.99,24.49976
2644.57,7,57,EXOCENTRIC,seperating,MEDIUM,training,98,98,2,2,0.98,0.98,0.98,0.98,30.1001
2677.72,7,58,EXOCENTRIC,seperating,HARD,test,93,95,5,7,0.9489796,0.93,0.94,0.9393939,29.6333
2692.204,7,59,EXOCENTRIC,seperating,EASY,test,99,100,0,1,1,0.99,0.995,0.9949749,13.69995
2724.687,7,60,EXOCENTRIC,seperating,MEDIUM,test,99,98,2,1,0.980198,0.99,0.985,0.9850746,31.7168
2763.787,7,61,EXOCENTRIC,seperating,HARD,test,90,91,9,10,0.9090909,0.9,0.905,0.9045227,38.59985
2797.787,7,62,EXOCENTRIC,seperating,MEDIUM,test,94,99,1,6,0.9894737,0.94,0.965,0.9641026,32.69995
2832.154,7,63,EXOCENTRIC,seperating,MEDIUM,test,99,91,9,1,0.9166667,0.99,0.95,0.9519231,33.0332
2892.437,7,64,EXOCENTRIC,seperating,HARD,test,90,96,4,10,0.9574468,0.9,0.93,0.927835,59.1001
2909.57,7,65,EXOCENTRIC,seperating,MEDIUM,test,97,93,7,3,0.9326923,0.97,0.95,0.9509804,16.16675
2931.77,7,66,EXOCENTRIC,seperating,EASY,test,98,100,0,2,1,0.98,0.99,0.989899,20.06665
2994.004,7,67,EXOCENTRIC,seperating,HARD,test,89,94,6,11,0.9368421,0.89,0.915,0.9128205,61.3999
3015.02,7,68,EXOCENTRIC,seperating,MEDIUM,test,99,100,0,1,1,0.99,0.995,0.9949749,19.96655
3052.57,7,69,EXOCENTRIC,seperating,HARD,test,90,89,11,10,0.8910891,0.9,0.895,0.8955224,36.4834
3069.504,7,70,EXOCENTRIC,seperating,EASY,test,98,100,0,2,1,0.98,0.99,0.989899,16.2832
3085.42,7,71,EXOCENTRIC,seperating,EASY,test,100,100,0,0,1,1,1,1,14.9834
3098.087,7,72,EXOCENTRIC,seperating,EASY,test,100,100,0,0,1,1,1,1,11.83325
129.1033,8,1,EXOCENTRIC,seperating,EASY,training,57,38,62,43,0.4789916,0.57,0.475,0.520548,96.14999
208.9533,8,2,EXOCENTRIC,seperating,EASY,training,91,6,94,9,0.4918919,0.91,0.485,0.6385965,73.18335
224.97,8,3,EXOCENTRIC,seperating,MEDIUM,training,100,0,100,0,0.5,1,0.5,0.6666667,14.05005
287.5534,8,4,EXOCENTRIC,seperating,HARD,test,91,97,3,9,0.9680851,0.91,0.94,0.9381443,31.53336
308.6368,8,5,EXOCENTRIC,seperating,MEDIUM,test,98,99,1,2,0.989899,0.98,0.985,0.9849247,19.10016
417.6867,8,6,EXOCENTRIC,seperating,HARD,test,100,78,22,0,0.8196721,1,0.89,0.9009009,106.4334
449.7534,8,7,EXOCENTRIC,seperating,EASY,test,100,97,3,0,0.9708738,1,0.985,0.9852216,31
503.6534,8,8,EXOCENTRIC,seperating,MEDIUM,test,99,93,7,1,0.9339623,0.99,0.96,0.961165,52.68332
567.5201,8,9,EXOCENTRIC,seperating,MEDIUM,test,99,93,7,1,0.9339623,0.99,0.96,0.961165,62.7666
657.7701,8,10,EXOCENTRIC,seperating,HARD,test,95,88,12,5,0.8878505,0.95,0.915,0.9178744,89.33337
721.5867,8,11,EXOCENTRIC,seperating,HARD,test,95,92,8,5,0.9223301,0.95,0.935,0.9359606,62.98328
832.7034,8,12,EXOCENTRIC,seperating,EASY,test,99,100,0,1,1,0.99,0.995,0.9949749,30.70001
975.9034,8,13,EXOCENTRIC,seperating,HARD,test,93,97,3,7,0.96875,0.93,0.95,0.9489796,142.05
1019.037,8,14,EXOCENTRIC,seperating,EASY,test,100,94,6,0,0.9433962,1,0.97,0.9708738,41.70001
1058.27,8,15,EXOCENTRIC,seperating,EASY,test,99,100,0,1,1,0.99,0.995,0.9949749,38.40002
1143.52,8,16,EXOCENTRIC,seperating,MEDIUM,test,96,97,3,4,0.969697,0.96,0.965,0.9648241,84.25
1183.637,8,17,EXOCENTRIC,seperating,MEDIUM,test,94,98,2,6,0.9791667,0.94,0.96,0.9591837,39.15002
1207.07,8,18,EXOCENTRIC,seperating,EASY,test,99,100,0,1,1,0.99,0.995,0.9949749,22.51672
1265.987,8,19,EGOCENTRIC,seperating,EASY,training,99,100,0,1,1,0.99,0.995,0.9949749,31.91675
1306.12,8,20,EGOCENTRIC,seperating,EASY,training,98,100,0,2,1,0.98,0.99,0.989899,36.05005
1381.637,8,21,EGOCENTRIC,seperating,MEDIUM,training,99,55,45,1,0.6875,0.99,0.77,0.8114754,73.21667
1421.803,8,22,EGOCENTRIC,seperating,MEDIUM,test,100,93,7,0,0.9345794,1,0.965,0.9661836,20.53333
1469.653,8,23,EGOCENTRIC,seperating,MEDIUM,test,91,99,1,9,0.9891304,0.91,0.95,0.9479167,45.8833
1507.37,8,24,EGOCENTRIC,seperating,MEDIUM,test,98,97,3,2,0.970297,0.98,0.975,0.9751244,36.69995
1549.004,8,25,EGOCENTRIC,seperating,HARD,test,97,83,17,3,0.8508772,0.97,0.9,0.9065421,40.66675
1609.953,8,26,EGOCENTRIC,seperating,HARD,test,94,90,10,6,0.9038461,0.94,0.92,0.9215686,60.03333
1665.354,8,27,EGOCENTRIC,seperating,EASY,test,98,97,3,2,0.970297,0.98,0.975,0.9751244,54.78333
1706.97,8,28,EGOCENTRIC,seperating,MEDIUM,test,97,86,14,3,0.8738739,0.97,0.915,0.9194313,40.68335
1736.687,8,29,EGOCENTRIC,seperating,EASY,test,99,99,1,1,0.99,0.99,0.99,0.99,28.88342
1917.537,8,30,EGOCENTRIC,seperating,EASY,test,100,99,1,0,0.990099,1,0.995,0.9950249,23.69995
1973.587,8,31,EGOCENTRIC,seperating,HARD,test,96,80,20,4,0.8275862,0.96,0.88,0.8888889,55.1333
2006.904,8,32,EGOCENTRIC,seperating,EASY,test,98,95,5,2,0.9514563,0.98,0.965,0.9655172,32.56677
2029.537,8,33,EGOCENTRIC,seperating,MEDIUM,test,99,98,2,1,0.980198,0.99,0.985,0.9850746,21.73328
2064.553,8,34,EGOCENTRIC,seperating,HARD,test,80,93,7,20,0.9195402,0.8,0.865,0.855615,34.18323
2121.803,8,35,EGOCENTRIC,seperating,HARD,test,92,92,8,8,0.92,0.92,0.92,0.92,56.30005
2187.303,8,36,EGOCENTRIC,seperating,EASY,test,100,99,1,0,0.990099,1,0.995,0.9950249,64
2242.72,8,37,EXOCENTRIC,denoising,EASY,training,89,142,8,11,0.9175258,0.89,0.924,0.9035533,31.88306
2283.487,8,38,EXOCENTRIC,denoising,EASY,training,98,135,15,2,0.8672566,0.98,0.932,0.9201878,20.4165
2303.52,8,39,EXOCENTRIC,denoising,MEDIUM,training,96,375,25,4,0.7933884,0.96,0.942,0.8687783,11.0166
2330.22,8,40,EXOCENTRIC,denoising,MEDIUM,test,87,372,28,13,0.7565218,0.87,0.918,0.8093023,18.3667
2349.604,8,41,EXOCENTRIC,denoising,EASY,test,90,135,15,10,0.8571429,0.9,0.9,0.8780488,18.5166
2373.57,8,42,EXOCENTRIC,denoising,EASY,test,98,121,29,2,0.7716535,0.98,0.876,0.8634361,23.1499
2386.604,8,43,EXOCENTRIC,denoising,HARD,test,83,622,28,17,0.7477477,0.83,0.94,0.7867298,12.1665
2395.404,8,44,EXOCENTRIC,denoising,MEDIUM,test,88,371,29,12,0.7521368,0.88,0.918,0.8110599,7.966797
2460.837,8,45,EXOCENTRIC,denoising,MEDIUM,test,92,394,6,8,0.9387755,0.92,0.972,0.9292929,64.81665
2498.887,8,46,EXOCENTRIC,denoising,MEDIUM,test,83,392,8,17,0.9120879,0.83,0.95,0.86911,37.19995
2516.27,8,47,EXOCENTRIC,denoising,EASY,test,90,145,5,10,0.9473684,0.9,0.94,0.9230769,16.5
2629.087,8,48,EXOCENTRIC,denoising,EASY,test,63,145,5,37,0.9264706,0.63,0.832,0.7499999,22.16675
2661.62,8,49,EXOCENTRIC,denoising,HARD,test,73,646,4,27,0.9480519,0.73,0.9586667,0.8248588,31.46655
2680.937,8,50,EXOCENTRIC,denoising,HARD,test,90,633,17,10,0.8411215,0.9,0.964,0.8695652,18.28345
2700.287,8,51,EXOCENTRIC,denoising,HARD,test,83,612,38,17,0.6859504,0.83,0.9266667,0.7511312,18.5332
2727.354,8,52,EXOCENTRIC,denoising,HARD,test,85,639,11,15,0.8854167,0.85,0.9653333,0.867347,26.09985
2744.72,8,53,EXOCENTRIC,denoising,EASY,test,71,148,2,29,0.9726027,0.71,0.876,0.8208092,16.73315
2771.37,8,54,EXOCENTRIC,denoising,MEDIUM,test,70,389,11,30,0.8641976,0.7,0.918,0.7734807,25.66675
2870.437,8,55,EGOCENTRIC,denoising,EASY,training,84,133,17,16,0.8316832,0.84,0.868,0.8358209,20.3335
2906.837,8,56,EGOCENTRIC,denoising,EASY,training,82,134,16,18,0.8367347,0.82,0.864,0.8282828,24.94995
2966.02,8,57,EGOCENTRIC,denoising,MEDIUM,training,76,382,18,24,0.8085107,0.76,0.916,0.7835051,51.83325
2991.02,8,58,EGOCENTRIC,denoising,MEDIUM,test,94,349,51,6,0.6482759,0.94,0.886,0.7673469,13.48315
3007.47,8,59,EGOCENTRIC,denoising,MEDIUM,test,78,364,36,22,0.6842105,0.78,0.884,0.728972,15.3833
3021.554,8,60,EGOCENTRIC,denoising,HARD,test,89,575,75,11,0.5426829,0.89,0.8853334,0.6742424,13.2666
3034.654,8,61,EGOCENTRIC,denoising,EASY,test,94,132,18,6,0.8392857,0.94,0.904,0.8867925,12.1665
3057.354,8,62,EGOCENTRIC,denoising,HARD,test,86,598,52,14,0.6231884,0.86,0.912,0.722689,21.7998
3073.02,8,63,EGOCENTRIC,denoising,MEDIUM,test,78,371,29,22,0.728972,0.78,0.898,0.7536232,14.84985
3094.22,8,64,EGOCENTRIC,denoising,MEDIUM,test,70,383,17,30,0.8045977,0.7,0.906,0.7486631,20.25
3104.304,8,65,EGOCENTRIC,denoising,EASY,test,82,145,5,18,0.9425287,0.82,0.908,0.8770053,8.949951
3182.504,8,66,EGOCENTRIC,denoising,EASY,test,90,134,16,10,0.8490566,0.9,0.896,0.8737864,17.6167
3200.82,8,67,EGOCENTRIC,denoising,MEDIUM,test,92,340,60,8,0.6052632,0.92,0.864,0.7301587,17.21655
3216.204,8,68,EGOCENTRIC,denoising,HARD,test,85,571,79,15,0.5182927,0.85,0.8746667,0.6439394,14.5
3229.27,8,69,EGOCENTRIC,denoising,EASY,test,92,127,23,8,0.8,0.92,0.876,0.855814,12.18335
3240.12,8,70,EGOCENTRIC,denoising,EASY,test,91,134,16,9,0.8504673,0.91,0.9,0.879227,9.850098
3256.637,8,71,EGOCENTRIC,denoising,HARD,test,86,608,42,14,0.671875,0.86,0.9253333,0.7543859,15.6333
3276.304,8,72,EGOCENTRIC,denoising,HARD,test,85,539,111,15,0.4336735,0.85,0.832,0.5743243,18.8501
150.02,9,1,EXOCENTRIC,denoising,EASY,training,11,147,3,89,0.7857143,0.11,0.632,0.1929825,66.25005
279.62,9,2,EXOCENTRIC,denoising,EASY,training,95,138,12,5,0.8878505,0.95,0.932,0.9178744,112.0333
383.7867,9,3,EXOCENTRIC,denoising,MEDIUM,training,70,400,0,30,1,0.7,0.94,0.8235294,97.85004
481.5534,9,4,EXOCENTRIC,denoising,EASY,test,84,147,3,16,0.9655172,0.84,0.924,0.8983957,80.18335
576.5533,9,5,EXOCENTRIC,denoising,MEDIUM,test,93,387,13,7,0.8773585,0.93,0.96,0.9029126,93.34998
682.7701,9,6,EXOCENTRIC,denoising,MEDIUM,test,83,392,8,17,0.9120879,0.83,0.95,0.86911,105.25
735.5201,9,7,EXOCENTRIC,denoising,EASY,test,96,145,5,4,0.9504951,0.96,0.964,0.9552239,51.88336
796.5035,9,8,EXOCENTRIC,denoising,EASY,test,89,144,6,11,0.9368421,0.89,0.932,0.9128205,60.2334
861.3534,9,9,EXOCENTRIC,denoising,MEDIUM,test,84,394,6,16,0.9333333,0.84,0.956,0.8842105,64.13336
920.4701,9,10,EXOCENTRIC,denoising,HARD,test,65,641,9,35,0.8783784,0.65,0.9413334,0.7471264,58.33331
1019.453,9,11,EXOCENTRIC,denoising,EASY,test,86,145,5,14,0.9450549,0.86,0.924,0.9005236,97.85004
1131.037,9,12,EXOCENTRIC,denoising,HARD,test,93,638,12,7,0.8857143,0.93,0.9746667,0.907317,65.81653
1216.337,9,13,EXOCENTRIC,denoising,HARD,test,88,633,17,12,0.8380952,0.88,0.9613333,0.8585365,84.46667
1304.287,9,14,EXOCENTRIC,denoising,HARD,test,86,639,11,14,0.8865979,0.86,0.9666666,0.8730964,87.41663
1367.52,9,15,EXOCENTRIC,denoising,EASY,test,89,148,2,11,0.978022,0.89,0.948,0.9319372,62.4834
1416.337,9,16,EXOCENTRIC,denoising,MEDIUM,test,82,390,10,18,0.8913044,0.82,0.944,0.8541666,48.25
1464.303,9,17,EXOCENTRIC,denoising,MEDIUM,test,92,394,6,8,0.9387755,0.92,0.972,0.9292929,47.40002
1540.553,9,18,EXOCENTRIC,denoising,HARD,test,87,634,16,13,0.8446602,0.87,0.9613333,0.8571429,75.55005
1663.437,9,19,EGOCENTRIC,denoising,EASY,training,92,144,6,8,0.9387755,0.92,0.944,0.9292929,106.3501
1742.303,9,20,EGOCENTRIC,denoising,EASY,training,87,148,2,13,0.9775281,0.87,0.94,0.9206349,65.48328
1821.453,9,21,EGOCENTRIC,denoising,MEDIUM,training,90,385,15,10,0.8571429,0.9,0.95,0.8780488,70.73328
1913.404,9,22,EGOCENTRIC,denoising,HARD,test,84,638,12,16,0.875,0.84,0.9626667,0.8571429,78.43335
2019.42,9,23,EGOCENTRIC,denoising,HARD,test,84,642,8,16,0.9130435,0.84,0.968,0.875,104.95
2099.954,9,24,EGOCENTRIC,denoising,MEDIUM,test,87,394,6,13,0.9354839,0.87,0.962,0.9015545,79.8501
2163.737,9,25,EGOCENTRIC,denoising,MEDIUM,test,75,395,5,25,0.9375,0.75,0.94,0.8333333,63.0332
2225.704,9,26,EGOCENTRIC,denoising,EASY,test,77,147,3,23,0.9625,0.77,0.896,0.8555555,61.43335
2318.837,9,27,EGOCENTRIC,denoising,HARD,test,73,642,8,27,0.9012346,0.73,0.9533333,0.8066298,92.6333
2408.304,9,28,EGOCENTRIC,denoising,EASY,test,71,150,0,29,1,0.71,0.884,0.8304093,88.6001
2475.77,9,29,EGOCENTRIC,denoising,EASY,test,91,146,4,9,0.9578947,0.91,0.948,0.9333333,66.2334
2647.804,9,30,EGOCENTRIC,denoising,MEDIUM,test,94,379,21,6,0.8173913,0.94,0.946,0.8744186,49.55005
2730.387,9,31,EGOCENTRIC,denoising,HARD,test,88,638,12,12,0.88,0.88,0.968,0.88,82.08325
2786.487,9,32,EGOCENTRIC,denoising,EASY,test,90,139,11,10,0.8910891,0.9,0.916,0.8955224,55.6167
2837.387,9,33,EGOCENTRIC,denoising,MEDIUM,test,66,395,5,34,0.9295775,0.66,0.922,0.7719299,49.8667
2902.92,9,34,EGOCENTRIC,denoising,MEDIUM,test,76,394,6,24,0.9268293,0.76,0.94,0.8351648,64.5332
2938.604,9,35,EGOCENTRIC,denoising,EASY,test,78,146,4,22,0.9512195,0.78,0.896,0.8571428,34.9165
2991.67,9,36,EGOCENTRIC,denoising,HARD,test,72,642,8,28,0.9,0.72,0.952,0.8,52.6167
3068.27,9,37,EXOCENTRIC,seperating,EASY,training,97,100,0,3,1,0.97,0.985,0.9847716,46.0332
3093.937,9,38,EXOCENTRIC,seperating,EASY,training,99,100,0,1,1,0.99,0.995,0.9949749,17.69995
3110.354,9,39,EXOCENTRIC,seperating,MEDIUM,training,96,97,3,4,0.969697,0.96,0.965,0.9648241,15.13354
3140.904,9,40,EXOCENTRIC,seperating,HARD,test,94,94,6,6,0.94,0.94,0.94,0.94,24.3999
3166.437,9,41,EXOCENTRIC,seperating,EASY,test,100,98,2,0,0.9803922,1,0.99,0.990099,24.8501
3191.854,9,42,EXOCENTRIC,seperating,EASY,test,98,99,1,2,0.989899,0.98,0.985,0.9849247,24.88354
3219.12,9,43,EXOCENTRIC,seperating,HARD,test,95,93,7,5,0.9313725,0.95,0.94,0.9405941,26.65015
3248.72,9,44,EXOCENTRIC,seperating,EASY,test,97,100,0,3,1,0.97,0.985,0.9847716,28.66675
3270.52,9,45,EXOCENTRIC,seperating,EASY,test,99,99,1,1,0.99,0.99,0.99,0.99,20.9165
3294.154,9,46,EXOCENTRIC,seperating,MEDIUM,test,100,95,5,0,0.952381,1,0.975,0.9756098,22.1499
3313.487,9,47,EXOCENTRIC,seperating,HARD,test,99,88,12,1,0.8918919,0.99,0.935,0.9383886,18.8501
3470.82,9,48,EXOCENTRIC,seperating,MEDIUM,test,96,97,3,4,0.969697,0.96,0.965,0.9648241,33.8999
3500.62,9,49,EXOCENTRIC,seperating,MEDIUM,test,100,96,4,0,0.9615384,1,0.98,0.9803922,29.06665
3522.987,9,50,EXOCENTRIC,seperating,HARD,test,92,92,8,8,0.92,0.92,0.92,0.92,20.9834
3543.27,9,51,EXOCENTRIC,seperating,MEDIUM,test,100,97,3,0,0.9708738,1,0.985,0.9852216,19.73315
3573.17,9,52,EXOCENTRIC,seperating,HARD,test,92,91,9,8,0.9108911,0.92,0.915,0.9154229,29.28345
3584.987,9,53,EXOCENTRIC,seperating,EASY,test,100,98,2,0,0.9803922,1,0.99,0.990099,10.26685
3608.487,9,54,EXOCENTRIC,seperating,MEDIUM,test,100,95,5,0,0.952381,1,0.975,0.9756098,23.03345
3657.337,9,55,EGOCENTRIC,seperating,EASY,training,100,99,1,0,0.990099,1,0.995,0.9950249,30.66675
3680.771,9,56,EGOCENTRIC,seperating,EASY,training,99,100,0,1,1,0.99,0.995,0.9949749,21.15015
3719.87,9,57,EGOCENTRIC,seperating,MEDIUM,training,100,94,6,0,0.9433962,1,0.97,0.9708738,37.96655
3746.32,9,58,EGOCENTRIC,seperating,MEDIUM,test,99,96,4,1,0.9611651,0.99,0.975,0.9753695,20.2832
3770.47,9,59,EGOCENTRIC,seperating,EASY,test,98,96,4,2,0.9607843,0.98,0.97,0.970297,23.65015
3821.104,9,60,EGOCENTRIC,seperating,HARD,test,95,85,15,5,0.8636364,0.95,0.9,0.9047619,50.03345
3841.137,9,61,EGOCENTRIC,seperating,MEDIUM,test,99,92,8,1,0.9252337,0.99,0.955,0.9565218,19.43335
3851.12,9,62,EGOCENTRIC,seperating,EASY,test,100,100,0,0,1,1,1,1,9.483154
3887.771,9,63,EGOCENTRIC,seperating,HARD,test,89,94,6,11,0.9368421,0.89,0.915,0.9128205,36
3909.687,9,64,EGOCENTRIC,seperating,HARD,test,83,99,1,17,0.9880952,0.83,0.91,0.9021739,21.48315
3924.954,9,65,EGOCENTRIC,seperating,MEDIUM,test,100,98,2,0,0.9803922,1,0.99,0.990099,14.5332
4073.187,9,66,EGOCENTRIC,seperating,EASY,test,99,100,0,1,1,0.99,0.995,0.9949749,25.5166
4094.72,9,67,EGOCENTRIC,seperating,MEDIUM,test,97,97,3,3,0.97,0.97,0.97,0.97,21.03345
4127.787,9,68,EGOCENTRIC,seperating,HARD,test,91,92,8,9,0.9191919,0.91,0.915,0.9145729,32.46655
4151.32,9,69,EGOCENTRIC,seperating,EASY,test,99,100,0,1,1,0.99,0.995,0.9949749,22.96631
4170.787,9,70,EGOCENTRIC,seperating,MEDIUM,test,97,96,4,3,0.9603961,0.97,0.965,0.9651741,18.75
4185.804,9,71,EGOCENTRIC,seperating,EASY,test,100,100,0,0,1,1,1,1,14.5332
4226.037,9,72,EGOCENTRIC,seperating,HARD,test,92,91,9,8,0.9108911,0.92,0.915,0.9154229,39.7002
129.1867,10,1,EGOCENTRIC,seperating,EASY,training,100,0,100,0,0.5,1,0.5,0.6666667,58.24999
317.9701,10,2,EGOCENTRIC,seperating,EASY,training,59,99,1,41,0.9833333,0.59,0.79,0.7375,181.0834
402.2034,10,3,EGOCENTRIC,seperating,MEDIUM,training,53,98,2,47,0.9636363,0.53,0.755,0.6838709,75.33337
558.7201,10,4,EGOCENTRIC,seperating,MEDIUM,test,57,42,58,43,0.4956522,0.57,0.495,0.5302325,148.1334
639.2368,10,5,EGOCENTRIC,seperating,MEDIUM,test,67,58,42,33,0.6146789,0.67,0.625,0.6411483,77.96667
754.0701,10,6,EGOCENTRIC,seperating,HARD,test,50,36,64,50,0.4385965,0.5,0.43,0.4672897,111.8167
890.5201,10,7,EGOCENTRIC,seperating,MEDIUM,test,60,63,37,40,0.6185567,0.6,0.615,0.6091371,135.3
936.1534,10,8,EGOCENTRIC,seperating,HARD,test,70,44,56,30,0.5555556,0.7,0.57,0.619469,43.63342
967.9034,10,9,EGOCENTRIC,seperating,EASY,test,98,100,0,2,1,0.98,0.99,0.989899,31.00006
1010.203,10,10,EGOCENTRIC,seperating,EASY,test,64,97,3,36,0.9552239,0.64,0.805,0.766467,41.6333
1048.17,10,11,EGOCENTRIC,seperating,HARD,test,54,49,51,46,0.5142857,0.54,0.515,0.5268293,37.26672
1088.37,10,12,EGOCENTRIC,seperating,EASY,test,96,100,0,4,1,0.96,0.98,0.9795918,21.55005
1194.42,10,13,EGOCENTRIC,seperating,MEDIUM,test,68,46,54,32,0.557377,0.68,0.57,0.6126126,104.9
1210.053,10,14,EGOCENTRIC,seperating,MEDIUM,test,60,65,35,40,0.6315789,0.6,0.625,0.6153846,14.23328
1232.17,10,15,EGOCENTRIC,seperating,EASY,test,95,92,8,5,0.9223301,0.95,0.935,0.9359606,21.2334
1267.47,10,16,EGOCENTRIC,seperating,HARD,test,65,52,48,35,0.5752212,0.65,0.585,0.6103287,34.59998
1292.237,10,17,EGOCENTRIC,seperating,EASY,test,100,100,0,0,1,1,1,1,24.03333
1319.903,10,18,EGOCENTRIC,seperating,HARD,test,69,65,35,31,0.6634616,0.69,0.67,0.6764706,26.23328
1419.37,10,19,EXOCENTRIC,seperating,EASY,training,99,100,0,1,1,0.99,0.995,0.9949749,15.18335
1441.354,10,20,EXOCENTRIC,seperating,EASY,training,75,39,61,25,0.5514706,0.75,0.57,0.6355932,8.950073
1465.453,10,21,EXOCENTRIC,seperating,MEDIUM,training,64,66,34,36,0.6530612,0.64,0.65,0.6464646,12.06665
1509.053,10,22,EXOCENTRIC,seperating,HARD,test,54,45,55,46,0.4954129,0.54,0.495,0.5167464,20.69995
1542.52,10,23,EXOCENTRIC,seperating,MEDIUM,test,94,100,0,6,1,0.94,0.97,0.9690722,32.40002
1556.42,10,24,EXOCENTRIC,seperating,MEDIUM,test,96,92,8,4,0.9230769,0.96,0.94,0.9411765,13.19983
1565.42,10,25,EXOCENTRIC,seperating,EASY,test,99,96,4,1,0.9611651,0.99,0.975,0.9753695,8.25
1587.17,10,26,EXOCENTRIC,seperating,HARD,test,78,96,4,22,0.9512195,0.78,0.87,0.8571428,21.18335
1600.087,10,27,EXOCENTRIC,seperating,MEDIUM,test,100,96,4,0,0.9615384,1,0.98,0.9803922,12.40015
1615.154,10,28,EXOCENTRIC,seperating,MEDIUM,test,95,95,5,5,0.95,0.95,0.95,0.95,13.66675
1627.32,10,29,EXOCENTRIC,seperating,MEDIUM,test,99,94,6,1,0.9428571,0.99,0.965,0.9658537,11.45007
1725.387,10,30,EXOCENTRIC,seperating,EASY,test,100,96,4,0,0.9615384,1,0.98,0.9803922,10.38318
1739.004,10,31,EXOCENTRIC,seperating,EASY,test,99,100,0,1,1,0.99,0.995,0.9949749,12.8501
1757.254,10,32,EXOCENTRIC,seperating,EASY,test,100,100,0,0,1,1,1,1,17.68335
1782.737,10,33,EXOCENTRIC,seperating,EASY,test,98,98,2,2,0.98,0.98,0.98,0.98,24.5
1815.27,10,34,EXOCENTRIC,seperating,HARD,test,98,81,19,2,0.8376068,0.98,0.895,0.9032258,16.3667
1834.687,10,35,EXOCENTRIC,seperating,HARD,test,92,98,2,8,0.9787234,0.92,0.95,0.9484537,18.63342
1846.17,10,36,EXOCENTRIC,seperating,HARD,test,95,92,8,5,0.9223301,0.95,0.935,0.9359606,10.51672
1969.27,10,37,EGOCENTRIC,denoising,EASY,training,100,1,149,0,0.4016064,1,0.404,0.5730659,54.70007
2014.12,10,38,EGOCENTRIC,denoising,EASY,training,100,2,148,0,0.4032258,1,0.408,0.5747126,32.45007
2141.904,10,39,EGOCENTRIC,denoising,MEDIUM,training,96,133,267,4,0.2644628,0.96,0.458,0.4146868,97.58337
2185.987,10,40,EGOCENTRIC,denoising,MEDIUM,test,100,144,256,0,0.2808989,1,0.488,0.4385965,29.46655
2226.237,10,41,EGOCENTRIC,denoising,HARD,test,98,295,355,2,0.2163355,0.98,0.524,0.3544304,37.0332
2251.137,10,42,EGOCENTRIC,denoising,HARD,test,100,280,370,0,0.212766,1,0.5066667,0.3508772,23.41675
2260.837,10,43,EGOCENTRIC,denoising,MEDIUM,test,97,242,158,3,0.3803922,0.97,0.678,0.5464789,9.116699
2275.204,10,44,EGOCENTRIC,denoising,MEDIUM,test,98,355,45,2,0.6853147,0.98,0.906,0.8065844,13.66675
2279.787,10,45,EGOCENTRIC,denoising,HARD,test,94,444,206,6,0.3133333,0.94,0.7173333,0.47,4.050049
2296.053,10,46,EGOCENTRIC,denoising,HARD,test,100,398,252,0,0.2840909,1,0.664,0.4424779,15.58325
2307.204,10,47,EGOCENTRIC,denoising,EASY,test,94,136,14,6,0.8703704,0.94,0.92,0.9038461,10.66675
2386.987,10,48,EGOCENTRIC,denoising,EASY,test,90,113,37,10,0.7086614,0.9,0.812,0.7929515,6.783203
2392.07,10,49,EGOCENTRIC,denoising,MEDIUM,test,98,309,91,2,0.5185185,0.98,0.814,0.6782007,4.100098
2401.287,10,50,EGOCENTRIC,denoising,MEDIUM,test,93,322,78,7,0.5438597,0.93,0.83,0.6863469,7.93335
2408.287,10,51,EGOCENTRIC,denoising,HARD,test,100,537,113,0,0.4694836,1,0.8493333,0.6389776,6.133301
2420.553,10,52,EGOCENTRIC,denoising,EASY,test,99,126,24,1,0.8048781,0.99,0.9,0.8878924,11.0498
2429.987,10,53,EGOCENTRIC,denoising,EASY,test,97,125,25,3,0.795082,0.97,0.888,0.8738739,8.883301
2439.62,10,54,EGOCENTRIC,denoising,EASY,test,95,122,28,5,0.7723577,0.95,0.868,0.8520179,9.133545
2469.97,10,55,EXOCENTRIC,denoising,EASY,training,100,107,43,0,0.6993007,1,0.828,0.8230453,3.533203
2491.17,10,56,EXOCENTRIC,denoising,EASY,training,100,131,19,0,0.8403361,1,0.924,0.913242,6.183105
2498.387,10,57,EXOCENTRIC,denoising,MEDIUM,training,100,229,171,0,0.3690037,1,0.658,0.5390835,2.766602
2506.087,10,58,EXOCENTRIC,denoising,MEDIUM,test,100,175,225,0,0.3076923,1,0.55,0.4705883,2.43335
2550.47,10,59,EXOCENTRIC,denoising,MEDIUM,test,100,158,242,0,0.2923976,1,0.516,0.4524887,43.30005
2570.037,10,60,EXOCENTRIC,denoising,MEDIUM,test,100,301,99,0,0.5025126,1,0.802,0.6688963,18.75
2594.77,10,61,EXOCENTRIC,denoising,EASY,test,98,142,8,2,0.9245283,0.98,0.96,0.9514563,24.1333
2613.987,10,62,EXOCENTRIC,denoising,HARD,test,99,553,97,1,0.505102,0.99,0.8693333,0.6689189,18.6333
2624.987,10,63,EXOCENTRIC,denoising,EASY,test,97,139,11,3,0.8981481,0.97,0.944,0.9326923,10.08325
2648.72,10,64,EXOCENTRIC,denoising,HARD,test,98,562,88,2,0.5268817,0.98,0.88,0.6853147,23.23315
2682.77,10,65,EXOCENTRIC,denoising,MEDIUM,test,99,371,29,1,0.7734375,0.99,0.94,0.8684211,33.59985
2734.737,10,66,EXOCENTRIC,denoising,HARD,test,100,434,216,0,0.3164557,1,0.712,0.4807692,12.33325
2744.904,10,67,EXOCENTRIC,denoising,HARD,test,100,383,267,0,0.2724796,1,0.644,0.4282655,9.533203
2747.72,10,68,EXOCENTRIC,denoising,MEDIUM,test,100,255,145,0,0.4081633,1,0.71,0.5797101,2.050049
2751.354,10,69,EXOCENTRIC,denoising,EASY,test,98,121,29,2,0.7716535,0.98,0.876,0.8634361,2.549805
2754.504,10,70,EXOCENTRIC,denoising,EASY,test,100,121,29,0,0.7751938,1,0.884,0.8733625,2.199951
2759.704,10,71,EXOCENTRIC,denoising,EASY,test,99,129,21,1,0.825,0.99,0.912,0.9,4.766602
2775.687,10,72,EXOCENTRIC,denoising,HARD,test,100,526,124,0,0.4464286,1,0.8346667,0.6172839,14.91675
93.66995,11,1,EGOCENTRIC,denoising,EASY,training,1,139,11,99,0.08333334,0.01,0.56,0.01785714,36.81651
227.4534,11,2,EGOCENTRIC,denoising,EASY,training,32,149,1,68,0.969697,0.32,0.724,0.481203,129.2167
269.9367,11,3,EGOCENTRIC,denoising,MEDIUM,training,23,400,0,77,1,0.23,0.846,0.3739837,39.71666
327.4534,11,4,EGOCENTRIC,denoising,EASY,test,40,149,1,60,0.9756098,0.4,0.756,0.5673759,48.21664
393.12,11,5,EGOCENTRIC,denoising,MEDIUM,test,37,396,4,63,0.902439,0.37,0.866,0.5248227,63.06665
448.0867,11,6,EGOCENTRIC,denoising,HARD,test,36,634,16,64,0.6923077,0.36,0.8933333,0.4736842,53.66669
490.9034,11,7,EGOCENTRIC,denoising,MEDIUM,test,43,382,18,57,0.704918,0.43,0.85,0.5341615,41.96667
537.3701,11,8,EGOCENTRIC,denoising,EASY,test,48,145,5,52,0.9056604,0.48,0.772,0.6274509,45.5
593.0867,11,9,EGOCENTRIC,denoising,MEDIUM,test,34,397,3,66,0.9189189,0.34,0.862,0.4963504,54.68335
664.4368,11,10,EGOCENTRIC,denoising,HARD,test,36,636,14,64,0.72,0.36,0.896,0.48,70.3667
716.4534,11,11,EGOCENTRIC,denoising,EASY,test,35,150,0,65,1,0.35,0.74,0.5185185,50.90002
778.17,11,12,EGOCENTRIC,denoising,EASY,test,39,150,0,61,1,0.39,0.756,0.5611511,55.64996
866.9201,11,13,EGOCENTRIC,denoising,HARD,test,36,627,23,64,0.6101695,0.36,0.884,0.4528302,87.83337
932.0534,11,14,EGOCENTRIC,denoising,HARD,test,34,632,18,66,0.6538461,0.34,0.888,0.4473684,64.35004
976.6368,11,15,EGOCENTRIC,denoising,EASY,test,38,145,5,62,0.8837209,0.38,0.732,0.5314685,43.68335
1046.12,11,16,EGOCENTRIC,denoising,HARD,test,41,616,34,59,0.5466667,0.41,0.876,0.4685714,68.63336
1120.437,11,17,EGOCENTRIC,denoising,MEDIUM,test,44,391,9,56,0.8301887,0.44,0.87,0.5751634,73.31665
1198.37,11,18,EGOCENTRIC,denoising,MEDIUM,test,36,389,11,64,0.7659575,0.36,0.85,0.4897959,76.83337
1272.07,11,19,EXOCENTRIC,denoising,EASY,training,21,150,0,79,1,0.21,0.684,0.3471074,53.18335
1290.203,11,20,EXOCENTRIC,denoising,EASY,training,83,147,3,17,0.9651163,0.83,0.92,0.8924731,10.9834
1377.703,11,21,EXOCENTRIC,denoising,MEDIUM,training,92,383,17,8,0.8440367,0.92,0.95,0.8803828,71.81677
1443.203,11,22,EXOCENTRIC,denoising,EASY,test,100,142,8,0,0.9259259,1,0.968,0.9615384,56.81665
1559.737,11,23,EXOCENTRIC,denoising,HARD,test,95,632,18,5,0.840708,0.95,0.9693334,0.8920188,115.65
1608.97,11,24,EXOCENTRIC,denoising,HARD,test,98,625,25,2,0.796748,0.98,0.964,0.8789238,48.45007
1671.737,11,25,EXOCENTRIC,denoising,HARD,test,89,631,19,11,0.8240741,0.89,0.96,0.8557692,61.93335
1723.787,11,26,EXOCENTRIC,denoising,MEDIUM,test,79,395,5,21,0.9404762,0.79,0.948,0.8586957,51.33337
1769.87,11,27,EXOCENTRIC,denoising,MEDIUM,test,86,388,12,14,0.877551,0.86,0.948,0.8686869,45.05005
1821.72,11,28,EXOCENTRIC,denoising,MEDIUM,test,98,381,19,2,0.8376068,0.98,0.958,0.9032258,50.93335
1856.27,11,29,EXOCENTRIC,denoising,EASY,test,95,140,10,5,0.9047619,0.95,0.94,0.9268293,33.65015
1964.987,11,30,EXOCENTRIC,denoising,HARD,test,77,635,15,23,0.8369565,0.77,0.9493333,0.8020833,103.5334
1998.337,11,31,EXOCENTRIC,denoising,EASY,test,76,149,1,24,0.987013,0.76,0.9,0.8587571,32.46667
2060.37,11,32,EXOCENTRIC,denoising,MEDIUM,test,72,391,9,28,0.8888889,0.72,0.926,0.7955801,61.18323
2090.237,11,33,EXOCENTRIC,denoising,HARD,test,95,632,18,5,0.840708,0.95,0.9693334,0.8920188,28.84985
2131.42,11,34,EXOCENTRIC,denoising,EASY,test,84,146,4,16,0.9545454,0.84,0.92,0.893617,40.06665
2173.887,11,35,EXOCENTRIC,denoising,MEDIUM,test,78,397,3,22,0.962963,0.78,0.95,0.8618785,41.6001
2212.587,11,36,EXOCENTRIC,denoising,EASY,test,76,147,3,24,0.9620253,0.76,0.892,0.849162,37.81665
2284.87,11,37,EGOCENTRIC,seperating,EASY,training,79,13,87,21,0.4759036,0.79,0.46,0.593985,47.61646
2319.32,11,38,EGOCENTRIC,seperating,EASY,training,99,95,5,1,0.9519231,0.99,0.97,0.9705882,29.78345
2349.887,11,39,EGOCENTRIC,seperating,MEDIUM,training,96,99,1,4,0.9896907,0.96,0.975,0.9746193,27.8667
2423.104,11,40,EGOCENTRIC,seperating,HARD,test,89,92,8,11,0.9175258,0.89,0.905,0.9035533,69.59985
2452.637,11,41,EGOCENTRIC,seperating,EASY,test,98,100,0,2,1,0.98,0.99,0.989899,28.5166
2484.57,11,42,EGOCENTRIC,seperating,MEDIUM,test,100,99,1,0,0.990099,1,0.995,0.9950249,30.9834
2501.337,11,43,EGOCENTRIC,seperating,MEDIUM,test,96,98,2,4,0.9795918,0.96,0.97,0.9696969,15.71655
2538.537,11,44,EGOCENTRIC,seperating,EASY,test,98,99,1,2,0.989899,0.98,0.985,0.9849247,36.3833
2585.454,11,45,EGOCENTRIC,seperating,HARD,test,84,97,3,16,0.9655172,0.84,0.905,0.8983957,45.96655
2620.87,11,46,EGOCENTRIC,seperating,EASY,test,98,99,1,2,0.989899,0.98,0.985,0.9849247,34.4668
2670.104,11,47,EGOCENTRIC,seperating,MEDIUM,test,87,95,5,13,0.9456522,0.87,0.91,0.9062501,48.3833
2728.787,11,48,EGOCENTRIC,seperating,HARD,test,57,98,2,43,0.9661017,0.57,0.775,0.7169811,52.31665
2781.137,11,49,EGOCENTRIC,seperating,EASY,test,50,100,0,50,1,0.5,0.75,0.6666667,51.46655
2783.404,11,50,EGOCENTRIC,seperating,HARD,test,100,0,100,0,0.5,1,0.5,0.6666667,1.31665
2874.637,11,51,EGOCENTRIC,seperating,MEDIUM,test,63,46,54,37,0.5384616,0.63,0.545,0.5806452,89.7666
2931.354,11,52,EGOCENTRIC,seperating,EASY,test,59,49,51,41,0.5363637,0.59,0.54,0.5619048,55.8999
2990.02,11,53,EGOCENTRIC,seperating,MEDIUM,test,69,38,62,31,0.5267175,0.69,0.535,0.5974026,57.8667
3064.854,11,54,EGOCENTRIC,seperating,HARD,test,88,20,80,12,0.5238096,0.88,0.54,0.6567165,74
3095.32,11,55,EXOCENTRIC,seperating,EASY,training,93,99,1,7,0.9893617,0.93,0.96,0.9587629,9.43335
3112.054,11,56,EXOCENTRIC,seperating,EASY,training,89,99,1,11,0.9888889,0.89,0.94,0.9368421,14.5166
3124.854,11,57,EXOCENTRIC,seperating,MEDIUM,training,94,97,3,6,0.9690722,0.94,0.955,0.9543147,10.18335
3151.97,11,58,EXOCENTRIC,seperating,EASY,test,99,100,0,1,1,0.99,0.995,0.9949749,12.2168
3176.404,11,59,EXOCENTRIC,seperating,MEDIUM,test,99,97,3,1,0.9705882,0.99,0.98,0.980198,23.4668
3217.42,11,60,EXOCENTRIC,seperating,MEDIUM,test,96,97,3,4,0.969697,0.96,0.965,0.9648241,39.8833
3239.054,11,61,EXOCENTRIC,seperating,MEDIUM,test,99,96,4,1,0.9611651,0.99,0.975,0.9753695,20.80005
3259.637,11,62,EXOCENTRIC,seperating,EASY,test,100,98,2,0,0.9803922,1,0.99,0.990099,19.6167
3285.737,11,63,EXOCENTRIC,seperating,MEDIUM,test,98,99,1,2,0.989899,0.98,0.985,0.9849247,25.1499
3316.604,11,64,EXOCENTRIC,seperating,MEDIUM,test,97,99,1,3,0.9897959,0.97,0.98,0.979798,30
3336.137,11,65,EXOCENTRIC,seperating,HARD,test,95,96,4,5,0.959596,0.95,0.955,0.9547738,18.75
3369.954,11,66,EXOCENTRIC,seperating,HARD,test,91,95,5,9,0.9479167,0.91,0.93,0.9285715,30.31665
3394.271,11,67,EXOCENTRIC,seperating,HARD,test,96,92,8,4,0.9230769,0.96,0.94,0.9411765,23.3335
3426.404,11,68,EXOCENTRIC,seperating,EASY,test,99,99,1,1,0.99,0.99,0.99,0.99,31.31689
3444.92,11,69,EXOCENTRIC,seperating,EASY,test,100,99,1,0,0.990099,1,0.995,0.9950249,17.51685
3473.82,11,70,EXOCENTRIC,seperating,HARD,test,96,95,5,4,0.9504951,0.96,0.955,0.9552239,28.0166
3504.054,11,71,EXOCENTRIC,seperating,HARD,test,89,95,5,11,0.9468085,0.89,0.92,0.9175258,28.91675
3529.854,11,72,EXOCENTRIC,seperating,EASY,test,99,98,2,1,0.980198,0.99,0.985,0.9850746,24.93335
112.62,12,1,EXOCENTRIC,seperating,EASY,training,100,23,77,0,0.5649717,1,0.615,0.7220217,52.43333
146.3367,12,2,EXOCENTRIC,seperating,EASY,training,100,3,97,0,0.5076142,1,0.515,0.6734007,26.58332
203.57,12,3,EXOCENTRIC,seperating,MEDIUM,training,99,97,3,1,0.9705882,0.99,0.98,0.980198,41.1667
326.2367,12,4,EXOCENTRIC,seperating,MEDIUM,test,91,100,0,9,1,0.91,0.955,0.9528795,100.0333
417.1534,12,5,EXOCENTRIC,seperating,EASY,test,100,99,1,0,0.990099,1,0.995,0.9950249,89.29999
486.1367,12,6,EXOCENTRIC,seperating,EASY,test,98,99,1,2,0.989899,0.98,0.985,0.9849247,67.88333
540.3034,12,7,EXOCENTRIC,seperating,MEDIUM,test,96,98,2,4,0.9795918,0.96,0.97,0.9696969,53.10001
613.4868,12,8,EXOCENTRIC,seperating,HARD,test,99,92,8,1,0.9252337,0.99,0.955,0.9565218,72.08337
658.5534,12,9,EXOCENTRIC,seperating,EASY,test,100,100,0,0,1,1,1,1,44.21667
793.4034,12,10,EXOCENTRIC,seperating,HARD,test,60,99,1,40,0.9836066,0.6,0.795,0.7453417,134.0667
854.1868,12,11,EXOCENTRIC,seperating,MEDIUM,test,93,100,0,7,1,0.93,0.965,0.9637306,58.93329
906.3535,12,12,EXOCENTRIC,seperating,EASY,test,98,100,0,2,1,0.98,0.99,0.989899,25.56671
959.5201,12,13,EXOCENTRIC,seperating,MEDIUM,test,97,98,2,3,0.979798,0.97,0.975,0.9748744,52.19995
976.5867,12,14,EXOCENTRIC,seperating,EASY,test,100,100,0,0,1,1,1,1,16.28333
1060.653,12,15,EXOCENTRIC,seperating,HARD,test,90,97,3,10,0.9677419,0.9,0.935,0.9326425,83.14996
1096.437,12,16,EXOCENTRIC,seperating,HARD,test,89,98,2,11,0.978022,0.89,0.935,0.9319372,35.08337
1120.187,12,17,EXOCENTRIC,seperating,MEDIUM,test,99,97,3,1,0.9705882,0.99,0.98,0.980198,22.51672
1216.903,12,18,EXOCENTRIC,seperating,HARD,test,63,40,60,37,0.5121951,0.63,0.515,0.5650224,95.6167
1319.987,12,19,EGOCENTRIC,seperating,EASY,training,100,95,5,0,0.952381,1,0.975,0.9756098,37.00012
1377.57,12,20,EGOCENTRIC,seperating,EASY,training,100,100,0,0,1,1,1,1,49.5
1411.47,12,21,EGOCENTRIC,seperating,MEDIUM,training,100,94,6,0,0.9433962,1,0.97,0.9708738,29.75
1619.67,12,22,EGOCENTRIC,seperating,EASY,test,100,100,0,0,1,1,1,1,16.98328
1636.953,12,23,EGOCENTRIC,seperating,EASY,test,100,99,1,0,0.990099,1,0.995,0.9950249,16.23328
1731.42,12,24,EGOCENTRIC,seperating,MEDIUM,test,95,93,7,5,0.9313725,0.95,0.94,0.9405941,93.75
1812.537,12,25,EGOCENTRIC,seperating,HARD,test,98,77,23,2,0.8099173,0.98,0.875,0.8868778,80.31665
1837.72,12,26,EGOCENTRIC,seperating,EASY,test,98,99,1,2,0.989899,0.98,0.985,0.9849247,24.50012
1918.203,12,27,EGOCENTRIC,seperating,HARD,test,92,90,10,8,0.9019608,0.92,0.91,0.9108911,79.61658
1958.454,12,28,EGOCENTRIC,seperating,MEDIUM,test,93,98,2,7,0.9789473,0.93,0.955,0.9538462,39.45007
1989.254,12,29,EGOCENTRIC,seperating,EASY,test,99,99,1,1,0.99,0.99,0.99,0.99,30.1333
2136.82,12,30,EGOCENTRIC,seperating,HARD,test,92,97,3,8,0.968421,0.92,0.945,0.9435897,68.93335
2164.954,12,31,EGOCENTRIC,seperating,HARD,test,82,95,5,18,0.9425287,0.82,0.885,0.8770053,27.41675
2181.354,12,32,EGOCENTRIC,seperating,MEDIUM,test,91,100,0,9,1,0.91,0.955,0.9528795,15.75
2220.27,12,33,EGOCENTRIC,seperating,MEDIUM,test,98,100,0,2,1,0.98,0.99,0.989899,38.3501
2243.32,12,34,EGOCENTRIC,seperating,EASY,test,97,100,0,3,1,0.97,0.985,0.9847716,21.78345
2265.17,12,35,EGOCENTRIC,seperating,MEDIUM,test,95,99,1,5,0.9895833,0.95,0.97,0.9693877,21.23315
2295.987,12,36,EGOCENTRIC,seperating,HARD,test,87,96,4,13,0.956044,0.87,0.915,0.9109948,30.19995
2357.87,12,37,EXOCENTRIC,denoising,EASY,training,99,146,4,1,0.9611651,0.99,0.98,0.9753695,42.8667
2433.904,12,38,EXOCENTRIC,denoising,EASY,training,98,144,6,2,0.9423077,0.98,0.968,0.9607843,60.06665
2486.887,12,39,EXOCENTRIC,denoising,MEDIUM,training,98,393,7,2,0.9333333,0.98,0.982,0.9560975,47.5
2526.37,12,40,EXOCENTRIC,denoising,EASY,test,97,144,6,3,0.9417475,0.97,0.964,0.9556651,30.7334
2600.054,12,41,EXOCENTRIC,denoising,HARD,test,79,640,10,21,0.8876405,0.79,0.9586667,0.8359789,72.7168
2639.387,12,42,EXOCENTRIC,denoising,HARD,test,97,629,21,3,0.8220339,0.97,0.968,0.8899083,38.81665
2656.237,12,43,EXOCENTRIC,denoising,EASY,test,96,141,9,4,0.9142857,0.96,0.948,0.9365854,16.16675
2686.12,12,44,EXOCENTRIC,denoising,MEDIUM,test,92,391,9,8,0.9108911,0.92,0.966,0.9154229,28.93335
2712.42,12,45,EXOCENTRIC,denoising,MEDIUM,test,93,392,8,7,0.9207921,0.93,0.97,0.9253731,25.83325
2739.77,12,46,EXOCENTRIC,denoising,MEDIUM,test,89,394,6,11,0.9368421,0.89,0.966,0.9128205,26.8501
2773.237,12,47,EXOCENTRIC,denoising,EASY,test,96,145,5,4,0.9504951,0.96,0.964,0.9552239,32.8501
2876.587,12,48,EXOCENTRIC,denoising,EASY,test,92,146,4,8,0.9583333,0.92,0.952,0.9387755,39.7666
2932.12,12,49,EXOCENTRIC,denoising,HARD,test,92,634,16,8,0.8518519,0.92,0.968,0.8846154,54.8833
2977.87,12,50,EXOCENTRIC,denoising,MEDIUM,test,89,393,7,11,0.9270833,0.89,0.964,0.9081632,45.15015
3034.07,12,51,EXOCENTRIC,denoising,HARD,test,85,637,13,15,0.8673469,0.85,0.9626667,0.8585859,55.53345
3085.637,12,52,EXOCENTRIC,denoising,MEDIUM,test,92,386,14,8,0.8679245,0.92,0.956,0.8932039,50.06665
3116.754,12,53,EXOCENTRIC,denoising,EASY,test,95,143,7,5,0.9313725,0.95,0.952,0.9405941,30.33325
3150.754,12,54,EXOCENTRIC,denoising,HARD,test,90,636,14,10,0.8653846,0.9,0.968,0.8823529,33.4668
3190.387,12,55,EGOCENTRIC,denoising,EASY,training,99,145,5,1,0.9519231,0.99,0.976,0.9705882,20.4834
3214.654,12,56,EGOCENTRIC,denoising,EASY,training,95,141,9,5,0.9134616,0.95,0.944,0.9313726,21.66675
3232.837,12,57,EGOCENTRIC,denoising,MEDIUM,training,81,391,9,19,0.9,0.81,0.944,0.8526316,16.83325
3256.187,12,58,EGOCENTRIC,denoising,EASY,test,98,144,6,2,0.9423077,0.98,0.968,0.9607843,19.3667
3291.604,12,59,EGOCENTRIC,denoising,MEDIUM,test,94,385,15,6,0.8623853,0.94,0.958,0.8995215,34.8501
3317.604,12,60,EGOCENTRIC,denoising,EASY,test,94,144,6,6,0.94,0.94,0.952,0.94,25.43335
3352.204,12,61,EGOCENTRIC,denoising,HARD,test,95,619,31,5,0.7539682,0.95,0.952,0.8407079,33.86646
3382.021,12,62,EGOCENTRIC,denoising,HARD,test,92,616,34,8,0.7301587,0.92,0.944,0.8141593,29.3501
3409.754,12,63,EGOCENTRIC,denoising,EASY,test,92,140,10,8,0.9019608,0.92,0.928,0.9108911,27.16675
3439.687,12,64,EGOCENTRIC,denoising,MEDIUM,test,88,391,9,12,0.9072165,0.88,0.958,0.893401,29.3501
3470.154,12,65,EGOCENTRIC,denoising,HARD,test,91,623,27,9,0.7711864,0.91,0.952,0.8348624,29.76685
3494.22,12,66,EGOCENTRIC,denoising,MEDIUM,test,80,395,5,20,0.9411765,0.8,0.95,0.8648649,20.6001
3515.004,12,67,EGOCENTRIC,denoising,HARD,test,81,632,18,19,0.8181818,0.81,0.9506667,0.8140703,20.1665
3544.987,12,68,EGOCENTRIC,denoising,HARD,test,87,637,13,13,0.87,0.87,0.9653333,0.87,29.3999
3562.72,12,69,EGOCENTRIC,denoising,EASY,test,91,137,13,9,0.875,0.91,0.912,0.8921568,17.1001
3590.354,12,70,EGOCENTRIC,denoising,EASY,test,96,142,8,4,0.9230769,0.96,0.952,0.9411765,26.9834
3611.787,12,71,EGOCENTRIC,denoising,MEDIUM,test,92,387,13,8,0.8761905,0.92,0.958,0.897561,20.3667
3644.987,12,72,EGOCENTRIC,denoising,MEDIUM,test,91,391,9,9,0.91,0.91,0.964,0.91,31.96655
111.7532,13,1,EXOCENTRIC,denoising,EASY,training,93,146,4,7,0.9587629,0.93,0.956,0.9441624,44.1166
154.9364,13,2,EXOCENTRIC,denoising,EASY,training,99,143,7,1,0.9339623,0.99,0.968,0.961165,31.93329
212.1864,13,3,EXOCENTRIC,denoising,MEDIUM,training,97,382,18,3,0.8434783,0.97,0.958,0.9023256,35.48329
287.2863,13,4,EXOCENTRIC,denoising,HARD,test,98,620,30,2,0.765625,0.98,0.9573333,0.8596491,52.71664
350.6862,13,5,EXOCENTRIC,denoising,HARD,test,97,627,23,3,0.8083333,0.97,0.9653333,0.8818182,61.91656
390.4861,13,6,EXOCENTRIC,denoising,HARD,test,80,642,8,20,0.9090909,0.8,0.9626667,0.8510638,38.84995
416.8194,13,7,EXOCENTRIC,denoising,MEDIUM,test,86,396,4,14,0.9555556,0.86,0.964,0.9052632,25.29996
451.1027,13,8,EXOCENTRIC,denoising,EASY,test,99,145,5,1,0.9519231,0.99,0.976,0.9705882,33.44998
472.386,13,9,EXOCENTRIC,denoising,EASY,test,99,140,10,1,0.9082569,0.99,0.956,0.9473684,20.58325
502.3693,13,10,EXOCENTRIC,denoising,HARD,test,95,634,16,5,0.8558559,0.95,0.972,0.900474,28.56662
536.6193,13,11,EXOCENTRIC,denoising,MEDIUM,test,92,378,22,8,0.8070176,0.92,0.94,0.8598131,32.58325
616.2692,13,12,EXOCENTRIC,denoising,EASY,test,100,141,9,0,0.9174312,1,0.964,0.9569378,18.40002
642.1025,13,13,EXOCENTRIC,denoising,MEDIUM,test,93,390,10,7,0.9029126,0.93,0.966,0.9162561,24.43329
667.9358,13,14,EXOCENTRIC,denoising,MEDIUM,test,89,394,6,11,0.9368421,0.89,0.966,0.9128205,24.84998
711.4523,13,15,EXOCENTRIC,denoising,MEDIUM,test,82,392,8,18,0.9111111,0.82,0.948,0.8631579,41.99994
740.6356,13,16,EXOCENTRIC,denoising,HARD,test,88,631,19,12,0.8224299,0.88,0.9586667,0.8502415,28.18323
770.9856,13,17,EXOCENTRIC,denoising,EASY,test,95,147,3,5,0.9693878,0.95,0.968,0.9595959,29.56659
804.3856,13,18,EXOCENTRIC,denoising,EASY,test,89,148,2,11,0.978022,0.89,0.948,0.9319372,32.18335
848.5854,13,19,EGOCENTRIC,denoising,EASY,training,89,124,26,11,0.773913,0.89,0.852,0.827907,22.59991
900.8188,13,20,EGOCENTRIC,denoising,EASY,training,68,146,4,32,0.9444444,0.68,0.856,0.7906976,41.96661
945.5353,13,21,EGOCENTRIC,denoising,MEDIUM,training,86,362,38,14,0.6935484,0.86,0.896,0.7678572,37.63324
980.2186,13,22,EGOCENTRIC,denoising,EASY,test,70,133,17,30,0.8045977,0.7,0.812,0.7486631,25.33325
1018.435,13,23,EGOCENTRIC,denoising,MEDIUM,test,63,367,33,37,0.65625,0.63,0.86,0.6428571,32.83325
1069.669,13,24,EGOCENTRIC,denoising,EASY,test,20,129,21,80,0.4878049,0.2,0.596,0.2836879,50.49994
1112.652,13,25,EGOCENTRIC,denoising,HARD,test,79,593,57,21,0.5808824,0.79,0.896,0.6694915,41.78333
1149.785,13,26,EGOCENTRIC,denoising,HARD,test,57,586,64,43,0.4710744,0.57,0.8573334,0.5158371,35.7832
1170.352,13,27,EGOCENTRIC,denoising,HARD,test,38,604,46,62,0.452381,0.38,0.856,0.4130435,19.36658
1219.635,13,28,EGOCENTRIC,denoising,MEDIUM,test,61,360,40,39,0.6039604,0.61,0.842,0.6069652,48.5332
1234.802,13,29,EGOCENTRIC,denoising,EASY,test,84,126,24,16,0.7777778,0.84,0.84,0.8076923,14.0166
1323.135,13,30,EGOCENTRIC,denoising,HARD,test,55,567,83,45,0.3985507,0.55,0.8293333,0.4621849,17.73328
1358.401,13,31,EGOCENTRIC,denoising,HARD,test,69,605,45,31,0.6052632,0.69,0.8986667,0.6448599,34.28333
1384.185,13,32,EGOCENTRIC,denoising,MEDIUM,test,58,394,6,42,0.90625,0.58,0.904,0.7073171,24.83337
1396.468,13,33,EGOCENTRIC,denoising,MEDIUM,test,70,362,38,30,0.6481481,0.7,0.864,0.6730769,11.5166
1428.451,13,34,EGOCENTRIC,denoising,EASY,test,52,140,10,48,0.8387097,0.52,0.768,0.6419753,30.83337
1466.735,13,35,EGOCENTRIC,denoising,MEDIUM,test,61,389,11,39,0.8472222,0.61,0.9,0.7093023,37.43323
1519.451,13,36,EGOCENTRIC,denoising,EASY,test,67,143,7,33,0.9054054,0.67,0.84,0.770115,51.93323
1552.418,13,37,EXOCENTRIC,seperating,EASY,training,100,99,1,0,0.990099,1,0.995,0.9950249,18.16663
1575.751,13,38,EXOCENTRIC,seperating,EASY,training,100,100,0,0,1,1,1,1,13.6167
1612.851,13,39,EXOCENTRIC,seperating,MEDIUM,training,96,97,3,4,0.969697,0.96,0.965,0.9648241,32.59985
1669.251,13,40,EXOCENTRIC,seperating,MEDIUM,test,97,97,3,3,0.97,0.97,0.97,0.97,47.43335
1680.818,13,41,EXOCENTRIC,seperating,EASY,test,100,98,2,0,0.9803922,1,0.99,0.990099,10.41675
1707.484,13,42,EXOCENTRIC,seperating,HARD,test,87,94,6,13,0.9354839,0.87,0.905,0.9015545,25.90002
1731.934,13,43,EXOCENTRIC,seperating,HARD,test,95,89,11,5,0.8962264,0.95,0.92,0.9223301,23.73328
1754.251,13,44,EXOCENTRIC,seperating,EASY,test,98,100,0,2,1,0.98,0.99,0.989899,21.44995
1773.401,13,45,EXOCENTRIC,seperating,EASY,test,99,100,0,1,1,0.99,0.995,0.9949749,18.49988
1794.418,13,46,EXOCENTRIC,seperating,EASY,test,98,100,0,2,1,0.98,0.99,0.989899,20.30005
1817.167,13,47,EXOCENTRIC,seperating,HARD,test,94,94,6,6,0.94,0.94,0.94,0.94,22.0332
1904.117,13,48,EXOCENTRIC,seperating,HARD,test,97,88,12,3,0.8899083,0.97,0.925,0.9282296,14.6333
1931.401,13,49,EXOCENTRIC,seperating,MEDIUM,test,99,97,3,1,0.9705882,0.99,0.98,0.980198,26.28333
1949.151,13,50,EXOCENTRIC,seperating,MEDIUM,test,100,97,3,0,0.9708738,1,0.985,0.9852216,16.86658
1965.667,13,51,EXOCENTRIC,seperating,MEDIUM,test,99,94,6,1,0.9428571,0.99,0.965,0.9658537,15.19995
1986.834,13,52,EXOCENTRIC,seperating,MEDIUM,test,100,97,3,0,0.9708738,1,0.985,0.9852216,19.71667
2003.284,13,53,EXOCENTRIC,seperating,EASY,test,99,100,0,1,1,0.99,0.995,0.9949749,15.48328
2024.317,13,54,EXOCENTRIC,seperating,HARD,test,98,92,8,2,0.9245283,0.98,0.95,0.9514563,20.29993
2064.851,13,55,EGOCENTRIC,seperating,EASY,training,98,100,0,2,1,0.98,0.99,0.989899,27.93335
2105.817,13,56,EGOCENTRIC,seperating,EASY,training,98,98,2,2,0.98,0.98,0.98,0.98,32.4834
2149.817,13,57,EGOCENTRIC,seperating,MEDIUM,training,78,99,1,22,0.9873418,0.78,0.885,0.8715084,42.19995
2201.75,13,58,EGOCENTRIC,seperating,MEDIUM,test,80,99,1,20,0.9876543,0.8,0.895,0.8839779,47.71655
2255.717,13,59,EGOCENTRIC,seperating,MEDIUM,test,97,96,4,3,0.9603961,0.97,0.965,0.9651741,53.13306
2314.067,13,60,EGOCENTRIC,seperating,EASY,test,100,77,23,0,0.8130081,1,0.885,0.896861,57.05005
2346.384,13,61,EGOCENTRIC,seperating,EASY,test,97,100,0,3,1,0.97,0.985,0.9847716,31.40015
2390.55,13,62,EGOCENTRIC,seperating,MEDIUM,test,93,99,1,7,0.9893617,0.93,0.96,0.9587629,43.31665
2442.5,13,63,EGOCENTRIC,seperating,HARD,test,86,84,16,14,0.8431373,0.86,0.85,0.8514851,40.59985
2494.233,13,64,EGOCENTRIC,seperating,HARD,test,80,90,10,20,0.8888889,0.8,0.85,0.8421053,50.7334
2534.533,13,65,EGOCENTRIC,seperating,EASY,test,96,89,11,4,0.8971962,0.96,0.925,0.9275362,39.46655
2693,13,66,EGOCENTRIC,seperating,HARD,test,82,98,2,18,0.9761904,0.82,0.9,0.8913043,30.56665
2731.533,13,67,EGOCENTRIC,seperating,HARD,test,82,97,3,18,0.9647059,0.82,0.895,0.8864865,37.3667
2781.616,13,68,EGOCENTRIC,seperating,EASY,test,83,100,0,17,1,0.83,0.915,0.9071038,48.7666
2819.25,13,69,EGOCENTRIC,seperating,MEDIUM,test,96,100,0,4,1,0.96,0.98,0.9795918,36.31665
2857.8,13,70,EGOCENTRIC,seperating,MEDIUM,test,96,95,5,4,0.9504951,0.96,0.955,0.9552239,37.8501
2926.383,13,71,EGOCENTRIC,seperating,HARD,test,79,96,4,21,0.9518072,0.79,0.875,0.863388,66.86646
2958.666,13,72,EGOCENTRIC,seperating,EASY,test,92,99,1,8,0.9892473,0.92,0.955,0.9533679,30.69995
242.7531,14,1,EGOCENTRIC,seperating,EASY,training,100,95,5,0,0.952381,1,0.975,0.9756098,196.6165
308.5197,14,2,EGOCENTRIC,seperating,EASY,training,99,100,0,1,1,0.99,0.995,0.9949749,61.49991
343.8363,14,3,EGOCENTRIC,seperating,MEDIUM,training,99,95,5,1,0.9519231,0.99,0.97,0.9705882,32.73334
424.6696,14,4,EGOCENTRIC,seperating,HARD,test,95,94,6,5,0.9405941,0.95,0.945,0.9452736,74.03329
452.0695,14,5,EGOCENTRIC,seperating,EASY,test,100,99,1,0,0.990099,1,0.995,0.9950249,25.46664
500.0695,14,6,EGOCENTRIC,seperating,EASY,test,99,99,1,1,0.99,0.99,0.99,0.99,46.79993
581.2527,14,7,EGOCENTRIC,seperating,HARD,test,88,94,6,12,0.9361702,0.88,0.91,0.9072165,79.86661
615.536,14,8,EGOCENTRIC,seperating,MEDIUM,test,99,100,0,1,1,0.99,0.995,0.9949749,33.18329
670.6193,14,9,EGOCENTRIC,seperating,HARD,test,91,94,6,9,0.9381443,0.91,0.925,0.9238579,53.84991
735.7192,14,10,EGOCENTRIC,seperating,MEDIUM,test,88,99,1,12,0.988764,0.88,0.935,0.931217,64.31653
794.8191,14,11,EGOCENTRIC,seperating,MEDIUM,test,93,97,3,7,0.96875,0.93,0.95,0.9489796,57.96661
856.0858,14,12,EGOCENTRIC,seperating,EASY,test,99,98,2,1,0.980198,0.99,0.985,0.9850746,50.74994
901.8524,14,13,EGOCENTRIC,seperating,MEDIUM,test,98,93,7,2,0.9333333,0.98,0.955,0.9560975,44.91663
1013.652,14,14,EGOCENTRIC,seperating,HARD,test,80,94,6,20,0.9302326,0.8,0.87,0.8602151,110.6332
1071.169,14,15,EGOCENTRIC,seperating,MEDIUM,test,97,97,3,3,0.97,0.97,0.97,0.97,56.3999
1107.685,14,16,EGOCENTRIC,seperating,EASY,test,99,100,0,1,1,0.99,0.995,0.9949749,35.58325
1154.719,14,17,EGOCENTRIC,seperating,EASY,test,99,100,0,1,1,0.99,0.995,0.9949749,45.93323
1206.019,14,18,EGOCENTRIC,seperating,HARD,test,93,93,7,7,0.93,0.93,0.93,0.93,50.2666
1250.902,14,19,EXOCENTRIC,seperating,EASY,training,99,99,1,1,0.99,0.99,0.99,0.99,31.59985
1269.185,14,20,EXOCENTRIC,seperating,EASY,training,99,99,1,1,0.99,0.99,0.99,0.99,15.88342
1286.985,14,21,EXOCENTRIC,seperating,MEDIUM,training,100,98,2,0,0.9803922,1,0.99,0.990099,16.33325
1335.785,14,22,EXOCENTRIC,seperating,MEDIUM,test,93,98,2,7,0.9789473,0.93,0.955,0.9538462,41
1364.585,14,23,EXOCENTRIC,seperating,EASY,test,97,97,3,3,0.97,0.97,0.97,0.97,27.7334
1399.985,14,24,EXOCENTRIC,seperating,HARD,test,95,89,11,5,0.8962264,0.95,0.92,0.9223301,34.58325
1411.568,14,25,EXOCENTRIC,seperating,EASY,test,100,98,2,0,0.9803922,1,0.99,0.990099,10.41675
1422.318,14,26,EXOCENTRIC,seperating,EASY,test,100,100,0,0,1,1,1,1,9.43335
1429.802,14,27,EXOCENTRIC,seperating,EASY,test,100,100,0,0,1,1,1,1,6.400024
1467.318,14,28,EXOCENTRIC,seperating,HARD,test,89,96,4,11,0.9569892,0.89,0.925,0.9222798,36.56665
1494.018,14,29,EXOCENTRIC,seperating,MEDIUM,test,96,97,3,4,0.969697,0.96,0.965,0.9648241,25.84998
1548.918,14,30,EXOCENTRIC,seperating,MEDIUM,test,97,96,4,3,0.9603961,0.97,0.965,0.9651741,42.45007
1579.418,14,31,EXOCENTRIC,seperating,HARD,test,91,94,6,9,0.9381443,0.91,0.925,0.9238579,29.66663
1600.118,14,32,EXOCENTRIC,seperating,MEDIUM,test,97,99,1,3,0.9897959,0.97,0.98,0.979798,19.71655
1615.302,14,33,EXOCENTRIC,seperating,MEDIUM,test,94,100,0,6,1,0.94,0.97,0.9690722,13.74988
1636.918,14,34,EXOCENTRIC,seperating,EASY,test,99,100,0,1,1,0.99,0.995,0.9949749,20.78333
1687.135,14,35,EXOCENTRIC,seperating,HARD,test,89,85,15,11,0.8557692,0.89,0.87,0.872549,49.04993
1719.968,14,36,EXOCENTRIC,seperating,HARD,test,88,94,6,12,0.9361702,0.88,0.91,0.9072165,32.05005
1806.735,14,37,EGOCENTRIC,denoising,EASY,training,38,100,50,62,0.4318182,0.38,0.552,0.4042553,72.73328
1852.451,14,38,EGOCENTRIC,denoising,EASY,training,99,115,35,1,0.7388059,0.99,0.856,0.8461538,19.7666
1901.868,14,39,EGOCENTRIC,denoising,MEDIUM,training,98,308,92,2,0.5157894,0.98,0.812,0.675862,35.55005
1999.201,14,40,EGOCENTRIC,denoising,HARD,test,82,622,28,18,0.7454545,0.82,0.9386666,0.7809524,88.11646
2099.284,14,41,EGOCENTRIC,denoising,MEDIUM,test,92,381,19,8,0.8288288,0.92,0.946,0.8720379,98.90002
2223.534,14,42,EGOCENTRIC,denoising,HARD,test,90,619,31,10,0.7438017,0.9,0.9453334,0.8144796,123.2498
2319.917,14,43,EGOCENTRIC,denoising,EASY,test,97,146,4,3,0.9603961,0.97,0.972,0.9651741,91.6499
2403.467,14,44,EGOCENTRIC,denoising,EASY,test,98,134,16,2,0.8596491,0.98,0.928,0.9158878,82.73315
2456.667,14,45,EGOCENTRIC,denoising,MEDIUM,test,94,377,23,6,0.8034188,0.94,0.942,0.8663595,52.43335
2517.834,14,46,EGOCENTRIC,denoising,MEDIUM,test,86,382,18,14,0.8269231,0.86,0.936,0.8431373,60.3999
2587.567,14,47,EGOCENTRIC,denoising,HARD,test,90,633,17,10,0.8411215,0.9,0.964,0.8695652,69.0332
2656.35,14,48,EGOCENTRIC,denoising,EASY,test,95,141,9,5,0.9134616,0.95,0.944,0.9313726,59.1333
2693.084,14,49,EGOCENTRIC,denoising,MEDIUM,test,90,374,26,10,0.7758621,0.9,0.928,0.8333333,36.05005
2729.4,14,50,EGOCENTRIC,denoising,EASY,test,95,140,10,5,0.9047619,0.95,0.94,0.9268293,35.49976
2809.65,14,51,EGOCENTRIC,denoising,MEDIUM,test,96,380,20,4,0.8275862,0.96,0.952,0.8888889,79.23315
2877.85,14,52,EGOCENTRIC,denoising,EASY,test,100,143,7,0,0.9345794,1,0.972,0.9661836,67.44995
2918.933,14,53,EGOCENTRIC,denoising,HARD,test,97,603,47,3,0.6736111,0.97,0.9333333,0.795082,40.0498
2961.45,14,54,EGOCENTRIC,denoising,HARD,test,84,638,12,16,0.875,0.84,0.9626667,0.8571429,41.58325
2997.317,14,55,EXOCENTRIC,denoising,EASY,training,94,144,6,6,0.94,0.94,0.952,0.94,27.1167
3029.033,14,56,EXOCENTRIC,denoising,EASY,training,95,145,5,5,0.95,0.95,0.96,0.95,27.69995
3053.85,14,57,EXOCENTRIC,denoising,MEDIUM,training,92,385,15,8,0.8598131,0.92,0.954,0.888889,22.69995
3080.866,14,58,EXOCENTRIC,denoising,HARD,test,93,636,14,7,0.8691589,0.93,0.972,0.8985507,22.05005
3124.2,14,59,EXOCENTRIC,denoising,MEDIUM,test,80,395,5,20,0.9411765,0.8,0.95,0.8648649,42.3999
3154.233,14,60,EXOCENTRIC,denoising,HARD,test,78,636,14,22,0.8478261,0.78,0.952,0.8125,29.05005
3177.167,14,61,EXOCENTRIC,denoising,MEDIUM,test,85,387,13,15,0.8673469,0.85,0.944,0.8585859,22.2168
3195.766,14,62,EXOCENTRIC,denoising,EASY,test,96,143,7,4,0.9320388,0.96,0.956,0.9458128,17.81665
3220.083,14,63,EXOCENTRIC,denoising,MEDIUM,test,88,385,15,12,0.8543689,0.88,0.946,0.8669951,23.3501
3249.333,14,64,EXOCENTRIC,denoising,HARD,test,80,638,12,20,0.8695652,0.8,0.9573333,0.8333333,28.34985
3265.9,14,65,EXOCENTRIC,denoising,MEDIUM,test,90,385,15,10,0.8571429,0.9,0.95,0.8780488,15.68335
3307.1,14,66,EXOCENTRIC,denoising,HARD,test,79,643,7,21,0.9186047,0.79,0.9626667,0.8494624,29.94995
3327.466,14,67,EXOCENTRIC,denoising,EASY,test,95,142,8,5,0.9223301,0.95,0.948,0.9359606,19.5835
3347.083,14,68,EXOCENTRIC,denoising,MEDIUM,test,78,386,14,22,0.8478261,0.78,0.928,0.8125,18.80005
3362.416,14,69,EXOCENTRIC,denoising,EASY,test,96,143,7,4,0.9320388,0.96,0.956,0.9458128,14.5835
3385.816,14,70,EXOCENTRIC,denoising,HARD,test,81,635,15,19,0.84375,0.81,0.9546667,0.8265306,22.41675
3403.949,14,71,EXOCENTRIC,denoising,EASY,test,91,149,1,9,0.9891304,0.91,0.96,0.9479167,16.8999
3428.183,14,72,EXOCENTRIC,denoising,EASY,test,88,146,4,12,0.9565217,0.88,0.936,0.9166667,23.6167
144.1866,15,1,EGOCENTRIC,denoising,EASY,training,100,144,6,0,0.9433962,1,0.976,0.9708738,84.98322
186.0033,15,2,EGOCENTRIC,denoising,EASY,training,96,147,3,4,0.969697,0.96,0.972,0.9648241,31.5667
243.3701,15,3,EGOCENTRIC,denoising,MEDIUM,training,98,375,25,2,0.796748,0.98,0.946,0.8789238,55.20009
301.47,15,4,EGOCENTRIC,denoising,EASY,test,94,147,3,6,0.9690722,0.94,0.964,0.9543147,50.41667
354.07,15,5,EGOCENTRIC,denoising,MEDIUM,test,88,391,9,12,0.9072165,0.88,0.958,0.893401,51.70001
411.9367,15,6,EGOCENTRIC,denoising,MEDIUM,test,90,393,7,10,0.927835,0.9,0.966,0.9137055,56.66669
471.1867,15,7,EGOCENTRIC,denoising,MEDIUM,test,87,397,3,13,0.9666666,0.87,0.968,0.9157895,58.41669
528.1534,15,8,EGOCENTRIC,denoising,EASY,test,88,148,2,12,0.9777778,0.88,0.944,0.9263158,56.19998
574.6201,15,9,EGOCENTRIC,denoising,MEDIUM,test,93,392,8,7,0.9207921,0.93,0.97,0.9253731,45.63336
649.0201,15,10,EGOCENTRIC,denoising,HARD,test,92,634,16,8,0.8518519,0.92,0.968,0.8846154,73.66663
687.4202,15,11,EGOCENTRIC,denoising,EASY,test,97,148,2,3,0.979798,0.97,0.98,0.9748744,37.55005
744.2368,15,12,EGOCENTRIC,denoising,EASY,test,89,145,5,11,0.9468085,0.89,0.936,0.9175258,52.73334
823.6368,15,13,EGOCENTRIC,denoising,HARD,test,86,639,11,14,0.8865979,0.86,0.9666666,0.8730964,78.81671
887.3868,15,14,EGOCENTRIC,denoising,HARD,test,82,636,14,18,0.8541667,0.82,0.9573333,0.8367347,63.20001
925.3868,15,15,EGOCENTRIC,denoising,HARD,test,84,637,13,16,0.8659794,0.84,0.9613333,0.8527918,37.58331
995.2869,15,16,EGOCENTRIC,denoising,EASY,test,90,149,1,10,0.989011,0.9,0.956,0.9424084,69.23334
1072.02,15,17,EGOCENTRIC,denoising,MEDIUM,test,84,397,3,16,0.9655172,0.84,0.962,0.8983957,76.10004
1140.52,15,18,EGOCENTRIC,denoising,HARD,test,89,632,18,11,0.8317757,0.89,0.9613333,0.8599033,67.40002
1209.904,15,19,EXOCENTRIC,denoising,EASY,training,90,150,0,10,1,0.9,0.96,0.9473684,53.53308
1244.82,15,20,EXOCENTRIC,denoising,EASY,training,92,146,4,8,0.9583333,0.92,0.952,0.9387755,31.08337
1275.47,15,21,EXOCENTRIC,denoising,MEDIUM,training,97,390,10,3,0.9065421,0.97,0.974,0.9371981,25.98328
1297.204,15,22,EXOCENTRIC,denoising,EASY,test,85,147,3,15,0.9659091,0.85,0.928,0.9042553,14.90002
1346.554,15,23,EXOCENTRIC,denoising,HARD,test,91,635,15,9,0.8584906,0.91,0.968,0.8834952,48.70007
1377.47,15,24,EXOCENTRIC,denoising,HARD,test,82,640,10,18,0.8913044,0.82,0.9626667,0.8541666,30.6167
1397.287,15,25,EXOCENTRIC,denoising,HARD,test,79,644,6,21,0.9294118,0.79,0.964,0.854054,19.40002
1426.137,15,26,EXOCENTRIC,denoising,EASY,test,90,150,0,10,1,0.9,0.96,0.9473684,28.6333
1470.287,15,27,EXOCENTRIC,denoising,MEDIUM,test,75,393,7,25,0.9146342,0.75,0.936,0.8241758,43.46667
1520.104,15,28,EXOCENTRIC,denoising,MEDIUM,test,75,389,11,25,0.872093,0.75,0.928,0.8064516,49.46667
1545.687,15,29,EXOCENTRIC,denoising,MEDIUM,test,83,395,5,17,0.9431818,0.83,0.956,0.8829787,24.81677
1596.904,15,30,EXOCENTRIC,denoising,HARD,test,85,636,14,15,0.8585858,0.85,0.9613333,0.8542714,49.43335
1642.937,15,31,EXOCENTRIC,denoising,HARD,test,94,625,25,6,0.789916,0.94,0.9586667,0.8584475,45.58325
1663.62,15,32,EXOCENTRIC,denoising,EASY,test,95,149,1,5,0.9895833,0.95,0.976,0.9693877,20.24988
1690.087,15,33,EXOCENTRIC,denoising,EASY,test,87,149,1,13,0.9886364,0.87,0.944,0.9255319,25.83337
1712.637,15,34,EXOCENTRIC,denoising,MEDIUM,test,82,393,7,18,0.9213483,0.82,0.95,0.8677249,22
1742.254,15,35,EXOCENTRIC,denoising,MEDIUM,test,83,395,5,17,0.9431818,0.83,0.956,0.8829787,29.13318
1759.67,15,36,EXOCENTRIC,denoising,EASY,test,94,147,3,6,0.9690722,0.94,0.964,0.9543147,16.90002
1802.504,15,37,EGOCENTRIC,seperating,EASY,training,100,100,0,0,1,1,1,1,25.40002
1820.937,15,38,EGOCENTRIC,seperating,EASY,training,100,99,1,0,0.990099,1,0.995,0.9950249,16.43335
1855.187,15,39,EGOCENTRIC,seperating,MEDIUM,training,98,100,0,2,1,0.98,0.99,0.989899,29.51672
1877.037,15,40,EGOCENTRIC,seperating,EASY,test,97,100,0,3,1,0.97,0.985,0.9847716,18.36658
1892.171,15,41,EGOCENTRIC,seperating,EASY,test,100,100,0,0,1,1,1,1,14.76672
1929.62,15,42,EGOCENTRIC,seperating,HARD,test,90,97,3,10,0.9677419,0.9,0.935,0.9326425,37.1167
1956.887,15,43,EGOCENTRIC,seperating,MEDIUM,test,96,98,2,4,0.9795918,0.96,0.97,0.9696969,26.80005
1971.104,15,44,EGOCENTRIC,seperating,EASY,test,98,100,0,2,1,0.98,0.99,0.989899,13.66663
1989.321,15,45,EGOCENTRIC,seperating,MEDIUM,test,96,99,1,4,0.9896907,0.96,0.975,0.9746193,17.8667
2017.787,15,46,EGOCENTRIC,seperating,MEDIUM,test,97,98,2,3,0.979798,0.97,0.975,0.9748744,28.09998
2033.554,15,47,EGOCENTRIC,seperating,HARD,test,82,97,3,18,0.9647059,0.82,0.895,0.8864865,15.43335
2056.021,15,48,EGOCENTRIC,seperating,HARD,test,87,97,3,13,0.9666666,0.87,0.92,0.9157895,20.6333
2090.737,15,49,EGOCENTRIC,seperating,HARD,test,92,92,8,8,0.92,0.92,0.92,0.92,34.2334
2104.487,15,50,EGOCENTRIC,seperating,EASY,test,98,100,0,2,1,0.98,0.99,0.989899,13.4834
2117.621,15,51,EGOCENTRIC,seperating,EASY,test,99,100,0,1,1,0.99,0.995,0.9949749,12.81665
2138.154,15,52,EGOCENTRIC,seperating,MEDIUM,test,100,90,10,0,0.9090909,1,0.95,0.952381,20.3833
2157.837,15,53,EGOCENTRIC,seperating,HARD,test,94,83,17,6,0.8468468,0.94,0.885,0.8909952,18.6665
2172.587,15,54,EGOCENTRIC,seperating,MEDIUM,test,95,99,1,5,0.9895833,0.95,0.97,0.9693877,14.36646
2191.087,15,55,EXOCENTRIC,seperating,EASY,training,100,98,2,0,0.9803922,1,0.99,0.990099,8.18335
2204.854,15,56,EXOCENTRIC,seperating,EASY,training,100,98,2,0,0.9803922,1,0.99,0.990099,10.53345
2223.871,15,57,EXOCENTRIC,seperating,MEDIUM,training,97,92,8,3,0.9238095,0.97,0.945,0.9463415,17.5166
2243.271,15,58,EXOCENTRIC,seperating,MEDIUM,test,100,92,8,0,0.9259259,1,0.96,0.9615384,12.81665
2275.087,15,59,EXOCENTRIC,seperating,HARD,test,95,84,16,5,0.8558559,0.95,0.895,0.900474,31.31641
2295.954,15,60,EXOCENTRIC,seperating,MEDIUM,test,99,92,8,1,0.9252337,0.99,0.955,0.9565218,20.69995
2345.821,15,61,EXOCENTRIC,seperating,HARD,test,93,86,14,7,0.8691589,0.93,0.895,0.8985507,49.46655
2360.204,15,62,EXOCENTRIC,seperating,HARD,test,88,97,3,12,0.967033,0.88,0.925,0.9214659,13.48315
2370.987,15,63,EXOCENTRIC,seperating,EASY,test,100,99,1,0,0.990099,1,0.995,0.9950249,10.3999
2384.737,15,64,EXOCENTRIC,seperating,HARD,test,87,99,1,13,0.9886364,0.87,0.93,0.9255319,13.2666
2397.571,15,65,EXOCENTRIC,seperating,EASY,test,100,99,1,0,0.990099,1,0.995,0.9950249,12.4165
2416.037,15,66,EXOCENTRIC,seperating,MEDIUM,test,99,95,5,1,0.9519231,0.99,0.97,0.9705882,16.8999
2427.871,15,67,EXOCENTRIC,seperating,MEDIUM,test,98,98,2,2,0.98,0.98,0.98,0.98,11.31665
2441.037,15,68,EXOCENTRIC,seperating,EASY,test,100,98,2,0,0.9803922,1,0.99,0.990099,12.8335
2450.604,15,69,EXOCENTRIC,seperating,EASY,test,100,99,1,0,0.990099,1,0.995,0.9950249,8.81665
2464.654,15,70,EXOCENTRIC,seperating,HARD,test,82,98,2,18,0.9761904,0.82,0.9,0.8913043,13.63354
2480.454,15,71,EXOCENTRIC,seperating,MEDIUM,test,99,94,6,1,0.9428571,0.99,0.965,0.9658537,15.16675
2507.304,15,72,EXOCENTRIC,seperating,EASY,test,99,99,1,1,0.99,0.99,0.99,0.99,26.3667
179.7701,16,1,EXOCENTRIC,seperating,EASY,training,97,100,0,3,1,0.97,0.985,0.9847716,62.03336
205.9367,16,2,EXOCENTRIC,seperating,EASY,training,99,99,1,1,0.99,0.99,0.99,0.99,21.58316
278.2201,16,3,EXOCENTRIC,seperating,MEDIUM,training,100,93,7,0,0.9345794,1,0.965,0.9661836,70.81668
357.7034,16,4,EXOCENTRIC,seperating,HARD,test,91,90,10,9,0.9009901,0.91,0.905,0.9054727,66.86673
372.4701,16,5,EXOCENTRIC,seperating,EASY,test,99,100,0,1,1,0.99,0.995,0.9949749,13
393.1367,16,6,EXOCENTRIC,seperating,HARD,test,95,94,6,5,0.9405941,0.95,0.945,0.9452736,19.51666
446.9034,16,7,EXOCENTRIC,seperating,MEDIUM,test,95,97,3,5,0.9693878,0.95,0.96,0.9595959,52.66666
476.2201,16,8,EXOCENTRIC,seperating,EASY,test,99,100,0,1,1,0.99,0.995,0.9949749,28.11664
516.9868,16,9,EXOCENTRIC,seperating,HARD,test,100,87,13,0,0.8849558,1,0.935,0.9389672,39.68344
533.3535,16,10,EXOCENTRIC,seperating,EASY,test,100,100,0,0,1,1,1,1,15.08337
566.3868,16,11,EXOCENTRIC,seperating,MEDIUM,test,95,95,5,5,0.95,0.95,0.95,0.95,31.98334
643.9202,16,12,EXOCENTRIC,seperating,HARD,test,92,95,5,8,0.9484536,0.92,0.935,0.9340101,34.15002
672.0702,16,13,EXOCENTRIC,seperating,MEDIUM,test,100,99,1,0,0.990099,1,0.995,0.9950249,26.94995
689.3369,16,14,EXOCENTRIC,seperating,EASY,test,99,100,0,1,1,0.99,0.995,0.9949749,16.16669
728.6202,16,15,EXOCENTRIC,seperating,HARD,test,95,93,7,5,0.9313725,0.95,0.94,0.9405941,38.03339
754.3035,16,16,EXOCENTRIC,seperating,EASY,test,99,100,0,1,1,0.99,0.995,0.9949749,24.56659
776.0202,16,17,EXOCENTRIC,seperating,MEDIUM,test,99,97,3,1,0.9705882,0.99,0.98,0.980198,19.79987
812.3202,16,18,EXOCENTRIC,seperating,MEDIUM,test,98,97,3,2,0.970297,0.98,0.975,0.9751244,35.20001
892.7036,16,19,EGOCENTRIC,seperating,EASY,training,100,99,1,0,0.990099,1,0.995,0.9950249,18.3833
917.2869,16,20,EGOCENTRIC,seperating,EASY,training,100,97,3,0,0.9708738,1,0.985,0.9852216,23.00006
932.0869,16,21,EGOCENTRIC,seperating,MEDIUM,training,94,99,1,6,0.9894737,0.94,0.965,0.9641026,13.58331
977.887,16,22,EGOCENTRIC,seperating,HARD,test,96,96,4,4,0.96,0.96,0.96,0.96,34.75006
1017.67,16,23,EGOCENTRIC,seperating,HARD,test,88,96,4,12,0.9565217,0.88,0.92,0.9166667,38.35004
1049.654,16,24,EGOCENTRIC,seperating,MEDIUM,test,99,99,1,1,0.99,0.99,0.99,0.99,31.05005
1099.887,16,25,EGOCENTRIC,seperating,EASY,test,100,99,1,0,0.990099,1,0.995,0.9950249,49.34998
1121.487,16,26,EGOCENTRIC,seperating,EASY,test,99,100,0,1,1,0.99,0.995,0.9949749,20.25
1161.554,16,27,EGOCENTRIC,seperating,MEDIUM,test,97,98,2,3,0.979798,0.97,0.975,0.9748744,38.83337
1188.47,16,28,EGOCENTRIC,seperating,MEDIUM,test,99,97,3,1,0.9705882,0.99,0.98,0.980198,25.91663
1223.387,16,29,EGOCENTRIC,seperating,EASY,test,100,99,1,0,0.990099,1,0.995,0.9950249,33.6333
1281.704,16,30,EGOCENTRIC,seperating,HARD,test,88,96,4,12,0.9565217,0.88,0.92,0.9166667,36.4668
1298.337,16,31,EGOCENTRIC,seperating,HARD,test,99,81,19,1,0.8389831,0.99,0.9,0.9082569,15.78333
1309.687,16,32,EGOCENTRIC,seperating,EASY,test,100,100,0,0,1,1,1,1,10.40002
1338.27,16,33,EGOCENTRIC,seperating,MEDIUM,test,93,100,0,7,1,0.93,0.965,0.9637306,27.41675
1373.837,16,34,EGOCENTRIC,seperating,HARD,test,93,95,5,7,0.9489796,0.93,0.94,0.9393939,33.98328
1389.42,16,35,EGOCENTRIC,seperating,EASY,test,98,100,0,2,1,0.98,0.99,0.989899,14.34998
1414.237,16,36,EGOCENTRIC,seperating,MEDIUM,test,95,98,2,5,0.9793814,0.95,0.965,0.964467,23.69995
1508.37,16,37,EXOCENTRIC,denoising,EASY,training,95,141,9,5,0.9134616,0.95,0.944,0.9313726,61.05005
1549.32,16,38,EXOCENTRIC,denoising,EASY,training,93,147,3,7,0.96875,0.93,0.96,0.9489796,32.6333
1616.137,16,39,EXOCENTRIC,denoising,MEDIUM,training,97,382,18,3,0.8434783,0.97,0.958,0.9023256,63.71667
1674.904,16,40,EXOCENTRIC,denoising,MEDIUM,test,1,10,390,99,0.002557545,0.01,0.022,0.004073319,51.1167
1733.554,16,41,EXOCENTRIC,denoising,EASY,test,91,146,4,9,0.9578947,0.91,0.948,0.9333333,57.45007
1770.671,16,42,EXOCENTRIC,denoising,EASY,test,96,145,5,4,0.9504951,0.96,0.964,0.9552239,35.95007
1796.521,16,43,EXOCENTRIC,denoising,EASY,test,98,142,8,2,0.9245283,0.98,0.96,0.9514563,24.66675
1848.637,16,44,EXOCENTRIC,denoising,HARD,test,98,623,27,2,0.784,0.98,0.9613333,0.8711112,51.18335
1891.137,16,45,EXOCENTRIC,denoising,MEDIUM,test,92,388,12,8,0.8846154,0.92,0.96,0.9019608,40.98328
1947.771,16,46,EXOCENTRIC,denoising,HARD,test,94,629,21,6,0.8173913,0.94,0.964,0.8744186,55.43335
2010.921,16,47,EXOCENTRIC,denoising,HARD,test,98,638,12,2,0.8909091,0.98,0.9813333,0.9333333,61.93323
2071.287,16,48,EXOCENTRIC,denoising,EASY,test,97,143,7,3,0.9326923,0.97,0.96,0.9509804,22.71655
2121.371,16,49,EXOCENTRIC,denoising,MEDIUM,test,89,392,8,11,0.9175258,0.89,0.962,0.9035533,48.2666
2181.254,16,50,EXOCENTRIC,denoising,MEDIUM,test,96,385,15,4,0.8648649,0.96,0.962,0.9099526,58.9834
2235.837,16,51,EXOCENTRIC,denoising,HARD,test,90,635,15,10,0.8571429,0.9,0.9666666,0.8780488,53.3667
2299.071,16,52,EXOCENTRIC,denoising,HARD,test,95,632,18,5,0.840708,0.95,0.9693334,0.8920188,61.5
2340.071,16,53,EXOCENTRIC,denoising,MEDIUM,test,96,389,11,4,0.8971962,0.96,0.97,0.9275362,39.5166
2380.937,16,54,EXOCENTRIC,denoising,EASY,test,90,148,2,10,0.9782609,0.9,0.952,0.9375,39.61646
2436.904,16,55,EGOCENTRIC,denoising,EASY,training,97,143,7,3,0.9326923,0.97,0.96,0.9509804,45.6167
2484.704,16,56,EGOCENTRIC,denoising,EASY,training,98,144,6,2,0.9423077,0.98,0.968,0.9607843,34.2168
2514.887,16,57,EGOCENTRIC,denoising,MEDIUM,training,91,389,11,9,0.8921568,0.91,0.96,0.9009901,27.7666
2583.354,16,58,EGOCENTRIC,denoising,HARD,test,97,623,27,3,0.7822581,0.97,0.96,0.8660715,55.69995
2649.421,16,59,EGOCENTRIC,denoising,MEDIUM,test,95,381,19,5,0.8333333,0.95,0.952,0.8878505,64.98315
2695.221,16,60,EGOCENTRIC,denoising,EASY,test,89,148,2,11,0.978022,0.89,0.948,0.9319372,44.4165
2775.654,16,61,EGOCENTRIC,denoising,MEDIUM,test,91,389,11,9,0.8921568,0.91,0.96,0.9009901,79.2666
2813.754,16,62,EGOCENTRIC,denoising,EASY,test,96,148,2,4,0.9795918,0.96,0.976,0.9696969,37.1333
2890.571,16,63,EGOCENTRIC,denoising,HARD,test,90,636,14,10,0.8653846,0.9,0.968,0.8823529,75.6499
2974.738,16,64,EGOCENTRIC,denoising,HARD,test,91,636,14,9,0.8666667,0.91,0.9693334,0.8878049,82.78345
3014.121,16,65,EGOCENTRIC,denoising,HARD,test,92,634,16,8,0.8518519,0.92,0.968,0.8846154,38.0166
3105.954,16,66,EGOCENTRIC,denoising,MEDIUM,test,94,395,5,6,0.949495,0.94,0.978,0.9447237,70.2168
3158.638,16,67,EGOCENTRIC,denoising,EASY,test,94,143,7,6,0.9306931,0.94,0.948,0.9353234,51.8667
3218.571,16,68,EGOCENTRIC,denoising,HARD,test,87,632,18,13,0.8285714,0.87,0.9586667,0.8487805,58.6167
3269.238,16,69,EGOCENTRIC,denoising,EASY,test,92,144,6,8,0.9387755,0.92,0.944,0.9292929,49.84985
3323.288,16,70,EGOCENTRIC,denoising,MEDIUM,test,96,388,12,4,0.8888889,0.96,0.968,0.9230769,52.9834
3375.288,16,71,EGOCENTRIC,denoising,EASY,test,97,148,2,3,0.979798,0.97,0.98,0.9748744,50.08325
3443.588,16,72,EGOCENTRIC,denoising,MEDIUM,test,93,387,13,7,0.8773585,0.93,0.96,0.9029126,67.1167
129.0201,17,1,EXOCENTRIC,denoising,EASY,training,0,150,0,100,0,0,0.6,0,55.30003
255.2202,17,2,EXOCENTRIC,denoising,EASY,training,8,139,11,92,0.4210526,0.08,0.588,0.1344538,110.8001
478.6204,17,3,EXOCENTRIC,denoising,MEDIUM,training,83,396,4,17,0.954023,0.83,0.958,0.8877005,220.9335
889.704,17,4,EXOCENTRIC,denoising,HARD,test,52,649,1,48,0.9811321,0.52,0.9346667,0.6797386,388.267
1113.654,17,5,EXOCENTRIC,denoising,MEDIUM,test,64,397,3,36,0.9552239,0.64,0.922,0.766467,222.0334
1219.204,17,6,EXOCENTRIC,denoising,EASY,test,97,146,4,3,0.9603961,0.97,0.972,0.9651741,102.9833
1493.738,17,7,EXOCENTRIC,denoising,HARD,test,86,633,17,14,0.8349515,0.86,0.9586667,0.8472906,273.2002
1576.605,17,8,EXOCENTRIC,denoising,EASY,test,95,145,5,5,0.95,0.95,0.96,0.95,81.65015
1713.855,17,9,EXOCENTRIC,denoising,HARD,test,86,641,9,14,0.9052632,0.86,0.9693334,0.8820513,136.05
1784.038,17,10,EXOCENTRIC,denoising,EASY,test,90,146,4,10,0.9574468,0.9,0.944,0.927835,69.1001
1893.805,17,11,EXOCENTRIC,denoising,MEDIUM,test,91,396,4,9,0.9578947,0.91,0.974,0.9333333,108.7834
2118.122,17,12,EXOCENTRIC,denoising,EASY,test,94,142,8,6,0.9215686,0.94,0.944,0.930693,97.75
2201.022,17,13,EXOCENTRIC,denoising,MEDIUM,test,91,389,11,9,0.8921568,0.91,0.96,0.9009901,81.81665
2297.388,17,14,EXOCENTRIC,denoising,MEDIUM,test,84,389,11,16,0.8842105,0.84,0.946,0.8615385,95.4668
2411.905,17,15,EXOCENTRIC,denoising,HARD,test,92,628,22,8,0.8070176,0.92,0.96,0.8598131,113.5
2508.938,17,16,EXOCENTRIC,denoising,MEDIUM,test,93,394,6,7,0.9393939,0.93,0.974,0.9346734,96.5332
2571.605,17,17,EXOCENTRIC,denoising,EASY,test,90,149,1,10,0.989011,0.9,0.956,0.9424084,61.8999
2689.272,17,18,EXOCENTRIC,denoising,HARD,test,94,623,27,6,0.7768595,0.94,0.956,0.8506787,116.8335
2812.922,17,19,EGOCENTRIC,denoising,EASY,training,94,145,5,6,0.949495,0.94,0.956,0.9447237,105.9333
2907.422,17,20,EGOCENTRIC,denoising,EASY,training,99,138,12,1,0.8918919,0.99,0.948,0.9383886,91.3501
3046.406,17,21,EGOCENTRIC,denoising,MEDIUM,training,95,383,17,5,0.8482143,0.95,0.956,0.8962264,128.4668
3128.356,17,22,EGOCENTRIC,denoising,EASY,test,98,146,4,2,0.9607843,0.98,0.976,0.970297,69.1499
3203.689,17,23,EGOCENTRIC,denoising,MEDIUM,test,95,389,11,5,0.8962264,0.95,0.968,0.9223301,74
3297.939,17,24,EGOCENTRIC,denoising,HARD,test,97,631,19,3,0.8362069,0.97,0.9706666,0.8981482,93.41675
3382.289,17,25,EGOCENTRIC,denoising,HARD,test,96,624,26,4,0.7868853,0.96,0.96,0.8648648,83.5
3451.156,17,26,EGOCENTRIC,denoising,HARD,test,89,639,11,11,0.89,0.89,0.9706666,0.89,68.01685
3560.339,17,27,EGOCENTRIC,denoising,HARD,test,91,631,19,9,0.8272727,0.91,0.9626667,0.8666667,108.3167
3615.639,17,28,EGOCENTRIC,denoising,EASY,test,89,147,3,11,0.9673913,0.89,0.944,0.9270833,54.4165
3713.206,17,29,EGOCENTRIC,denoising,MEDIUM,test,93,389,11,7,0.8942308,0.93,0.964,0.9117647,96.63354
3943.14,17,30,EGOCENTRIC,denoising,MEDIUM,test,95,389,11,5,0.8962264,0.95,0.968,0.9223301,102.7168
3995.073,17,31,EGOCENTRIC,denoising,MEDIUM,test,96,385,15,4,0.8648649,0.96,0.962,0.9099526,51.2002
4111.14,17,32,EGOCENTRIC,denoising,EASY,test,90,144,6,10,0.9375,0.9,0.936,0.9183673,115.2498
4169.606,17,33,EGOCENTRIC,denoising,HARD,test,87,636,14,13,0.8613861,0.87,0.964,0.8656716,57.7998
4235.257,17,34,EGOCENTRIC,denoising,MEDIUM,test,95,388,12,5,0.8878505,0.95,0.966,0.9178744,65
4305.023,17,35,EGOCENTRIC,denoising,EASY,test,95,144,6,5,0.9405941,0.95,0.956,0.9452736,68.7334
4346.291,17,36,EGOCENTRIC,denoising,EASY,test,99,143,7,1,0.9339623,0.99,0.968,0.961165,40.50049
4417.474,17,37,EXOCENTRIC,seperating,EASY,training,98,98,2,2,0.98,0.98,0.98,0.98,26.75
4446.707,17,38,EXOCENTRIC,seperating,EASY,training,99,99,1,1,0.99,0.99,0.99,0.99,26.78369
4474.34,17,39,EXOCENTRIC,seperating,MEDIUM,training,100,98,2,0,0.9803922,1,0.99,0.990099,26.3501
4543.824,17,40,EXOCENTRIC,seperating,MEDIUM,test,96,99,1,4,0.9896907,0.96,0.975,0.9746193,66.3667
4557.207,17,41,EXOCENTRIC,seperating,MEDIUM,test,97,97,3,3,0.97,0.97,0.97,0.97,12.6333
4578.857,17,42,EXOCENTRIC,seperating,MEDIUM,test,99,98,2,1,0.980198,0.99,0.985,0.9850746,20.7832
4590.59,17,43,EXOCENTRIC,seperating,EASY,test,100,99,1,0,0.990099,1,0.995,0.9950249,10.9502
4616.74,17,44,EXOCENTRIC,seperating,MEDIUM,test,97,100,0,3,1,0.97,0.985,0.9847716,25.2334
4639.041,17,45,EXOCENTRIC,seperating,HARD,test,90,90,10,10,0.9,0.9,0.9,0.9,21.18359
4667.324,17,46,EXOCENTRIC,seperating,EASY,test,100,100,0,0,1,1,1,1,27.4502
4691.324,17,47,EXOCENTRIC,seperating,HARD,test,88,100,0,12,1,0.88,0.94,0.9361702,23.1499
4929.274,17,48,EXOCENTRIC,seperating,HARD,test,93,91,9,7,0.9117647,0.93,0.92,0.920792,34.25
4969.974,17,49,EXOCENTRIC,seperating,HARD,test,92,90,10,8,0.9019608,0.92,0.91,0.9108911,39.6001
4993.857,17,50,EXOCENTRIC,seperating,EASY,test,99,100,0,1,1,0.99,0.995,0.9949749,22.8501
5008.541,17,51,EXOCENTRIC,seperating,EASY,test,99,100,0,1,1,0.99,0.995,0.9949749,13.8833
5040.94,17,52,EXOCENTRIC,seperating,MEDIUM,test,100,93,7,0,0.9345794,1,0.965,0.9661836,31.73291
5076.124,17,53,EXOCENTRIC,seperating,HARD,test,91,95,5,9,0.9479167,0.91,0.93,0.9285715,34.4668
5099.891,17,54,EXOCENTRIC,seperating,EASY,test,99,100,0,1,1,0.99,0.995,0.9949749,23.1001
5155.191,17,55,EGOCENTRIC,seperating,EASY,training,100,97,3,0,0.9708738,1,0.985,0.9852216,44.65039
5182.857,17,56,EGOCENTRIC,seperating,EASY,training,100,97,3,0,0.9708738,1,0.985,0.9852216,25.5166
5212.824,17,57,EGOCENTRIC,seperating,MEDIUM,training,99,97,3,1,0.9705882,0.99,0.98,0.980198,28.66699
5224.141,17,58,EGOCENTRIC,seperating,EASY,test,98,100,0,2,1,0.98,0.99,0.989899,8.683105
5268.074,17,59,EGOCENTRIC,seperating,HARD,test,94,93,7,6,0.9306931,0.94,0.935,0.9353234,43.06689
5283.257,17,60,EGOCENTRIC,seperating,HARD,test,93,94,6,7,0.9393939,0.93,0.935,0.9346734,14.33301
5313.657,17,61,EGOCENTRIC,seperating,MEDIUM,test,96,98,2,4,0.9795918,0.96,0.97,0.9696969,29.48291
5343.274,17,62,EGOCENTRIC,seperating,HARD,test,92,97,3,8,0.968421,0.92,0.945,0.9435897,28.90039
5378.024,17,63,EGOCENTRIC,seperating,MEDIUM,test,95,98,2,5,0.9793814,0.95,0.965,0.964467,34.2168
5409.607,17,64,EGOCENTRIC,seperating,MEDIUM,test,98,96,4,2,0.9607843,0.98,0.97,0.970297,30.8999
5444.841,17,65,EGOCENTRIC,seperating,MEDIUM,test,97,99,1,3,0.9897959,0.97,0.98,0.979798,34.69971
5460.641,17,66,EGOCENTRIC,seperating,MEDIUM,test,99,97,3,1,0.9705882,0.99,0.98,0.980198,10.06689
5493.724,17,67,EGOCENTRIC,seperating,EASY,test,100,99,1,0,0.990099,1,0.995,0.9950249,32.19971
5503.875,17,68,EGOCENTRIC,seperating,EASY,test,100,100,0,0,1,1,1,1,9.350098
5532.475,17,69,EGOCENTRIC,seperating,HARD,test,91,92,8,9,0.9191919,0.91,0.915,0.9145729,27.91699
5540.641,17,70,EGOCENTRIC,seperating,EASY,test,100,97,3,0,0.9708738,1,0.985,0.9852216,7.583496
5595.924,17,71,EGOCENTRIC,seperating,HARD,test,84,100,0,16,1,0.84,0.92,0.9130435,54.5498
5616.024,17,72,EGOCENTRIC,seperating,EASY,test,99,100,0,1,1,0.99,0.995,0.9949749,19.5835
342.7531,18,1,EGOCENTRIC,seperating,EASY,training,100,100,0,0,1,1,1,1,243.2166
394.2864,18,2,EGOCENTRIC,seperating,EASY,training,98,96,4,2,0.9607843,0.98,0.97,0.970297,42.61664
468.7863,18,3,EGOCENTRIC,seperating,MEDIUM,training,94,99,1,6,0.9894737,0.94,0.965,0.9641026,72.86658
564.0197,18,4,EGOCENTRIC,seperating,HARD,test,89,96,4,11,0.9569892,0.89,0.925,0.9222798,86.81662
609.1363,18,5,EGOCENTRIC,seperating,EASY,test,90,100,0,10,1,0.9,0.95,0.9473684,42.74994
658.9196,18,6,EGOCENTRIC,seperating,HARD,test,79,100,0,21,1,0.79,0.895,0.8826816,48.53333
709.3529,18,7,EGOCENTRIC,seperating,MEDIUM,test,100,96,4,0,0.9615384,1,0.98,0.9803922,49.28333
841.4028,18,8,EGOCENTRIC,seperating,HARD,test,95,95,5,5,0.95,0.95,0.95,0.95,131.1499
867.1028,18,9,EGOCENTRIC,seperating,EASY,test,98,100,0,2,1,0.98,0.99,0.989899,24.8667
882.0694,18,10,EGOCENTRIC,seperating,EASY,test,100,99,1,0,0.990099,1,0.995,0.9950249,13.91656
907.7861,18,11,EGOCENTRIC,seperating,MEDIUM,test,100,96,4,0,0.9615384,1,0.98,0.9803922,24.8833
944.7527,18,12,EGOCENTRIC,seperating,EASY,test,98,100,0,2,1,0.98,0.99,0.989899,28.76666
1006.603,18,13,EGOCENTRIC,seperating,MEDIUM,test,97,95,5,3,0.9509804,0.97,0.96,0.960396,60.61664
1044.586,18,14,EGOCENTRIC,seperating,HARD,test,90,96,4,10,0.9574468,0.9,0.93,0.927835,36.90002
1066.186,18,15,EGOCENTRIC,seperating,EASY,test,98,99,1,2,0.989899,0.98,0.985,0.9849247,20.58337
1106.269,18,16,EGOCENTRIC,seperating,MEDIUM,test,88,99,1,12,0.988764,0.88,0.935,0.931217,39.08325
1166.136,18,17,EGOCENTRIC,seperating,MEDIUM,test,95,99,1,5,0.9895833,0.95,0.97,0.9693877,58.84998
1216.319,18,18,EGOCENTRIC,seperating,HARD,test,94,96,4,6,0.9591837,0.94,0.95,0.9494949,49.15002
1277.936,18,19,EXOCENTRIC,seperating,EASY,training,100,100,0,0,1,1,1,1,37.08337
1285.336,18,20,EXOCENTRIC,seperating,EASY,training,99,100,0,1,1,0.99,0.995,0.9949749,6.100098
1296.719,18,21,EXOCENTRIC,seperating,MEDIUM,training,90,100,0,10,1,0.9,0.95,0.9473684,10.40002
1309.269,18,22,EXOCENTRIC,seperating,EASY,test,98,99,1,2,0.989899,0.98,0.985,0.9849247,6.849976
1334.552,18,23,EXOCENTRIC,seperating,HARD,test,94,89,11,6,0.8952381,0.94,0.915,0.9170732,24.28333
1340.903,18,24,EXOCENTRIC,seperating,EASY,test,99,100,0,1,1,0.99,0.995,0.9949749,4.56665
1346.802,18,25,EXOCENTRIC,seperating,EASY,test,99,99,1,1,0.99,0.99,0.99,0.99,5
1369.486,18,26,EXOCENTRIC,seperating,HARD,test,94,89,11,6,0.8952381,0.94,0.915,0.9170732,21.6167
1381.886,18,27,EXOCENTRIC,seperating,MEDIUM,test,99,98,2,1,0.980198,0.99,0.985,0.9850746,11.36658
1405.319,18,28,EXOCENTRIC,seperating,HARD,test,89,93,7,11,0.9270833,0.89,0.91,0.9081632,22.40002
1412.052,18,29,EXOCENTRIC,seperating,EASY,test,99,100,0,1,1,0.99,0.995,0.9949749,5.81665
1420.936,18,30,EXOCENTRIC,seperating,MEDIUM,test,98,97,3,2,0.970297,0.98,0.975,0.9751244,5.983276
1432.203,18,31,EXOCENTRIC,seperating,HARD,test,94,92,8,6,0.9215686,0.94,0.93,0.930693,10.3501
1559.652,18,32,EXOCENTRIC,seperating,HARD,test,93,84,16,7,0.853211,0.93,0.885,0.8899521,126.5333
1571.419,18,33,EXOCENTRIC,seperating,MEDIUM,test,97,96,4,3,0.9603961,0.97,0.965,0.9651741,10.5
1592.569,18,34,EXOCENTRIC,seperating,MEDIUM,test,98,96,4,2,0.9607843,0.98,0.97,0.970297,20.3667
1602.969,18,35,EXOCENTRIC,seperating,EASY,test,98,100,0,2,1,0.98,0.99,0.989899,9.650024
1618.952,18,36,EXOCENTRIC,seperating,MEDIUM,test,97,96,4,3,0.9603961,0.97,0.965,0.9651741,15.34998
1715.252,18,37,EGOCENTRIC,denoising,EASY,training,97,132,18,3,0.8434783,0.97,0.916,0.9023256,70.83325
1770.502,18,38,EGOCENTRIC,denoising,EASY,training,99,135,15,1,0.8684211,0.99,0.936,0.9252337,45.81665
1821.769,18,39,EGOCENTRIC,denoising,MEDIUM,training,100,224,176,0,0.3623188,1,0.648,0.5319149,37.81665
2008.635,18,40,EGOCENTRIC,denoising,HARD,test,96,551,99,4,0.4923077,0.96,0.8626667,0.6508474,116.6167
2054.902,18,41,EGOCENTRIC,denoising,HARD,test,93,535,115,7,0.4471154,0.93,0.8373333,0.6038961,44.80005
2078.602,18,42,EGOCENTRIC,denoising,MEDIUM,test,86,355,45,14,0.6564885,0.86,0.882,0.7445887,22.6167
2092.785,18,43,EGOCENTRIC,denoising,EASY,test,95,125,25,5,0.7916667,0.95,0.88,0.8636364,13.3501
2109.235,18,44,EGOCENTRIC,denoising,EASY,test,92,129,21,8,0.8141593,0.92,0.884,0.8638498,13.34985
2130.202,18,45,EGOCENTRIC,denoising,HARD,test,96,534,116,4,0.4528302,0.96,0.84,0.6153846,20.2002
2156.735,18,46,EGOCENTRIC,denoising,MEDIUM,test,99,287,113,1,0.4669811,0.99,0.772,0.6346154,25.8999
2168.419,18,47,EGOCENTRIC,denoising,EASY,test,98,129,21,2,0.8235294,0.98,0.908,0.8949772,10.4834
2200.602,18,48,EGOCENTRIC,denoising,HARD,test,90,570,80,10,0.5294118,0.9,0.88,0.6666667,29.3999
2220.569,18,49,EGOCENTRIC,denoising,MEDIUM,test,92,325,75,8,0.5508982,0.92,0.834,0.6891386,19.1499
2243.919,18,50,EGOCENTRIC,denoising,HARD,test,92,566,84,8,0.5227273,0.92,0.8773333,0.6666666,22.76685
2258.469,18,51,EGOCENTRIC,denoising,EASY,test,99,116,34,1,0.7443609,0.99,0.86,0.8497854,14.11646
2274.485,18,52,EGOCENTRIC,denoising,MEDIUM,test,83,333,67,17,0.5533333,0.83,0.832,0.664,15.0835
2295.952,18,53,EGOCENTRIC,denoising,MEDIUM,test,98,335,65,2,0.601227,0.98,0.866,0.7452471,20.59985
2314.952,18,54,EGOCENTRIC,denoising,EASY,test,99,104,46,1,0.6827586,0.99,0.812,0.8081633,18.5
2376.852,18,55,EXOCENTRIC,denoising,EASY,training,97,145,5,3,0.9509804,0.97,0.968,0.960396,45.68335
2403.619,18,56,EXOCENTRIC,denoising,EASY,training,100,140,10,0,0.9090909,1,0.96,0.952381,23.66675
2458.602,18,57,EXOCENTRIC,denoising,MEDIUM,training,100,362,38,0,0.7246377,1,0.924,0.8403361,43.3667
2474.035,18,58,EXOCENTRIC,denoising,MEDIUM,test,98,349,51,2,0.6577181,0.98,0.894,0.7871486,3.81665
2483.602,18,59,EXOCENTRIC,denoising,MEDIUM,test,96,383,17,4,0.8495575,0.96,0.958,0.9014085,8.68335
2505.402,18,60,EXOCENTRIC,denoising,EASY,test,100,133,17,0,0.8547009,1,0.932,0.921659,21.06665
2538.752,18,61,EXOCENTRIC,denoising,HARD,test,96,610,40,4,0.7058824,0.96,0.9413334,0.8135594,32.8999
2552.052,18,62,EXOCENTRIC,denoising,MEDIUM,test,93,388,12,7,0.8857143,0.93,0.962,0.907317,12.6665
2571.185,18,63,EXOCENTRIC,denoising,MEDIUM,test,99,373,27,1,0.7857143,0.99,0.944,0.8761062,18.6665
2578.835,18,64,EXOCENTRIC,denoising,EASY,test,99,139,11,1,0.9,0.99,0.952,0.9428571,6.983398
2590.002,18,65,EXOCENTRIC,denoising,EASY,test,99,137,13,1,0.8839286,0.99,0.944,0.9339623,10.3999
2613.852,18,66,EXOCENTRIC,denoising,HARD,test,94,594,56,6,0.6266667,0.94,0.9173333,0.752,21.9834
2639.902,18,67,EXOCENTRIC,denoising,HARD,test,88,627,23,12,0.7927928,0.88,0.9533333,0.8341232,25.06641
2658.385,18,68,EXOCENTRIC,denoising,HARD,test,93,629,21,7,0.8157895,0.93,0.9626667,0.8691589,17.75
2669.268,18,69,EXOCENTRIC,denoising,EASY,test,95,140,10,5,0.9047619,0.95,0.94,0.9268293,10.3999
2691.085,18,70,EXOCENTRIC,denoising,MEDIUM,test,94,367,33,6,0.7401575,0.94,0.922,0.8281938,19.61646
2701.485,18,71,EXOCENTRIC,denoising,HARD,test,95,626,24,5,0.7983193,0.95,0.9613333,0.8675799,9.616455
2711.352,18,72,EXOCENTRIC,denoising,EASY,test,96,146,4,4,0.96,0.96,0.968,0.96,9.283447
210.6033,19,1,EGOCENTRIC,denoising,EASY,training,99,131,19,1,0.8389831,0.99,0.92,0.9082569,176.8832
348.3365,19,2,EGOCENTRIC,denoising,EASY,training,95,143,7,5,0.9313725,0.95,0.952,0.9405941,130.1499
456.1198,19,3,EGOCENTRIC,denoising,MEDIUM,training,97,380,20,3,0.8290598,0.97,0.954,0.8940092,100.4166
805.9362,19,4,EGOCENTRIC,denoising,MEDIUM,test,72,391,9,28,0.8888889,0.72,0.926,0.7955801,333.7665
1033.336,19,5,EGOCENTRIC,denoising,MEDIUM,test,92,387,13,8,0.8761905,0.92,0.958,0.897561,224.4832
1264.553,19,6,EGOCENTRIC,denoising,HARD,test,87,646,4,13,0.956044,0.87,0.9773333,0.9109948,229.9498
1384.703,19,7,EGOCENTRIC,denoising,EASY,test,97,141,9,3,0.9150943,0.97,0.952,0.9417475,118.65
1612.486,19,8,EGOCENTRIC,denoising,HARD,test,78,642,8,22,0.9069768,0.78,0.96,0.8387097,226.2999
1769.786,19,9,EGOCENTRIC,denoising,EASY,test,90,146,4,10,0.9574468,0.9,0.944,0.927835,156.2999
1998.052,19,10,EGOCENTRIC,denoising,HARD,test,88,637,13,12,0.8712871,0.88,0.9666666,0.8756219,226.3331
2106.885,19,11,EGOCENTRIC,denoising,MEDIUM,test,97,390,10,3,0.9065421,0.97,0.974,0.9371981,107.3667
2313.685,19,12,EGOCENTRIC,denoising,MEDIUM,test,84,392,8,16,0.9130435,0.84,0.952,0.875,177.1831
2687.768,19,13,EGOCENTRIC,denoising,HARD,test,64,644,6,36,0.9142857,0.64,0.944,0.7529411,372.4163
2754.218,19,14,EGOCENTRIC,denoising,HARD,test,94,634,16,6,0.8545455,0.94,0.9706666,0.8952382,65.19995
2814.802,19,15,EGOCENTRIC,denoising,EASY,test,92,146,4,8,0.9583333,0.92,0.952,0.9387755,59.4668
2915.252,19,16,EGOCENTRIC,denoising,MEDIUM,test,93,392,8,7,0.9207921,0.93,0.97,0.9253731,99.53345
3070.718,19,17,EGOCENTRIC,denoising,EASY,test,74,148,2,26,0.9736842,0.74,0.888,0.8409091,154.283
3137.052,19,18,EGOCENTRIC,denoising,EASY,test,83,146,4,17,0.954023,0.83,0.916,0.8877005,64.91675
3227.318,19,19,EXOCENTRIC,denoising,EASY,training,94,146,4,6,0.9591837,0.94,0.96,0.9494949,65.56665
3270.485,19,20,EXOCENTRIC,denoising,EASY,training,81,149,1,19,0.9878049,0.81,0.92,0.8901099,36.7832
3293.868,19,21,EXOCENTRIC,denoising,MEDIUM,training,91,390,10,9,0.9009901,0.91,0.962,0.9054727,20.7832
3375.101,19,22,EXOCENTRIC,denoising,MEDIUM,test,91,396,4,9,0.9578947,0.91,0.974,0.9333333,71.81665
3395.601,19,23,EXOCENTRIC,denoising,EASY,test,79,149,1,21,0.9875,0.79,0.912,0.8777778,19.13281
3458.101,19,24,EXOCENTRIC,denoising,MEDIUM,test,67,394,6,33,0.9178082,0.67,0.922,0.7745665,61.7666
3477.468,19,25,EXOCENTRIC,denoising,HARD,test,88,635,15,12,0.8543689,0.88,0.964,0.8669951,18.4834
3510.001,19,26,EXOCENTRIC,denoising,MEDIUM,test,80,394,6,20,0.9302326,0.8,0.948,0.8602151,31.68335
3532.601,19,27,EXOCENTRIC,denoising,MEDIUM,test,92,389,11,8,0.8932039,0.92,0.962,0.906404,21.7998
3557.218,19,28,EXOCENTRIC,denoising,HARD,test,74,646,4,26,0.948718,0.74,0.96,0.8314607,23.6665
3583.135,19,29,EXOCENTRIC,denoising,MEDIUM,test,77,397,3,23,0.9625,0.77,0.948,0.8555555,24.81665
3630.801,19,30,EXOCENTRIC,denoising,EASY,test,88,149,1,12,0.988764,0.88,0.948,0.931217,29.06689
3679.401,19,31,EXOCENTRIC,denoising,HARD,test,81,640,10,19,0.8901099,0.81,0.9613333,0.8481675,47.2832
3735.868,19,32,EXOCENTRIC,denoising,HARD,test,84,636,14,16,0.8571429,0.84,0.96,0.8484848,55.2666
3769.401,19,33,EXOCENTRIC,denoising,EASY,test,95,146,4,5,0.959596,0.95,0.964,0.9547738,32.3501
3797.534,19,34,EXOCENTRIC,denoising,EASY,test,87,147,3,13,0.9666666,0.87,0.936,0.9157895,26.53345
3834.684,19,35,EXOCENTRIC,denoising,EASY,test,87,148,2,13,0.9775281,0.87,0.94,0.9206349,36.05005
3894.201,19,36,EXOCENTRIC,denoising,HARD,test,91,637,13,9,0.875,0.91,0.9706666,0.8921568,58.11646
4012.401,19,37,EGOCENTRIC,seperating,EASY,training,91,100,0,9,1,0.91,0.955,0.9528795,106.3167
4052.284,19,38,EGOCENTRIC,seperating,EASY,training,99,100,0,1,1,0.99,0.995,0.9949749,35.5498
4114.801,19,39,EGOCENTRIC,seperating,MEDIUM,training,100,98,2,0,0.9803922,1,0.99,0.990099,59.86646
4172.451,19,40,EGOCENTRIC,seperating,EASY,test,97,100,0,3,1,0.97,0.985,0.9847716,49.2832
4248.234,19,41,EGOCENTRIC,seperating,MEDIUM,test,92,99,1,8,0.9892473,0.92,0.955,0.9533679,74.86621
4352.367,19,42,EGOCENTRIC,seperating,HARD,test,82,97,3,18,0.9647059,0.82,0.895,0.8864865,103.2163
4457.634,19,43,EGOCENTRIC,seperating,MEDIUM,test,93,98,2,7,0.9789473,0.93,0.955,0.9538462,104.3999
4495.717,19,44,EGOCENTRIC,seperating,EASY,test,99,100,0,1,1,0.99,0.995,0.9949749,36.8833
4614.167,19,45,EGOCENTRIC,seperating,MEDIUM,test,93,100,0,7,1,0.93,0.965,0.9637306,117.6167
4667.601,19,46,EGOCENTRIC,seperating,MEDIUM,test,94,99,1,6,0.9894737,0.94,0.965,0.9641026,52.6333
4814.284,19,47,EGOCENTRIC,seperating,HARD,test,76,99,1,24,0.987013,0.76,0.875,0.8587571,145.6333
4842.15,19,48,EGOCENTRIC,seperating,EASY,test,98,100,0,2,1,0.98,0.99,0.989899,23.86621
4918.15,19,49,EGOCENTRIC,seperating,HARD,test,89,94,6,11,0.9368421,0.89,0.915,0.9128205,75.0332
4950.25,19,50,EGOCENTRIC,seperating,EASY,test,98,100,0,2,1,0.98,0.99,0.989899,31.2666
4990.983,19,51,EGOCENTRIC,seperating,MEDIUM,test,99,92,8,1,0.9252337,0.99,0.955,0.9565218,39.69971
5026,19,52,EGOCENTRIC,seperating,EASY,test,100,100,0,0,1,1,1,1,33.5
5069.6,19,53,EGOCENTRIC,seperating,HARD,test,98,87,13,2,0.8828829,0.98,0.925,0.92891,42.69971
5108.667,19,54,EGOCENTRIC,seperating,HARD,test,91,96,4,9,0.9578947,0.91,0.935,0.9333333,38.0166
5142.134,19,55,EXOCENTRIC,seperating,EASY,training,99,99,1,1,0.99,0.99,0.99,0.99,21.7334
5169.9,19,56,EXOCENTRIC,seperating,EASY,training,100,99,1,0,0.990099,1,0.995,0.9950249,26.5835
5211.917,19,57,EXOCENTRIC,seperating,MEDIUM,training,99,98,2,1,0.980198,0.99,0.985,0.9850746,36
5255.95,19,58,EXOCENTRIC,seperating,HARD,test,87,91,9,13,0.90625,0.87,0.89,0.8877551,41.6499
5300.1,19,59,EXOCENTRIC,seperating,HARD,test,97,84,16,3,0.8584071,0.97,0.905,0.9107982,42.7334
5333.967,19,60,EXOCENTRIC,seperating,EASY,test,99,99,1,1,0.99,0.99,0.99,0.99,33.3667
5344.167,19,61,EXOCENTRIC,seperating,MEDIUM,test,97,98,2,3,0.979798,0.97,0.975,0.9748744,9.433594
5395.434,19,62,EXOCENTRIC,seperating,HARD,test,95,88,12,5,0.8878505,0.95,0.915,0.9178744,50.5
5410.167,19,63,EXOCENTRIC,seperating,MEDIUM,test,97,100,0,3,1,0.97,0.985,0.9847716,13.75
5454.5,19,64,EXOCENTRIC,seperating,HARD,test,92,95,5,8,0.9484536,0.92,0.935,0.9340101,43.5166
5469.767,19,65,EXOCENTRIC,seperating,EASY,test,100,98,2,0,0.9803922,1,0.99,0.990099,14.58301
5485.667,19,66,EXOCENTRIC,seperating,EASY,test,100,99,1,0,0.990099,1,0.995,0.9950249,13.09961
5503.667,19,67,EXOCENTRIC,seperating,HARD,test,77,99,1,23,0.9871795,0.77,0.88,0.8651685,17.2832
5520.267,19,68,EXOCENTRIC,seperating,EASY,test,100,100,0,0,1,1,1,1,15.81641
5559.483,19,69,EXOCENTRIC,seperating,MEDIUM,test,95,100,0,5,1,0.95,0.975,0.9743589,38.1001
5580.233,19,70,EXOCENTRIC,seperating,EASY,test,98,100,0,2,1,0.98,0.99,0.989899,19.6333
5607.633,19,71,EXOCENTRIC,seperating,MEDIUM,test,100,99,1,0,0.990099,1,0.995,0.9950249,26.5835
5633.5,19,72,EXOCENTRIC,seperating,MEDIUM,test,98,99,1,2,0.989899,0.98,0.985,0.9849247,24.7168
